entry_num,timestamp,source_url,selected,selected_role,selected_rank,selected_region,selected_platform,selected_gamemode,hero_id,hero_name,pickrate,winrate,role,pull_datetime_utc,pull_date
0,2025-08-29 14:38:52.780749083,https://overwatch.blizzard.com/en-us/rates/data/?map=all-maps&role=All&rq=0&input=Console&region=Americas&tier=All,"{'map': 'all-maps', 'role': 'All', 'rq': '0', 'input': 'Console', 'region': 'Americas', 'tier': 'All'}",All,,Americas,,,ana,Ana,14.5,44.4,SUPPORT,2026-05-16 15:18:25.728179+00:00,2026_05_16
0,2025-08-29 14:38:52.780749083,https://overwatch.blizzard.com/en-us/rates/data/?map=all-maps&role=All&rq=0&input=Console&region=Americas&tier=All,"{'map': 'all-maps', 'role': 'All', 'rq': '0', 'input': 'Console', 'region': 'Americas', 'tier': 'All'}",All,,Americas,,,ashe,Ashe,16.7,50.4,DAMAGE,2026-05-16 15:18:25.728179+00:00,2026_05_16
0,2025-08-29 14:38:52.780749083,https://overwatch.blizzard.com/en-us/rates/data/?map=all-maps&role=All&rq=0&input=Console&region=Americas&tier=All,"{'map': 'all-maps', 'role': 'All', 'rq': '0', 'input': 'Console', 'region': 'Americas', 'tier': 'All'}",All,,Americas,,,baptiste,Baptiste,5.7,47.6,SUPPORT,2026-05-16 15:18:25.728179+00:00,2026_05_16
0,2025-08-29 14:38:52.780749083,https://overwatch.blizzard.com/en-us/rates/data/?map=all-maps&role=All&rq=0&input=Console&region=Americas&tier=All,"{'map': 'all-maps', 'role': 'All', 'rq': '0', 'input': 'Console', 'region': 'Americas', 'tier': 'All'}",All,,Americas,,,bastion,Bastion,12.3,49.7,DAMAGE,2026-05-16 15:18:25.728179+00:00,2026_05_16
0,2025-08-29 14:38:52.780749083,https://overwatch.blizzard.com/en-us/rates/data/?map=all-maps&role=All&rq=0&input=Console&region=Americas&tier=All,"{'map': 'all-maps', 'role': 'All', 'rq': '0', 'input': 'Console', 'region': 'Americas', 'tier': 'All'}",All,,Americas,,,brigitte,Brigitte,4.9,52.3,SUPPORT,2026-05-16 15:18:25.728179+00:00,2026_05_16
0,2025-08-29 14:38:52.780749083,https://overwatch.blizzard.com/en-us/rates/data/?map=all-maps&role=All&rq=0&input=Console&region=Americas&tier=All,"{'map': 'all-maps', 'role': 'All', 'rq': '0', 'input': 'Console', 'region': 'Americas', 'tier': 'All'}",All,,Americas,,,cassidy,Cassidy,28.6,48.4,DAMAGE,2026-05-16 15:18:25.728179+00:00,2026_05_16
0,2025-08-29 14:38:52.780749083,https://overwatch.blizzard.com/en-us/rates/data/?map=all-maps&role=All&rq=0&input=Console&region=Americas&tier=All,"{'map': 'all-maps', 'role': 'All', 'rq': '0', 'input': 'Console', 'region': 'Americas', 'tier': 'All'}",All,,Americas,,,dva,D.Va,18.8,49.9,TANK,2026-05-16 15:18:25.728179+00:00,2026_05_16
0,2025-08-29 14:38:52.780749083,https://overwatch.blizzard.com/en-us/rates/data/?map=all-maps&role=All&rq=0&input=Console&region=Americas&tier=All,"{'map': 'all-maps', 'role': 'All', 'rq': '0', 'input': 'Console', 'region': 'Americas', 'tier': 'All'}",All,,Americas,,,doomfist,Doomfist,7.3,51.8,TANK,2026-05-16 15:18:25.728179+00:00,2026_05_16
0,2025-08-29 14:38:52.780749083,https://overwatch.blizzard.com/en-us/rates/data/?map=all-maps&role=All&rq=0&input=Console&region=Americas&tier=All,"{'map': 'all-maps', 'role': 'All', 'rq': '0', 'input': 'Console', 'region': 'Americas', 'tier': 'All'}",All,,Americas,,,echo,Echo,6.4,48.2,DAMAGE,2026-05-16 15:18:25.728179+00:00,2026_05_16
0,2025-08-29 14:38:52.780749083,https://overwatch.blizzard.com/en-us/rates/data/?map=all-maps&role=All&rq=0&input=Console&region=Americas&tier=All,"{'map': 'all-maps', 'role': 'All', 'rq': '0', 'input': 'Console', 'region': 'Americas', 'tier': 'All'}",All,,Americas,,,freja,Freja,6.1,42.5,DAMAGE,2026-05-16 15:18:25.728179+00:00,2026_05_16
0,2025-08-29 14:38:52.780749083,https://overwatch.blizzard.com/en-us/rates/data/?map=all-maps&role=All&rq=0&input=Console&region=Americas&tier=All,"{'map': 'all-maps', 'role': 'All', 'rq': '0', 'input': 'Console', 'region': 'Americas', 'tier': 'All'}",All,,Americas,,,genji,Genji,12.5,51.4,DAMAGE,2026-05-16 15:18:25.728179+00:00,2026_05_16
0,2025-08-29 14:38:52.780749083,https://overwatch.blizzard.com/en-us/rates/data/?map=all-maps&role=All&rq=0&input=Console&region=Americas&tier=All,"{'map': 'all-maps', 'role': 'All', 'rq': '0', 'input': 'Console', 'region': 'Americas', 'tier': 'All'}",All,,Americas,,,hanzo,Hanzo,11.2,50.4,DAMAGE,2026-05-16 15:18:25.728179+00:00,2026_05_16
0,2025-08-29 14:38:52.780749083,https://overwatch.blizzard.com/en-us/rates/data/?map=all-maps&role=All&rq=0&input=Console&region=Americas&tier=All,"{'map': 'all-maps', 'role': 'All', 'rq': '0', 'input': 'Console', 'region': 'Americas', 'tier': 'All'}",All,,Americas,,,hazard,Hazard,3.4,49.6,TANK,2026-05-16 15:18:25.728179+00:00,2026_05_16
0,2025-08-29 14:38:52.780749083,https://overwatch.blizzard.com/en-us/rates/data/?map=all-maps&role=All&rq=0&input=Console&region=Americas&tier=All,"{'map': 'all-maps', 'role': 'All', 'rq': '0', 'input': 'Console', 'region': 'Americas', 'tier': 'All'}",All,,Americas,,,illari,Illari,8.0,52.9,SUPPORT,2026-05-16 15:18:25.728179+00:00,2026_05_16
0,2025-08-29 14:38:52.780749083,https://overwatch.blizzard.com/en-us/rates/data/?map=all-maps&role=All&rq=0&input=Console&region=Americas&tier=All,"{'map': 'all-maps', 'role': 'All', 'rq': '0', 'input': 'Console', 'region': 'Americas', 'tier': 'All'}",All,,Americas,,,junker-queen,Junker Queen,7.5,56.3,TANK,2026-05-16 15:18:25.728179+00:00,2026_05_16
0,2025-08-29 14:38:52.780749083,https://overwatch.blizzard.com/en-us/rates/data/?map=all-maps&role=All&rq=0&input=Console&region=Americas&tier=All,"{'map': 'all-maps', 'role': 'All', 'rq': '0', 'input': 'Console', 'region': 'Americas', 'tier': 'All'}",All,,Americas,,,junkrat,Junkrat,10.5,49.9,DAMAGE,2026-05-16 15:18:25.728179+00:00,2026_05_16
0,2025-08-29 14:38:52.780749083,https://overwatch.blizzard.com/en-us/rates/data/?map=all-maps&role=All&rq=0&input=Console&region=Americas&tier=All,"{'map': 'all-maps', 'role': 'All', 'rq': '0', 'input': 'Console', 'region': 'Americas', 'tier': 'All'}",All,,Americas,,,juno,Juno,12.9,49.0,SUPPORT,2026-05-16 15:18:25.728179+00:00,2026_05_16
0,2025-08-29 14:38:52.780749083,https://overwatch.blizzard.com/en-us/rates/data/?map=all-maps&role=All&rq=0&input=Console&region=Americas&tier=All,"{'map': 'all-maps', 'role': 'All', 'rq': '0', 'input': 'Console', 'region': 'Americas', 'tier': 'All'}",All,,Americas,,,kiriko,Kiriko,15.6,45.8,SUPPORT,2026-05-16 15:18:25.728179+00:00,2026_05_16
0,2025-08-29 14:38:52.780749083,https://overwatch.blizzard.com/en-us/rates/data/?map=all-maps&role=All&rq=0&input=Console&region=Americas&tier=All,"{'map': 'all-maps', 'role': 'All', 'rq': '0', 'input': 'Console', 'region': 'Americas', 'tier': 'All'}",All,,Americas,,,lifeweaver,Lifeweaver,13.2,44.7,SUPPORT,2026-05-16 15:18:25.728179+00:00,2026_05_16
0,2025-08-29 14:38:52.780749083,https://overwatch.blizzard.com/en-us/rates/data/?map=all-maps&role=All&rq=0&input=Console&region=Americas&tier=All,"{'map': 'all-maps', 'role': 'All', 'rq': '0', 'input': 'Console', 'region': 'Americas', 'tier': 'All'}",All,,Americas,,,lucio,Lúcio,9.8,57.0,SUPPORT,2026-05-16 15:18:25.728179+00:00,2026_05_16
0,2025-08-29 14:38:52.780749083,https://overwatch.blizzard.com/en-us/rates/data/?map=all-maps&role=All&rq=0&input=Console&region=Americas&tier=All,"{'map': 'all-maps', 'role': 'All', 'rq': '0', 'input': 'Console', 'region': 'Americas', 'tier': 'All'}",All,,Americas,,,mauga,Mauga,5.5,50.7,TANK,2026-05-16 15:18:25.728179+00:00,2026_05_16
0,2025-08-29 14:38:52.780749083,https://overwatch.blizzard.com/en-us/rates/data/?map=all-maps&role=All&rq=0&input=Console&region=Americas&tier=All,"{'map': 'all-maps', 'role': 'All', 'rq': '0', 'input': 'Console', 'region': 'Americas', 'tier': 'All'}",All,,Americas,,,mei,Mei,7.9,51.1,DAMAGE,2026-05-16 15:18:25.728179+00:00,2026_05_16
0,2025-08-29 14:38:52.780749083,https://overwatch.blizzard.com/en-us/rates/data/?map=all-maps&role=All&rq=0&input=Console&region=Americas&tier=All,"{'map': 'all-maps', 'role': 'All', 'rq': '0', 'input': 'Console', 'region': 'Americas', 'tier': 'All'}",All,,Americas,,,mercy,Mercy,33.3,50.2,SUPPORT,2026-05-16 15:18:25.728179+00:00,2026_05_16
0,2025-08-29 14:38:52.780749083,https://overwatch.blizzard.com/en-us/rates/data/?map=all-maps&role=All&rq=0&input=Console&region=Americas&tier=All,"{'map': 'all-maps', 'role': 'All', 'rq': '0', 'input': 'Console', 'region': 'Americas', 'tier': 'All'}",All,,Americas,,,moira,Moira,19.0,48.5,SUPPORT,2026-05-16 15:18:25.728179+00:00,2026_05_16
0,2025-08-29 14:38:52.780749083,https://overwatch.blizzard.com/en-us/rates/data/?map=all-maps&role=All&rq=0&input=Console&region=Americas&tier=All,"{'map': 'all-maps', 'role': 'All', 'rq': '0', 'input': 'Console', 'region': 'Americas', 'tier': 'All'}",All,,Americas,,,orisa,Orisa,11.7,45.9,TANK,2026-05-16 15:18:25.728179+00:00,2026_05_16
0,2025-08-29 14:38:52.780749083,https://overwatch.blizzard.com/en-us/rates/data/?map=all-maps&role=All&rq=0&input=Console&region=Americas&tier=All,"{'map': 'all-maps', 'role': 'All', 'rq': '0', 'input': 'Console', 'region': 'Americas', 'tier': 'All'}",All,,Americas,,,pharah,Pharah,3.7,48.7,DAMAGE,2026-05-16 15:18:25.728179+00:00,2026_05_16
0,2025-08-29 14:38:52.780749083,https://overwatch.blizzard.com/en-us/rates/data/?map=all-maps&role=All&rq=0&input=Console&region=Americas&tier=All,"{'map': 'all-maps', 'role': 'All', 'rq': '0', 'input': 'Console', 'region': 'Americas', 'tier': 'All'}",All,,Americas,,,ramattra,Ramattra,9.1,49.1,TANK,2026-05-16 15:18:25.728179+00:00,2026_05_16
0,2025-08-29 14:38:52.780749083,https://overwatch.blizzard.com/en-us/rates/data/?map=all-maps&role=All&rq=0&input=Console&region=Americas&tier=All,"{'map': 'all-maps', 'role': 'All', 'rq': '0', 'input': 'Console', 'region': 'Americas', 'tier': 'All'}",All,,Americas,,,reaper,Reaper,11.9,56.6,DAMAGE,2026-05-16 15:18:25.728179+00:00,2026_05_16
0,2025-08-29 14:38:52.780749083,https://overwatch.blizzard.com/en-us/rates/data/?map=all-maps&role=All&rq=0&input=Console&region=Americas&tier=All,"{'map': 'all-maps', 'role': 'All', 'rq': '0', 'input': 'Console', 'region': 'Americas', 'tier': 'All'}",All,,Americas,,,reinhardt,Reinhardt,12.4,56.2,TANK,2026-05-16 15:18:25.728179+00:00,2026_05_16
0,2025-08-29 14:38:52.780749083,https://overwatch.blizzard.com/en-us/rates/data/?map=all-maps&role=All&rq=0&input=Console&region=Americas&tier=All,"{'map': 'all-maps', 'role': 'All', 'rq': '0', 'input': 'Console', 'region': 'Americas', 'tier': 'All'}",All,,Americas,,,roadhog,Roadhog,8.1,37.9,TANK,2026-05-16 15:18:25.728179+00:00,2026_05_16
0,2025-08-29 14:38:52.780749083,https://overwatch.blizzard.com/en-us/rates/data/?map=all-maps&role=All&rq=0&input=Console&region=Americas&tier=All,"{'map': 'all-maps', 'role': 'All', 'rq': '0', 'input': 'Console', 'region': 'Americas', 'tier': 'All'}",All,,Americas,,,sigma,Sigma,6.8,52.1,TANK,2026-05-16 15:18:25.728179+00:00,2026_05_16
0,2025-08-29 14:38:52.780749083,https://overwatch.blizzard.com/en-us/rates/data/?map=all-maps&role=All&rq=0&input=Console&region=Americas&tier=All,"{'map': 'all-maps', 'role': 'All', 'rq': '0', 'input': 'Console', 'region': 'Americas', 'tier': 'All'}",All,,Americas,,,sojourn,Sojourn,12.8,45.7,DAMAGE,2026-05-16 15:18:25.728179+00:00,2026_05_16
0,2025-08-29 14:38:52.780749083,https://overwatch.blizzard.com/en-us/rates/data/?map=all-maps&role=All&rq=0&input=Console&region=Americas&tier=All,"{'map': 'all-maps', 'role': 'All', 'rq': '0', 'input': 'Console', 'region': 'Americas', 'tier': 'All'}",All,,Americas,,,soldier-76,Soldier: 76,15.3,50.4,DAMAGE,2026-05-16 15:18:25.728179+00:00,2026_05_16
0,2025-08-29 14:38:52.780749083,https://overwatch.blizzard.com/en-us/rates/data/?map=all-maps&role=All&rq=0&input=Console&region=Americas&tier=All,"{'map': 'all-maps', 'role': 'All', 'rq': '0', 'input': 'Console', 'region': 'Americas', 'tier': 'All'}",All,,Americas,,,sombra,Sombra,9.7,48.4,DAMAGE,2026-05-16 15:18:25.728179+00:00,2026_05_16
0,2025-08-29 14:38:52.780749083,https://overwatch.blizzard.com/en-us/rates/data/?map=all-maps&role=All&rq=0&input=Console&region=Americas&tier=All,"{'map': 'all-maps', 'role': 'All', 'rq': '0', 'input': 'Console', 'region': 'Americas', 'tier': 'All'}",All,,Americas,,,symmetra,Symmetra,5.8,57.9,DAMAGE,2026-05-16 15:18:25.728179+00:00,2026_05_16
0,2025-08-29 14:38:52.780749083,https://overwatch.blizzard.com/en-us/rates/data/?map=all-maps&role=All&rq=0&input=Console&region=Americas&tier=All,"{'map': 'all-maps', 'role': 'All', 'rq': '0', 'input': 'Console', 'region': 'Americas', 'tier': 'All'}",All,,Americas,,,torbjorn,Torbjörn,5.4,55.6,DAMAGE,2026-05-16 15:18:25.728179+00:00,2026_05_16
0,2025-08-29 14:38:52.780749083,https://overwatch.blizzard.com/en-us/rates/data/?map=all-maps&role=All&rq=0&input=Console&region=Americas&tier=All,"{'map': 'all-maps', 'role': 'All', 'rq': '0', 'input': 'Console', 'region': 'Americas', 'tier': 'All'}",All,,Americas,,,tracer,Tracer,6.8,52.1,DAMAGE,2026-05-16 15:18:25.728179+00:00,2026_05_16
0,2025-08-29 14:38:52.780749083,https://overwatch.blizzard.com/en-us/rates/data/?map=all-maps&role=All&rq=0&input=Console&region=Americas&tier=All,"{'map': 'all-maps', 'role': 'All', 'rq': '0', 'input': 'Console', 'region': 'Americas', 'tier': 'All'}",All,,Americas,,,venture,Venture,4.8,53.9,DAMAGE,2026-05-16 15:18:25.728179+00:00,2026_05_16
0,2025-08-29 14:38:52.780749083,https://overwatch.blizzard.com/en-us/rates/data/?map=all-maps&role=All&rq=0&input=Console&region=Americas&tier=All,"{'map': 'all-maps', 'role': 'All', 'rq': '0', 'input': 'Console', 'region': 'Americas', 'tier': 'All'}",All,,Americas,,,widowmaker,Widowmaker,11.7,44.2,DAMAGE,2026-05-16 15:18:25.728179+00:00,2026_05_16
0,2025-08-29 14:38:52.780749083,https://overwatch.blizzard.com/en-us/rates/data/?map=all-maps&role=All&rq=0&input=Console&region=Americas&tier=All,"{'map': 'all-maps', 'role': 'All', 'rq': '0', 'input': 'Console', 'region': 'Americas', 'tier': 'All'}",All,,Americas,,,winston,Winston,2.9,49.7,TANK,2026-05-16 15:18:25.728179+00:00,2026_05_16
0,2025-08-29 14:38:52.780749083,https://overwatch.blizzard.com/en-us/rates/data/?map=all-maps&role=All&rq=0&input=Console&region=Americas&tier=All,"{'map': 'all-maps', 'role': 'All', 'rq': '0', 'input': 'Console', 'region': 'Americas', 'tier': 'All'}",All,,Americas,,,wrecking-ball,Wrecking Ball,2.0,53.3,TANK,2026-05-16 15:18:25.728179+00:00,2026_05_16
0,2025-08-29 14:38:52.780749083,https://overwatch.blizzard.com/en-us/rates/data/?map=all-maps&role=All&rq=0&input=Console&region=Americas&tier=All,"{'map': 'all-maps', 'role': 'All', 'rq': '0', 'input': 'Console', 'region': 'Americas', 'tier': 'All'}",All,,Americas,,,wuyang,Wuyang,52.9,54.4,SUPPORT,2026-05-16 15:18:25.728179+00:00,2026_05_16
0,2025-08-29 14:38:52.780749083,https://overwatch.blizzard.com/en-us/rates/data/?map=all-maps&role=All&rq=0&input=Console&region=Americas&tier=All,"{'map': 'all-maps', 'role': 'All', 'rq': '0', 'input': 'Console', 'region': 'Americas', 'tier': 'All'}",All,,Americas,,,zarya,Zarya,4.5,49.5,TANK,2026-05-16 15:18:25.728179+00:00,2026_05_16
0,2025-08-29 14:38:52.780749083,https://overwatch.blizzard.com/en-us/rates/data/?map=all-maps&role=All&rq=0&input=Console&region=Americas&tier=All,"{'map': 'all-maps', 'role': 'All', 'rq': '0', 'input': 'Console', 'region': 'Americas', 'tier': 'All'}",All,,Americas,,,zenyatta,Zenyatta,10.1,53.0,SUPPORT,2026-05-16 15:18:25.728179+00:00,2026_05_16
1,2025-08-29 14:38:53.028751612,https://overwatch.blizzard.com/en-us/rates/data/?map=all-maps&role=All&rq=0&input=Console&region=Asia&tier=All,"{'map': 'all-maps', 'role': 'All', 'rq': '0', 'input': 'Console', 'region': 'Asia', 'tier': 'All'}",All,,Asia,,,ana,Ana,29.0,44.3,SUPPORT,2026-05-16 15:18:25.728179+00:00,2026_05_16
1,2025-08-29 14:38:53.028751612,https://overwatch.blizzard.com/en-us/rates/data/?map=all-maps&role=All&rq=0&input=Console&region=Asia&tier=All,"{'map': 'all-maps', 'role': 'All', 'rq': '0', 'input': 'Console', 'region': 'Asia', 'tier': 'All'}",All,,Asia,,,ashe,Ashe,13.3,50.0,DAMAGE,2026-05-16 15:18:25.728179+00:00,2026_05_16
1,2025-08-29 14:38:53.028751612,https://overwatch.blizzard.com/en-us/rates/data/?map=all-maps&role=All&rq=0&input=Console&region=Asia&tier=All,"{'map': 'all-maps', 'role': 'All', 'rq': '0', 'input': 'Console', 'region': 'Asia', 'tier': 'All'}",All,,Asia,,,baptiste,Baptiste,10.6,47.1,SUPPORT,2026-05-16 15:18:25.728179+00:00,2026_05_16
1,2025-08-29 14:38:53.028751612,https://overwatch.blizzard.com/en-us/rates/data/?map=all-maps&role=All&rq=0&input=Console&region=Asia&tier=All,"{'map': 'all-maps', 'role': 'All', 'rq': '0', 'input': 'Console', 'region': 'Asia', 'tier': 'All'}",All,,Asia,,,bastion,Bastion,8.9,48.9,DAMAGE,2026-05-16 15:18:25.728179+00:00,2026_05_16
1,2025-08-29 14:38:53.028751612,https://overwatch.blizzard.com/en-us/rates/data/?map=all-maps&role=All&rq=0&input=Console&region=Asia&tier=All,"{'map': 'all-maps', 'role': 'All', 'rq': '0', 'input': 'Console', 'region': 'Asia', 'tier': 'All'}",All,,Asia,,,brigitte,Brigitte,6.3,49.7,SUPPORT,2026-05-16 15:18:25.728179+00:00,2026_05_16
1,2025-08-29 14:38:53.028751612,https://overwatch.blizzard.com/en-us/rates/data/?map=all-maps&role=All&rq=0&input=Console&region=Asia&tier=All,"{'map': 'all-maps', 'role': 'All', 'rq': '0', 'input': 'Console', 'region': 'Asia', 'tier': 'All'}",All,,Asia,,,cassidy,Cassidy,26.5,45.9,DAMAGE,2026-05-16 15:18:25.728179+00:00,2026_05_16
1,2025-08-29 14:38:53.028751612,https://overwatch.blizzard.com/en-us/rates/data/?map=all-maps&role=All&rq=0&input=Console&region=Asia&tier=All,"{'map': 'all-maps', 'role': 'All', 'rq': '0', 'input': 'Console', 'region': 'Asia', 'tier': 'All'}",All,,Asia,,,dva,D.Va,13.2,51.7,TANK,2026-05-16 15:18:25.728179+00:00,2026_05_16
1,2025-08-29 14:38:53.028751612,https://overwatch.blizzard.com/en-us/rates/data/?map=all-maps&role=All&rq=0&input=Console&region=Asia&tier=All,"{'map': 'all-maps', 'role': 'All', 'rq': '0', 'input': 'Console', 'region': 'Asia', 'tier': 'All'}",All,,Asia,,,doomfist,Doomfist,9.7,50.0,TANK,2026-05-16 15:18:25.728179+00:00,2026_05_16
1,2025-08-29 14:38:53.028751612,https://overwatch.blizzard.com/en-us/rates/data/?map=all-maps&role=All&rq=0&input=Console&region=Asia&tier=All,"{'map': 'all-maps', 'role': 'All', 'rq': '0', 'input': 'Console', 'region': 'Asia', 'tier': 'All'}",All,,Asia,,,echo,Echo,5.6,50.6,DAMAGE,2026-05-16 15:18:25.728179+00:00,2026_05_16
1,2025-08-29 14:38:53.028751612,https://overwatch.blizzard.com/en-us/rates/data/?map=all-maps&role=All&rq=0&input=Console&region=Asia&tier=All,"{'map': 'all-maps', 'role': 'All', 'rq': '0', 'input': 'Console', 'region': 'Asia', 'tier': 'All'}",All,,Asia,,,freja,Freja,5.2,44.9,DAMAGE,2026-05-16 15:18:25.728179+00:00,2026_05_16
1,2025-08-29 14:38:53.028751612,https://overwatch.blizzard.com/en-us/rates/data/?map=all-maps&role=All&rq=0&input=Console&region=Asia&tier=All,"{'map': 'all-maps', 'role': 'All', 'rq': '0', 'input': 'Console', 'region': 'Asia', 'tier': 'All'}",All,,Asia,,,genji,Genji,16.6,52.2,DAMAGE,2026-05-16 15:18:25.728179+00:00,2026_05_16
1,2025-08-29 14:38:53.028751612,https://overwatch.blizzard.com/en-us/rates/data/?map=all-maps&role=All&rq=0&input=Console&region=Asia&tier=All,"{'map': 'all-maps', 'role': 'All', 'rq': '0', 'input': 'Console', 'region': 'Asia', 'tier': 'All'}",All,,Asia,,,hanzo,Hanzo,12.4,50.6,DAMAGE,2026-05-16 15:18:25.728179+00:00,2026_05_16
1,2025-08-29 14:38:53.028751612,https://overwatch.blizzard.com/en-us/rates/data/?map=all-maps&role=All&rq=0&input=Console&region=Asia&tier=All,"{'map': 'all-maps', 'role': 'All', 'rq': '0', 'input': 'Console', 'region': 'Asia', 'tier': 'All'}",All,,Asia,,,hazard,Hazard,5.0,51.9,TANK,2026-05-16 15:18:25.728179+00:00,2026_05_16
1,2025-08-29 14:38:53.028751612,https://overwatch.blizzard.com/en-us/rates/data/?map=all-maps&role=All&rq=0&input=Console&region=Asia&tier=All,"{'map': 'all-maps', 'role': 'All', 'rq': '0', 'input': 'Console', 'region': 'Asia', 'tier': 'All'}",All,,Asia,,,illari,Illari,6.1,54.7,SUPPORT,2026-05-16 15:18:25.728179+00:00,2026_05_16
1,2025-08-29 14:38:53.028751612,https://overwatch.blizzard.com/en-us/rates/data/?map=all-maps&role=All&rq=0&input=Console&region=Asia&tier=All,"{'map': 'all-maps', 'role': 'All', 'rq': '0', 'input': 'Console', 'region': 'Asia', 'tier': 'All'}",All,,Asia,,,junker-queen,Junker Queen,8.4,57.6,TANK,2026-05-16 15:18:25.728179+00:00,2026_05_16
1,2025-08-29 14:38:53.028751612,https://overwatch.blizzard.com/en-us/rates/data/?map=all-maps&role=All&rq=0&input=Console&region=Asia&tier=All,"{'map': 'all-maps', 'role': 'All', 'rq': '0', 'input': 'Console', 'region': 'Asia', 'tier': 'All'}",All,,Asia,,,junkrat,Junkrat,7.9,50.9,DAMAGE,2026-05-16 15:18:25.728179+00:00,2026_05_16
1,2025-08-29 14:38:53.028751612,https://overwatch.blizzard.com/en-us/rates/data/?map=all-maps&role=All&rq=0&input=Console&region=Asia&tier=All,"{'map': 'all-maps', 'role': 'All', 'rq': '0', 'input': 'Console', 'region': 'Asia', 'tier': 'All'}",All,,Asia,,,juno,Juno,16.4,50.9,SUPPORT,2026-05-16 15:18:25.728179+00:00,2026_05_16
1,2025-08-29 14:38:53.028751612,https://overwatch.blizzard.com/en-us/rates/data/?map=all-maps&role=All&rq=0&input=Console&region=Asia&tier=All,"{'map': 'all-maps', 'role': 'All', 'rq': '0', 'input': 'Console', 'region': 'Asia', 'tier': 'All'}",All,,Asia,,,kiriko,Kiriko,26.4,47.2,SUPPORT,2026-05-16 15:18:25.728179+00:00,2026_05_16
1,2025-08-29 14:38:53.028751612,https://overwatch.blizzard.com/en-us/rates/data/?map=all-maps&role=All&rq=0&input=Console&region=Asia&tier=All,"{'map': 'all-maps', 'role': 'All', 'rq': '0', 'input': 'Console', 'region': 'Asia', 'tier': 'All'}",All,,Asia,,,lifeweaver,Lifeweaver,9.3,45.1,SUPPORT,2026-05-16 15:18:25.728179+00:00,2026_05_16
1,2025-08-29 14:38:53.028751612,https://overwatch.blizzard.com/en-us/rates/data/?map=all-maps&role=All&rq=0&input=Console&region=Asia&tier=All,"{'map': 'all-maps', 'role': 'All', 'rq': '0', 'input': 'Console', 'region': 'Asia', 'tier': 'All'}",All,,Asia,,,lucio,Lúcio,9.4,56.3,SUPPORT,2026-05-16 15:18:25.728179+00:00,2026_05_16
1,2025-08-29 14:38:53.028751612,https://overwatch.blizzard.com/en-us/rates/data/?map=all-maps&role=All&rq=0&input=Console&region=Asia&tier=All,"{'map': 'all-maps', 'role': 'All', 'rq': '0', 'input': 'Console', 'region': 'Asia', 'tier': 'All'}",All,,Asia,,,mauga,Mauga,5.2,52.4,TANK,2026-05-16 15:18:25.728179+00:00,2026_05_16
1,2025-08-29 14:38:53.028751612,https://overwatch.blizzard.com/en-us/rates/data/?map=all-maps&role=All&rq=0&input=Console&region=Asia&tier=All,"{'map': 'all-maps', 'role': 'All', 'rq': '0', 'input': 'Console', 'region': 'Asia', 'tier': 'All'}",All,,Asia,,,mei,Mei,7.1,50.0,DAMAGE,2026-05-16 15:18:25.728179+00:00,2026_05_16
1,2025-08-29 14:38:53.028751612,https://overwatch.blizzard.com/en-us/rates/data/?map=all-maps&role=All&rq=0&input=Console&region=Asia&tier=All,"{'map': 'all-maps', 'role': 'All', 'rq': '0', 'input': 'Console', 'region': 'Asia', 'tier': 'All'}",All,,Asia,,,mercy,Mercy,9.1,48.1,SUPPORT,2026-05-16 15:18:25.728179+00:00,2026_05_16
1,2025-08-29 14:38:53.028751612,https://overwatch.blizzard.com/en-us/rates/data/?map=all-maps&role=All&rq=0&input=Console&region=Asia&tier=All,"{'map': 'all-maps', 'role': 'All', 'rq': '0', 'input': 'Console', 'region': 'Asia', 'tier': 'All'}",All,,Asia,,,moira,Moira,16.9,49.1,SUPPORT,2026-05-16 15:18:25.728179+00:00,2026_05_16
1,2025-08-29 14:38:53.028751612,https://overwatch.blizzard.com/en-us/rates/data/?map=all-maps&role=All&rq=0&input=Console&region=Asia&tier=All,"{'map': 'all-maps', 'role': 'All', 'rq': '0', 'input': 'Console', 'region': 'Asia', 'tier': 'All'}",All,,Asia,,,orisa,Orisa,14.6,45.7,TANK,2026-05-16 15:18:25.728179+00:00,2026_05_16
1,2025-08-29 14:38:53.028751612,https://overwatch.blizzard.com/en-us/rates/data/?map=all-maps&role=All&rq=0&input=Console&region=Asia&tier=All,"{'map': 'all-maps', 'role': 'All', 'rq': '0', 'input': 'Console', 'region': 'Asia', 'tier': 'All'}",All,,Asia,,,pharah,Pharah,5.8,47.6,DAMAGE,2026-05-16 15:18:25.728179+00:00,2026_05_16
1,2025-08-29 14:38:53.028751612,https://overwatch.blizzard.com/en-us/rates/data/?map=all-maps&role=All&rq=0&input=Console&region=Asia&tier=All,"{'map': 'all-maps', 'role': 'All', 'rq': '0', 'input': 'Console', 'region': 'Asia', 'tier': 'All'}",All,,Asia,,,ramattra,Ramattra,7.7,47.9,TANK,2026-05-16 15:18:25.728179+00:00,2026_05_16
1,2025-08-29 14:38:53.028751612,https://overwatch.blizzard.com/en-us/rates/data/?map=all-maps&role=All&rq=0&input=Console&region=Asia&tier=All,"{'map': 'all-maps', 'role': 'All', 'rq': '0', 'input': 'Console', 'region': 'Asia', 'tier': 'All'}",All,,Asia,,,reaper,Reaper,11.1,55.7,DAMAGE,2026-05-16 15:18:25.728179+00:00,2026_05_16
1,2025-08-29 14:38:53.028751612,https://overwatch.blizzard.com/en-us/rates/data/?map=all-maps&role=All&rq=0&input=Console&region=Asia&tier=All,"{'map': 'all-maps', 'role': 'All', 'rq': '0', 'input': 'Console', 'region': 'Asia', 'tier': 'All'}",All,,Asia,,,reinhardt,Reinhardt,10.0,53.9,TANK,2026-05-16 15:18:25.728179+00:00,2026_05_16
1,2025-08-29 14:38:53.028751612,https://overwatch.blizzard.com/en-us/rates/data/?map=all-maps&role=All&rq=0&input=Console&region=Asia&tier=All,"{'map': 'all-maps', 'role': 'All', 'rq': '0', 'input': 'Console', 'region': 'Asia', 'tier': 'All'}",All,,Asia,,,roadhog,Roadhog,6.0,34.0,TANK,2026-05-16 15:18:25.728179+00:00,2026_05_16
1,2025-08-29 14:38:53.028751612,https://overwatch.blizzard.com/en-us/rates/data/?map=all-maps&role=All&rq=0&input=Console&region=Asia&tier=All,"{'map': 'all-maps', 'role': 'All', 'rq': '0', 'input': 'Console', 'region': 'Asia', 'tier': 'All'}",All,,Asia,,,sigma,Sigma,8.3,54.6,TANK,2026-05-16 15:18:25.728179+00:00,2026_05_16
1,2025-08-29 14:38:53.028751612,https://overwatch.blizzard.com/en-us/rates/data/?map=all-maps&role=All&rq=0&input=Console&region=Asia&tier=All,"{'map': 'all-maps', 'role': 'All', 'rq': '0', 'input': 'Console', 'region': 'Asia', 'tier': 'All'}",All,,Asia,,,sojourn,Sojourn,21.0,45.8,DAMAGE,2026-05-16 15:18:25.728179+00:00,2026_05_16
1,2025-08-29 14:38:53.028751612,https://overwatch.blizzard.com/en-us/rates/data/?map=all-maps&role=All&rq=0&input=Console&region=Asia&tier=All,"{'map': 'all-maps', 'role': 'All', 'rq': '0', 'input': 'Console', 'region': 'Asia', 'tier': 'All'}",All,,Asia,,,soldier-76,Soldier: 76,16.0,50.8,DAMAGE,2026-05-16 15:18:25.728179+00:00,2026_05_16
1,2025-08-29 14:38:53.028751612,https://overwatch.blizzard.com/en-us/rates/data/?map=all-maps&role=All&rq=0&input=Console&region=Asia&tier=All,"{'map': 'all-maps', 'role': 'All', 'rq': '0', 'input': 'Console', 'region': 'Asia', 'tier': 'All'}",All,,Asia,,,sombra,Sombra,7.4,46.9,DAMAGE,2026-05-16 15:18:25.728179+00:00,2026_05_16
1,2025-08-29 14:38:53.028751612,https://overwatch.blizzard.com/en-us/rates/data/?map=all-maps&role=All&rq=0&input=Console&region=Asia&tier=All,"{'map': 'all-maps', 'role': 'All', 'rq': '0', 'input': 'Console', 'region': 'Asia', 'tier': 'All'}",All,,Asia,,,symmetra,Symmetra,8.7,58.6,DAMAGE,2026-05-16 15:18:25.728179+00:00,2026_05_16
1,2025-08-29 14:38:53.028751612,https://overwatch.blizzard.com/en-us/rates/data/?map=all-maps&role=All&rq=0&input=Console&region=Asia&tier=All,"{'map': 'all-maps', 'role': 'All', 'rq': '0', 'input': 'Console', 'region': 'Asia', 'tier': 'All'}",All,,Asia,,,torbjorn,Torbjörn,6.7,54.8,DAMAGE,2026-05-16 15:18:25.728179+00:00,2026_05_16
1,2025-08-29 14:38:53.028751612,https://overwatch.blizzard.com/en-us/rates/data/?map=all-maps&role=All&rq=0&input=Console&region=Asia&tier=All,"{'map': 'all-maps', 'role': 'All', 'rq': '0', 'input': 'Console', 'region': 'Asia', 'tier': 'All'}",All,,Asia,,,tracer,Tracer,10.6,51.1,DAMAGE,2026-05-16 15:18:25.728179+00:00,2026_05_16
1,2025-08-29 14:38:53.028751612,https://overwatch.blizzard.com/en-us/rates/data/?map=all-maps&role=All&rq=0&input=Console&region=Asia&tier=All,"{'map': 'all-maps', 'role': 'All', 'rq': '0', 'input': 'Console', 'region': 'Asia', 'tier': 'All'}",All,,Asia,,,venture,Venture,4.4,54.3,DAMAGE,2026-05-16 15:18:25.728179+00:00,2026_05_16
1,2025-08-29 14:38:53.028751612,https://overwatch.blizzard.com/en-us/rates/data/?map=all-maps&role=All&rq=0&input=Console&region=Asia&tier=All,"{'map': 'all-maps', 'role': 'All', 'rq': '0', 'input': 'Console', 'region': 'Asia', 'tier': 'All'}",All,,Asia,,,widowmaker,Widowmaker,4.9,44.2,DAMAGE,2026-05-16 15:18:25.728179+00:00,2026_05_16
1,2025-08-29 14:38:53.028751612,https://overwatch.blizzard.com/en-us/rates/data/?map=all-maps&role=All&rq=0&input=Console&region=Asia&tier=All,"{'map': 'all-maps', 'role': 'All', 'rq': '0', 'input': 'Console', 'region': 'Asia', 'tier': 'All'}",All,,Asia,,,winston,Winston,4.2,47.8,TANK,2026-05-16 15:18:25.728179+00:00,2026_05_16
1,2025-08-29 14:38:53.028751612,https://overwatch.blizzard.com/en-us/rates/data/?map=all-maps&role=All&rq=0&input=Console&region=Asia&tier=All,"{'map': 'all-maps', 'role': 'All', 'rq': '0', 'input': 'Console', 'region': 'Asia', 'tier': 'All'}",All,,Asia,,,wrecking-ball,Wrecking Ball,1.2,59.2,TANK,2026-05-16 15:18:25.728179+00:00,2026_05_16
1,2025-08-29 14:38:53.028751612,https://overwatch.blizzard.com/en-us/rates/data/?map=all-maps&role=All&rq=0&input=Console&region=Asia&tier=All,"{'map': 'all-maps', 'role': 'All', 'rq': '0', 'input': 'Console', 'region': 'Asia', 'tier': 'All'}",All,,Asia,,,wuyang,Wuyang,47.9,55.0,SUPPORT,2026-05-16 15:18:25.728179+00:00,2026_05_16
1,2025-08-29 14:38:53.028751612,https://overwatch.blizzard.com/en-us/rates/data/?map=all-maps&role=All&rq=0&input=Console&region=Asia&tier=All,"{'map': 'all-maps', 'role': 'All', 'rq': '0', 'input': 'Console', 'region': 'Asia', 'tier': 'All'}",All,,Asia,,,zarya,Zarya,6.6,48.6,TANK,2026-05-16 15:18:25.728179+00:00,2026_05_16
1,2025-08-29 14:38:53.028751612,https://overwatch.blizzard.com/en-us/rates/data/?map=all-maps&role=All&rq=0&input=Console&region=Asia&tier=All,"{'map': 'all-maps', 'role': 'All', 'rq': '0', 'input': 'Console', 'region': 'Asia', 'tier': 'All'}",All,,Asia,,,zenyatta,Zenyatta,12.8,54.7,SUPPORT,2026-05-16 15:18:25.728179+00:00,2026_05_16
2,2025-08-29 14:38:53.293749332,https://overwatch.blizzard.com/en-us/rates/data/?map=all-maps&role=All&rq=0&input=Console&region=Europe&tier=All,"{'map': 'all-maps', 'role': 'All', 'rq': '0', 'input': 'Console', 'region': 'Europe', 'tier': 'All'}",All,,Europe,,,ana,Ana,18.8,45.5,SUPPORT,2026-05-16 15:18:25.728179+00:00,2026_05_16
2,2025-08-29 14:38:53.293749332,https://overwatch.blizzard.com/en-us/rates/data/?map=all-maps&role=All&rq=0&input=Console&region=Europe&tier=All,"{'map': 'all-maps', 'role': 'All', 'rq': '0', 'input': 'Console', 'region': 'Europe', 'tier': 'All'}",All,,Europe,,,ashe,Ashe,17.6,50.7,DAMAGE,2026-05-16 15:18:25.728179+00:00,2026_05_16
2,2025-08-29 14:38:53.293749332,https://overwatch.blizzard.com/en-us/rates/data/?map=all-maps&role=All&rq=0&input=Console&region=Europe&tier=All,"{'map': 'all-maps', 'role': 'All', 'rq': '0', 'input': 'Console', 'region': 'Europe', 'tier': 'All'}",All,,Europe,,,baptiste,Baptiste,6.9,49.2,SUPPORT,2026-05-16 15:18:25.728179+00:00,2026_05_16
2,2025-08-29 14:38:53.293749332,https://overwatch.blizzard.com/en-us/rates/data/?map=all-maps&role=All&rq=0&input=Console&region=Europe&tier=All,"{'map': 'all-maps', 'role': 'All', 'rq': '0', 'input': 'Console', 'region': 'Europe', 'tier': 'All'}",All,,Europe,,,bastion,Bastion,10.1,49.9,DAMAGE,2026-05-16 15:18:25.728179+00:00,2026_05_16
2,2025-08-29 14:38:53.293749332,https://overwatch.blizzard.com/en-us/rates/data/?map=all-maps&role=All&rq=0&input=Console&region=Europe&tier=All,"{'map': 'all-maps', 'role': 'All', 'rq': '0', 'input': 'Console', 'region': 'Europe', 'tier': 'All'}",All,,Europe,,,brigitte,Brigitte,4.4,52.3,SUPPORT,2026-05-16 15:18:25.728179+00:00,2026_05_16
2,2025-08-29 14:38:53.293749332,https://overwatch.blizzard.com/en-us/rates/data/?map=all-maps&role=All&rq=0&input=Console&region=Europe&tier=All,"{'map': 'all-maps', 'role': 'All', 'rq': '0', 'input': 'Console', 'region': 'Europe', 'tier': 'All'}",All,,Europe,,,cassidy,Cassidy,30.5,48.8,DAMAGE,2026-05-16 15:18:25.728179+00:00,2026_05_16
2,2025-08-29 14:38:53.293749332,https://overwatch.blizzard.com/en-us/rates/data/?map=all-maps&role=All&rq=0&input=Console&region=Europe&tier=All,"{'map': 'all-maps', 'role': 'All', 'rq': '0', 'input': 'Console', 'region': 'Europe', 'tier': 'All'}",All,,Europe,,,dva,D.Va,19.8,50.1,TANK,2026-05-16 15:18:25.728179+00:00,2026_05_16
2,2025-08-29 14:38:53.293749332,https://overwatch.blizzard.com/en-us/rates/data/?map=all-maps&role=All&rq=0&input=Console&region=Europe&tier=All,"{'map': 'all-maps', 'role': 'All', 'rq': '0', 'input': 'Console', 'region': 'Europe', 'tier': 'All'}",All,,Europe,,,doomfist,Doomfist,10.8,51.8,TANK,2026-05-16 15:18:25.728179+00:00,2026_05_16
2,2025-08-29 14:38:53.293749332,https://overwatch.blizzard.com/en-us/rates/data/?map=all-maps&role=All&rq=0&input=Console&region=Europe&tier=All,"{'map': 'all-maps', 'role': 'All', 'rq': '0', 'input': 'Console', 'region': 'Europe', 'tier': 'All'}",All,,Europe,,,echo,Echo,5.9,49.0,DAMAGE,2026-05-16 15:18:25.728179+00:00,2026_05_16
2,2025-08-29 14:38:53.293749332,https://overwatch.blizzard.com/en-us/rates/data/?map=all-maps&role=All&rq=0&input=Console&region=Europe&tier=All,"{'map': 'all-maps', 'role': 'All', 'rq': '0', 'input': 'Console', 'region': 'Europe', 'tier': 'All'}",All,,Europe,,,freja,Freja,5.6,43.5,DAMAGE,2026-05-16 15:18:25.728179+00:00,2026_05_16
2,2025-08-29 14:38:53.293749332,https://overwatch.blizzard.com/en-us/rates/data/?map=all-maps&role=All&rq=0&input=Console&region=Europe&tier=All,"{'map': 'all-maps', 'role': 'All', 'rq': '0', 'input': 'Console', 'region': 'Europe', 'tier': 'All'}",All,,Europe,,,genji,Genji,15.3,51.9,DAMAGE,2026-05-16 15:18:25.728179+00:00,2026_05_16
2,2025-08-29 14:38:53.293749332,https://overwatch.blizzard.com/en-us/rates/data/?map=all-maps&role=All&rq=0&input=Console&region=Europe&tier=All,"{'map': 'all-maps', 'role': 'All', 'rq': '0', 'input': 'Console', 'region': 'Europe', 'tier': 'All'}",All,,Europe,,,hanzo,Hanzo,13.0,49.8,DAMAGE,2026-05-16 15:18:25.728179+00:00,2026_05_16
2,2025-08-29 14:38:53.293749332,https://overwatch.blizzard.com/en-us/rates/data/?map=all-maps&role=All&rq=0&input=Console&region=Europe&tier=All,"{'map': 'all-maps', 'role': 'All', 'rq': '0', 'input': 'Console', 'region': 'Europe', 'tier': 'All'}",All,,Europe,,,hazard,Hazard,3.0,50.4,TANK,2026-05-16 15:18:25.728179+00:00,2026_05_16
2,2025-08-29 14:38:53.293749332,https://overwatch.blizzard.com/en-us/rates/data/?map=all-maps&role=All&rq=0&input=Console&region=Europe&tier=All,"{'map': 'all-maps', 'role': 'All', 'rq': '0', 'input': 'Console', 'region': 'Europe', 'tier': 'All'}",All,,Europe,,,illari,Illari,7.5,53.2,SUPPORT,2026-05-16 15:18:25.728179+00:00,2026_05_16
2,2025-08-29 14:38:53.293749332,https://overwatch.blizzard.com/en-us/rates/data/?map=all-maps&role=All&rq=0&input=Console&region=Europe&tier=All,"{'map': 'all-maps', 'role': 'All', 'rq': '0', 'input': 'Console', 'region': 'Europe', 'tier': 'All'}",All,,Europe,,,junker-queen,Junker Queen,6.1,55.3,TANK,2026-05-16 15:18:25.728179+00:00,2026_05_16
2,2025-08-29 14:38:53.293749332,https://overwatch.blizzard.com/en-us/rates/data/?map=all-maps&role=All&rq=0&input=Console&region=Europe&tier=All,"{'map': 'all-maps', 'role': 'All', 'rq': '0', 'input': 'Console', 'region': 'Europe', 'tier': 'All'}",All,,Europe,,,junkrat,Junkrat,8.9,49.3,DAMAGE,2026-05-16 15:18:25.728179+00:00,2026_05_16
2,2025-08-29 14:38:53.293749332,https://overwatch.blizzard.com/en-us/rates/data/?map=all-maps&role=All&rq=0&input=Console&region=Europe&tier=All,"{'map': 'all-maps', 'role': 'All', 'rq': '0', 'input': 'Console', 'region': 'Europe', 'tier': 'All'}",All,,Europe,,,juno,Juno,10.8,48.5,SUPPORT,2026-05-16 15:18:25.728179+00:00,2026_05_16
2,2025-08-29 14:38:53.293749332,https://overwatch.blizzard.com/en-us/rates/data/?map=all-maps&role=All&rq=0&input=Console&region=Europe&tier=All,"{'map': 'all-maps', 'role': 'All', 'rq': '0', 'input': 'Console', 'region': 'Europe', 'tier': 'All'}",All,,Europe,,,kiriko,Kiriko,17.8,46.7,SUPPORT,2026-05-16 15:18:25.728179+00:00,2026_05_16
2,2025-08-29 14:38:53.293749332,https://overwatch.blizzard.com/en-us/rates/data/?map=all-maps&role=All&rq=0&input=Console&region=Europe&tier=All,"{'map': 'all-maps', 'role': 'All', 'rq': '0', 'input': 'Console', 'region': 'Europe', 'tier': 'All'}",All,,Europe,,,lifeweaver,Lifeweaver,13.3,43.9,SUPPORT,2026-05-16 15:18:25.728179+00:00,2026_05_16
2,2025-08-29 14:38:53.293749332,https://overwatch.blizzard.com/en-us/rates/data/?map=all-maps&role=All&rq=0&input=Console&region=Europe&tier=All,"{'map': 'all-maps', 'role': 'All', 'rq': '0', 'input': 'Console', 'region': 'Europe', 'tier': 'All'}",All,,Europe,,,lucio,Lúcio,10.5,55.7,SUPPORT,2026-05-16 15:18:25.728179+00:00,2026_05_16
2,2025-08-29 14:38:53.293749332,https://overwatch.blizzard.com/en-us/rates/data/?map=all-maps&role=All&rq=0&input=Console&region=Europe&tier=All,"{'map': 'all-maps', 'role': 'All', 'rq': '0', 'input': 'Console', 'region': 'Europe', 'tier': 'All'}",All,,Europe,,,mauga,Mauga,4.8,50.0,TANK,2026-05-16 15:18:25.728179+00:00,2026_05_16
2,2025-08-29 14:38:53.293749332,https://overwatch.blizzard.com/en-us/rates/data/?map=all-maps&role=All&rq=0&input=Console&region=Europe&tier=All,"{'map': 'all-maps', 'role': 'All', 'rq': '0', 'input': 'Console', 'region': 'Europe', 'tier': 'All'}",All,,Europe,,,mei,Mei,5.2,51.4,DAMAGE,2026-05-16 15:18:25.728179+00:00,2026_05_16
2,2025-08-29 14:38:53.293749332,https://overwatch.blizzard.com/en-us/rates/data/?map=all-maps&role=All&rq=0&input=Console&region=Europe&tier=All,"{'map': 'all-maps', 'role': 'All', 'rq': '0', 'input': 'Console', 'region': 'Europe', 'tier': 'All'}",All,,Europe,,,mercy,Mercy,38.0,49.7,SUPPORT,2026-05-16 15:18:25.728179+00:00,2026_05_16
2,2025-08-29 14:38:53.293749332,https://overwatch.blizzard.com/en-us/rates/data/?map=all-maps&role=All&rq=0&input=Console&region=Europe&tier=All,"{'map': 'all-maps', 'role': 'All', 'rq': '0', 'input': 'Console', 'region': 'Europe', 'tier': 'All'}",All,,Europe,,,moira,Moira,17.1,49.1,SUPPORT,2026-05-16 15:18:25.728179+00:00,2026_05_16
2,2025-08-29 14:38:53.293749332,https://overwatch.blizzard.com/en-us/rates/data/?map=all-maps&role=All&rq=0&input=Console&region=Europe&tier=All,"{'map': 'all-maps', 'role': 'All', 'rq': '0', 'input': 'Console', 'region': 'Europe', 'tier': 'All'}",All,,Europe,,,orisa,Orisa,10.4,45.9,TANK,2026-05-16 15:18:25.728179+00:00,2026_05_16
2,2025-08-29 14:38:53.293749332,https://overwatch.blizzard.com/en-us/rates/data/?map=all-maps&role=All&rq=0&input=Console&region=Europe&tier=All,"{'map': 'all-maps', 'role': 'All', 'rq': '0', 'input': 'Console', 'region': 'Europe', 'tier': 'All'}",All,,Europe,,,pharah,Pharah,3.9,48.9,DAMAGE,2026-05-16 15:18:25.728179+00:00,2026_05_16
2,2025-08-29 14:38:53.293749332,https://overwatch.blizzard.com/en-us/rates/data/?map=all-maps&role=All&rq=0&input=Console&region=Europe&tier=All,"{'map': 'all-maps', 'role': 'All', 'rq': '0', 'input': 'Console', 'region': 'Europe', 'tier': 'All'}",All,,Europe,,,ramattra,Ramattra,7.5,48.4,TANK,2026-05-16 15:18:25.728179+00:00,2026_05_16
2,2025-08-29 14:38:53.293749332,https://overwatch.blizzard.com/en-us/rates/data/?map=all-maps&role=All&rq=0&input=Console&region=Europe&tier=All,"{'map': 'all-maps', 'role': 'All', 'rq': '0', 'input': 'Console', 'region': 'Europe', 'tier': 'All'}",All,,Europe,,,reaper,Reaper,11.3,55.8,DAMAGE,2026-05-16 15:18:25.728179+00:00,2026_05_16
2,2025-08-29 14:38:53.293749332,https://overwatch.blizzard.com/en-us/rates/data/?map=all-maps&role=All&rq=0&input=Console&region=Europe&tier=All,"{'map': 'all-maps', 'role': 'All', 'rq': '0', 'input': 'Console', 'region': 'Europe', 'tier': 'All'}",All,,Europe,,,reinhardt,Reinhardt,12.8,56.3,TANK,2026-05-16 15:18:25.728179+00:00,2026_05_16
2,2025-08-29 14:38:53.293749332,https://overwatch.blizzard.com/en-us/rates/data/?map=all-maps&role=All&rq=0&input=Console&region=Europe&tier=All,"{'map': 'all-maps', 'role': 'All', 'rq': '0', 'input': 'Console', 'region': 'Europe', 'tier': 'All'}",All,,Europe,,,roadhog,Roadhog,8.9,39.6,TANK,2026-05-16 15:18:25.728179+00:00,2026_05_16
2,2025-08-29 14:38:53.293749332,https://overwatch.blizzard.com/en-us/rates/data/?map=all-maps&role=All&rq=0&input=Console&region=Europe&tier=All,"{'map': 'all-maps', 'role': 'All', 'rq': '0', 'input': 'Console', 'region': 'Europe', 'tier': 'All'}",All,,Europe,,,sigma,Sigma,6.4,51.2,TANK,2026-05-16 15:18:25.728179+00:00,2026_05_16
2,2025-08-29 14:38:53.293749332,https://overwatch.blizzard.com/en-us/rates/data/?map=all-maps&role=All&rq=0&input=Console&region=Europe&tier=All,"{'map': 'all-maps', 'role': 'All', 'rq': '0', 'input': 'Console', 'region': 'Europe', 'tier': 'All'}",All,,Europe,,,sojourn,Sojourn,12.2,46.6,DAMAGE,2026-05-16 15:18:25.728179+00:00,2026_05_16
2,2025-08-29 14:38:53.293749332,https://overwatch.blizzard.com/en-us/rates/data/?map=all-maps&role=All&rq=0&input=Console&region=Europe&tier=All,"{'map': 'all-maps', 'role': 'All', 'rq': '0', 'input': 'Console', 'region': 'Europe', 'tier': 'All'}",All,,Europe,,,soldier-76,Soldier: 76,18.4,50.9,DAMAGE,2026-05-16 15:18:25.728179+00:00,2026_05_16
2,2025-08-29 14:38:53.293749332,https://overwatch.blizzard.com/en-us/rates/data/?map=all-maps&role=All&rq=0&input=Console&region=Europe&tier=All,"{'map': 'all-maps', 'role': 'All', 'rq': '0', 'input': 'Console', 'region': 'Europe', 'tier': 'All'}",All,,Europe,,,sombra,Sombra,8.6,48.3,DAMAGE,2026-05-16 15:18:25.728179+00:00,2026_05_16
2,2025-08-29 14:38:53.293749332,https://overwatch.blizzard.com/en-us/rates/data/?map=all-maps&role=All&rq=0&input=Console&region=Europe&tier=All,"{'map': 'all-maps', 'role': 'All', 'rq': '0', 'input': 'Console', 'region': 'Europe', 'tier': 'All'}",All,,Europe,,,symmetra,Symmetra,4.1,57.4,DAMAGE,2026-05-16 15:18:25.728179+00:00,2026_05_16
2,2025-08-29 14:38:53.293749332,https://overwatch.blizzard.com/en-us/rates/data/?map=all-maps&role=All&rq=0&input=Console&region=Europe&tier=All,"{'map': 'all-maps', 'role': 'All', 'rq': '0', 'input': 'Console', 'region': 'Europe', 'tier': 'All'}",All,,Europe,,,torbjorn,Torbjörn,4.1,55.3,DAMAGE,2026-05-16 15:18:25.728179+00:00,2026_05_16
2,2025-08-29 14:38:53.293749332,https://overwatch.blizzard.com/en-us/rates/data/?map=all-maps&role=All&rq=0&input=Console&region=Europe&tier=All,"{'map': 'all-maps', 'role': 'All', 'rq': '0', 'input': 'Console', 'region': 'Europe', 'tier': 'All'}",All,,Europe,,,tracer,Tracer,7.3,51.7,DAMAGE,2026-05-16 15:18:25.728179+00:00,2026_05_16
2,2025-08-29 14:38:53.293749332,https://overwatch.blizzard.com/en-us/rates/data/?map=all-maps&role=All&rq=0&input=Console&region=Europe&tier=All,"{'map': 'all-maps', 'role': 'All', 'rq': '0', 'input': 'Console', 'region': 'Europe', 'tier': 'All'}",All,,Europe,,,venture,Venture,3.7,54.5,DAMAGE,2026-05-16 15:18:25.728179+00:00,2026_05_16
2,2025-08-29 14:38:53.293749332,https://overwatch.blizzard.com/en-us/rates/data/?map=all-maps&role=All&rq=0&input=Console&region=Europe&tier=All,"{'map': 'all-maps', 'role': 'All', 'rq': '0', 'input': 'Console', 'region': 'Europe', 'tier': 'All'}",All,,Europe,,,widowmaker,Widowmaker,14.3,44.3,DAMAGE,2026-05-16 15:18:25.728179+00:00,2026_05_16
2,2025-08-29 14:38:53.293749332,https://overwatch.blizzard.com/en-us/rates/data/?map=all-maps&role=All&rq=0&input=Console&region=Europe&tier=All,"{'map': 'all-maps', 'role': 'All', 'rq': '0', 'input': 'Console', 'region': 'Europe', 'tier': 'All'}",All,,Europe,,,winston,Winston,2.7,50.3,TANK,2026-05-16 15:18:25.728179+00:00,2026_05_16
2,2025-08-29 14:38:53.293749332,https://overwatch.blizzard.com/en-us/rates/data/?map=all-maps&role=All&rq=0&input=Console&region=Europe&tier=All,"{'map': 'all-maps', 'role': 'All', 'rq': '0', 'input': 'Console', 'region': 'Europe', 'tier': 'All'}",All,,Europe,,,wrecking-ball,Wrecking Ball,2.9,52.5,TANK,2026-05-16 15:18:25.728179+00:00,2026_05_16
2,2025-08-29 14:38:53.293749332,https://overwatch.blizzard.com/en-us/rates/data/?map=all-maps&role=All&rq=0&input=Console&region=Europe&tier=All,"{'map': 'all-maps', 'role': 'All', 'rq': '0', 'input': 'Console', 'region': 'Europe', 'tier': 'All'}",All,,Europe,,,wuyang,Wuyang,44.8,54.9,SUPPORT,2026-05-16 15:18:25.728179+00:00,2026_05_16
2,2025-08-29 14:38:53.293749332,https://overwatch.blizzard.com/en-us/rates/data/?map=all-maps&role=All&rq=0&input=Console&region=Europe&tier=All,"{'map': 'all-maps', 'role': 'All', 'rq': '0', 'input': 'Console', 'region': 'Europe', 'tier': 'All'}",All,,Europe,,,zarya,Zarya,3.9,49.6,TANK,2026-05-16 15:18:25.728179+00:00,2026_05_16
2,2025-08-29 14:38:53.293749332,https://overwatch.blizzard.com/en-us/rates/data/?map=all-maps&role=All&rq=0&input=Console&region=Europe&tier=All,"{'map': 'all-maps', 'role': 'All', 'rq': '0', 'input': 'Console', 'region': 'Europe', 'tier': 'All'}",All,,Europe,,,zenyatta,Zenyatta,10.2,53.1,SUPPORT,2026-05-16 15:18:25.728179+00:00,2026_05_16
3,2025-08-29 14:38:53.560751677,https://overwatch.blizzard.com/en-us/rates/data/?map=all-maps&role=All&rq=0&input=PC&region=Americas&tier=All,"{'map': 'all-maps', 'role': 'All', 'rq': '0', 'input': 'PC', 'region': 'Americas', 'tier': 'All'}",All,,Americas,,,ana,Ana,21.4,46.2,SUPPORT,2026-05-16 15:18:25.728179+00:00,2026_05_16
3,2025-08-29 14:38:53.560751677,https://overwatch.blizzard.com/en-us/rates/data/?map=all-maps&role=All&rq=0&input=PC&region=Americas&tier=All,"{'map': 'all-maps', 'role': 'All', 'rq': '0', 'input': 'PC', 'region': 'Americas', 'tier': 'All'}",All,,Americas,,,ashe,Ashe,13.9,50.1,DAMAGE,2026-05-16 15:18:25.728179+00:00,2026_05_16
3,2025-08-29 14:38:53.560751677,https://overwatch.blizzard.com/en-us/rates/data/?map=all-maps&role=All&rq=0&input=PC&region=Americas&tier=All,"{'map': 'all-maps', 'role': 'All', 'rq': '0', 'input': 'PC', 'region': 'Americas', 'tier': 'All'}",All,,Americas,,,baptiste,Baptiste,5.7,46.1,SUPPORT,2026-05-16 15:18:25.728179+00:00,2026_05_16
3,2025-08-29 14:38:53.560751677,https://overwatch.blizzard.com/en-us/rates/data/?map=all-maps&role=All&rq=0&input=PC&region=Americas&tier=All,"{'map': 'all-maps', 'role': 'All', 'rq': '0', 'input': 'PC', 'region': 'Americas', 'tier': 'All'}",All,,Americas,,,bastion,Bastion,11.3,48.9,DAMAGE,2026-05-16 15:18:25.728179+00:00,2026_05_16
3,2025-08-29 14:38:53.560751677,https://overwatch.blizzard.com/en-us/rates/data/?map=all-maps&role=All&rq=0&input=PC&region=Americas&tier=All,"{'map': 'all-maps', 'role': 'All', 'rq': '0', 'input': 'PC', 'region': 'Americas', 'tier': 'All'}",All,,Americas,,,brigitte,Brigitte,4.8,51.2,SUPPORT,2026-05-16 15:18:25.728179+00:00,2026_05_16
3,2025-08-29 14:38:53.560751677,https://overwatch.blizzard.com/en-us/rates/data/?map=all-maps&role=All&rq=0&input=PC&region=Americas&tier=All,"{'map': 'all-maps', 'role': 'All', 'rq': '0', 'input': 'PC', 'region': 'Americas', 'tier': 'All'}",All,,Americas,,,cassidy,Cassidy,28.8,47.6,DAMAGE,2026-05-16 15:18:25.728179+00:00,2026_05_16
3,2025-08-29 14:38:53.560751677,https://overwatch.blizzard.com/en-us/rates/data/?map=all-maps&role=All&rq=0&input=PC&region=Americas&tier=All,"{'map': 'all-maps', 'role': 'All', 'rq': '0', 'input': 'PC', 'region': 'Americas', 'tier': 'All'}",All,,Americas,,,dva,D.Va,13.1,47.7,TANK,2026-05-16 15:18:25.728179+00:00,2026_05_16
3,2025-08-29 14:38:53.560751677,https://overwatch.blizzard.com/en-us/rates/data/?map=all-maps&role=All&rq=0&input=PC&region=Americas&tier=All,"{'map': 'all-maps', 'role': 'All', 'rq': '0', 'input': 'PC', 'region': 'Americas', 'tier': 'All'}",All,,Americas,,,doomfist,Doomfist,8.6,52.2,TANK,2026-05-16 15:18:25.728179+00:00,2026_05_16
3,2025-08-29 14:38:53.560751677,https://overwatch.blizzard.com/en-us/rates/data/?map=all-maps&role=All&rq=0&input=PC&region=Americas&tier=All,"{'map': 'all-maps', 'role': 'All', 'rq': '0', 'input': 'PC', 'region': 'Americas', 'tier': 'All'}",All,,Americas,,,echo,Echo,6.5,49.6,DAMAGE,2026-05-16 15:18:25.728179+00:00,2026_05_16
3,2025-08-29 14:38:53.560751677,https://overwatch.blizzard.com/en-us/rates/data/?map=all-maps&role=All&rq=0&input=PC&region=Americas&tier=All,"{'map': 'all-maps', 'role': 'All', 'rq': '0', 'input': 'PC', 'region': 'Americas', 'tier': 'All'}",All,,Americas,,,freja,Freja,6.9,44.1,DAMAGE,2026-05-16 15:18:25.728179+00:00,2026_05_16
3,2025-08-29 14:38:53.560751677,https://overwatch.blizzard.com/en-us/rates/data/?map=all-maps&role=All&rq=0&input=PC&region=Americas&tier=All,"{'map': 'all-maps', 'role': 'All', 'rq': '0', 'input': 'PC', 'region': 'Americas', 'tier': 'All'}",All,,Americas,,,genji,Genji,14.9,53.5,DAMAGE,2026-05-16 15:18:25.728179+00:00,2026_05_16
3,2025-08-29 14:38:53.560751677,https://overwatch.blizzard.com/en-us/rates/data/?map=all-maps&role=All&rq=0&input=PC&region=Americas&tier=All,"{'map': 'all-maps', 'role': 'All', 'rq': '0', 'input': 'PC', 'region': 'Americas', 'tier': 'All'}",All,,Americas,,,hanzo,Hanzo,13.1,51.4,DAMAGE,2026-05-16 15:18:25.728179+00:00,2026_05_16
3,2025-08-29 14:38:53.560751677,https://overwatch.blizzard.com/en-us/rates/data/?map=all-maps&role=All&rq=0&input=PC&region=Americas&tier=All,"{'map': 'all-maps', 'role': 'All', 'rq': '0', 'input': 'PC', 'region': 'Americas', 'tier': 'All'}",All,,Americas,,,hazard,Hazard,4.2,51.4,TANK,2026-05-16 15:18:25.728179+00:00,2026_05_16
3,2025-08-29 14:38:53.560751677,https://overwatch.blizzard.com/en-us/rates/data/?map=all-maps&role=All&rq=0&input=PC&region=Americas&tier=All,"{'map': 'all-maps', 'role': 'All', 'rq': '0', 'input': 'PC', 'region': 'Americas', 'tier': 'All'}",All,,Americas,,,illari,Illari,6.9,51.4,SUPPORT,2026-05-16 15:18:25.728179+00:00,2026_05_16
3,2025-08-29 14:38:53.560751677,https://overwatch.blizzard.com/en-us/rates/data/?map=all-maps&role=All&rq=0&input=PC&region=Americas&tier=All,"{'map': 'all-maps', 'role': 'All', 'rq': '0', 'input': 'PC', 'region': 'Americas', 'tier': 'All'}",All,,Americas,,,junker-queen,Junker Queen,8.0,56.9,TANK,2026-05-16 15:18:25.728179+00:00,2026_05_16
3,2025-08-29 14:38:53.560751677,https://overwatch.blizzard.com/en-us/rates/data/?map=all-maps&role=All&rq=0&input=PC&region=Americas&tier=All,"{'map': 'all-maps', 'role': 'All', 'rq': '0', 'input': 'PC', 'region': 'Americas', 'tier': 'All'}",All,,Americas,,,junkrat,Junkrat,11.4,49.5,DAMAGE,2026-05-16 15:18:25.728179+00:00,2026_05_16
3,2025-08-29 14:38:53.560751677,https://overwatch.blizzard.com/en-us/rates/data/?map=all-maps&role=All&rq=0&input=PC&region=Americas&tier=All,"{'map': 'all-maps', 'role': 'All', 'rq': '0', 'input': 'PC', 'region': 'Americas', 'tier': 'All'}",All,,Americas,,,juno,Juno,15.3,49.2,SUPPORT,2026-05-16 15:18:25.728179+00:00,2026_05_16
3,2025-08-29 14:38:53.560751677,https://overwatch.blizzard.com/en-us/rates/data/?map=all-maps&role=All&rq=0&input=PC&region=Americas&tier=All,"{'map': 'all-maps', 'role': 'All', 'rq': '0', 'input': 'PC', 'region': 'Americas', 'tier': 'All'}",All,,Americas,,,kiriko,Kiriko,19.8,46.9,SUPPORT,2026-05-16 15:18:25.728179+00:00,2026_05_16
3,2025-08-29 14:38:53.560751677,https://overwatch.blizzard.com/en-us/rates/data/?map=all-maps&role=All&rq=0&input=PC&region=Americas&tier=All,"{'map': 'all-maps', 'role': 'All', 'rq': '0', 'input': 'PC', 'region': 'Americas', 'tier': 'All'}",All,,Americas,,,lifeweaver,Lifeweaver,12.2,44.9,SUPPORT,2026-05-16 15:18:25.728179+00:00,2026_05_16
3,2025-08-29 14:38:53.560751677,https://overwatch.blizzard.com/en-us/rates/data/?map=all-maps&role=All&rq=0&input=PC&region=Americas&tier=All,"{'map': 'all-maps', 'role': 'All', 'rq': '0', 'input': 'PC', 'region': 'Americas', 'tier': 'All'}",All,,Americas,,,lucio,Lúcio,9.4,55.9,SUPPORT,2026-05-16 15:18:25.728179+00:00,2026_05_16
3,2025-08-29 14:38:53.560751677,https://overwatch.blizzard.com/en-us/rates/data/?map=all-maps&role=All&rq=0&input=PC&region=Americas&tier=All,"{'map': 'all-maps', 'role': 'All', 'rq': '0', 'input': 'PC', 'region': 'Americas', 'tier': 'All'}",All,,Americas,,,mauga,Mauga,4.9,50.4,TANK,2026-05-16 15:18:25.728179+00:00,2026_05_16
3,2025-08-29 14:38:53.560751677,https://overwatch.blizzard.com/en-us/rates/data/?map=all-maps&role=All&rq=0&input=PC&region=Americas&tier=All,"{'map': 'all-maps', 'role': 'All', 'rq': '0', 'input': 'PC', 'region': 'Americas', 'tier': 'All'}",All,,Americas,,,mei,Mei,8.9,51.2,DAMAGE,2026-05-16 15:18:25.728179+00:00,2026_05_16
3,2025-08-29 14:38:53.560751677,https://overwatch.blizzard.com/en-us/rates/data/?map=all-maps&role=All&rq=0&input=PC&region=Americas&tier=All,"{'map': 'all-maps', 'role': 'All', 'rq': '0', 'input': 'PC', 'region': 'Americas', 'tier': 'All'}",All,,Americas,,,mercy,Mercy,28.2,49.9,SUPPORT,2026-05-16 15:18:25.728179+00:00,2026_05_16
3,2025-08-29 14:38:53.560751677,https://overwatch.blizzard.com/en-us/rates/data/?map=all-maps&role=All&rq=0&input=PC&region=Americas&tier=All,"{'map': 'all-maps', 'role': 'All', 'rq': '0', 'input': 'PC', 'region': 'Americas', 'tier': 'All'}",All,,Americas,,,moira,Moira,18.9,48.0,SUPPORT,2026-05-16 15:18:25.728179+00:00,2026_05_16
3,2025-08-29 14:38:53.560751677,https://overwatch.blizzard.com/en-us/rates/data/?map=all-maps&role=All&rq=0&input=PC&region=Americas&tier=All,"{'map': 'all-maps', 'role': 'All', 'rq': '0', 'input': 'PC', 'region': 'Americas', 'tier': 'All'}",All,,Americas,,,orisa,Orisa,10.2,44.7,TANK,2026-05-16 15:18:25.728179+00:00,2026_05_16
3,2025-08-29 14:38:53.560751677,https://overwatch.blizzard.com/en-us/rates/data/?map=all-maps&role=All&rq=0&input=PC&region=Americas&tier=All,"{'map': 'all-maps', 'role': 'All', 'rq': '0', 'input': 'PC', 'region': 'Americas', 'tier': 'All'}",All,,Americas,,,pharah,Pharah,5.4,50.9,DAMAGE,2026-05-16 15:18:25.728179+00:00,2026_05_16
3,2025-08-29 14:38:53.560751677,https://overwatch.blizzard.com/en-us/rates/data/?map=all-maps&role=All&rq=0&input=PC&region=Americas&tier=All,"{'map': 'all-maps', 'role': 'All', 'rq': '0', 'input': 'PC', 'region': 'Americas', 'tier': 'All'}",All,,Americas,,,ramattra,Ramattra,9.5,48.9,TANK,2026-05-16 15:18:25.728179+00:00,2026_05_16
3,2025-08-29 14:38:53.560751677,https://overwatch.blizzard.com/en-us/rates/data/?map=all-maps&role=All&rq=0&input=PC&region=Americas&tier=All,"{'map': 'all-maps', 'role': 'All', 'rq': '0', 'input': 'PC', 'region': 'Americas', 'tier': 'All'}",All,,Americas,,,reaper,Reaper,11.1,55.8,DAMAGE,2026-05-16 15:18:25.728179+00:00,2026_05_16
3,2025-08-29 14:38:53.560751677,https://overwatch.blizzard.com/en-us/rates/data/?map=all-maps&role=All&rq=0&input=PC&region=Americas&tier=All,"{'map': 'all-maps', 'role': 'All', 'rq': '0', 'input': 'PC', 'region': 'Americas', 'tier': 'All'}",All,,Americas,,,reinhardt,Reinhardt,13.8,56.7,TANK,2026-05-16 15:18:25.728179+00:00,2026_05_16
3,2025-08-29 14:38:53.560751677,https://overwatch.blizzard.com/en-us/rates/data/?map=all-maps&role=All&rq=0&input=PC&region=Americas&tier=All,"{'map': 'all-maps', 'role': 'All', 'rq': '0', 'input': 'PC', 'region': 'Americas', 'tier': 'All'}",All,,Americas,,,roadhog,Roadhog,7.6,36.7,TANK,2026-05-16 15:18:25.728179+00:00,2026_05_16
3,2025-08-29 14:38:53.560751677,https://overwatch.blizzard.com/en-us/rates/data/?map=all-maps&role=All&rq=0&input=PC&region=Americas&tier=All,"{'map': 'all-maps', 'role': 'All', 'rq': '0', 'input': 'PC', 'region': 'Americas', 'tier': 'All'}",All,,Americas,,,sigma,Sigma,7.4,51.8,TANK,2026-05-16 15:18:25.728179+00:00,2026_05_16
3,2025-08-29 14:38:53.560751677,https://overwatch.blizzard.com/en-us/rates/data/?map=all-maps&role=All&rq=0&input=PC&region=Americas&tier=All,"{'map': 'all-maps', 'role': 'All', 'rq': '0', 'input': 'PC', 'region': 'Americas', 'tier': 'All'}",All,,Americas,,,sojourn,Sojourn,12.6,45.0,DAMAGE,2026-05-16 15:18:25.728179+00:00,2026_05_16
3,2025-08-29 14:38:53.560751677,https://overwatch.blizzard.com/en-us/rates/data/?map=all-maps&role=All&rq=0&input=PC&region=Americas&tier=All,"{'map': 'all-maps', 'role': 'All', 'rq': '0', 'input': 'PC', 'region': 'Americas', 'tier': 'All'}",All,,Americas,,,soldier-76,Soldier: 76,15.0,49.2,DAMAGE,2026-05-16 15:18:25.728179+00:00,2026_05_16
3,2025-08-29 14:38:53.560751677,https://overwatch.blizzard.com/en-us/rates/data/?map=all-maps&role=All&rq=0&input=PC&region=Americas&tier=All,"{'map': 'all-maps', 'role': 'All', 'rq': '0', 'input': 'PC', 'region': 'Americas', 'tier': 'All'}",All,,Americas,,,sombra,Sombra,7.9,48.9,DAMAGE,2026-05-16 15:18:25.728179+00:00,2026_05_16
3,2025-08-29 14:38:53.560751677,https://overwatch.blizzard.com/en-us/rates/data/?map=all-maps&role=All&rq=0&input=PC&region=Americas&tier=All,"{'map': 'all-maps', 'role': 'All', 'rq': '0', 'input': 'PC', 'region': 'Americas', 'tier': 'All'}",All,,Americas,,,symmetra,Symmetra,5.3,56.2,DAMAGE,2026-05-16 15:18:25.728179+00:00,2026_05_16
3,2025-08-29 14:38:53.560751677,https://overwatch.blizzard.com/en-us/rates/data/?map=all-maps&role=All&rq=0&input=PC&region=Americas&tier=All,"{'map': 'all-maps', 'role': 'All', 'rq': '0', 'input': 'PC', 'region': 'Americas', 'tier': 'All'}",All,,Americas,,,torbjorn,Torbjörn,5.0,55.1,DAMAGE,2026-05-16 15:18:25.728179+00:00,2026_05_16
3,2025-08-29 14:38:53.560751677,https://overwatch.blizzard.com/en-us/rates/data/?map=all-maps&role=All&rq=0&input=PC&region=Americas&tier=All,"{'map': 'all-maps', 'role': 'All', 'rq': '0', 'input': 'PC', 'region': 'Americas', 'tier': 'All'}",All,,Americas,,,tracer,Tracer,7.4,50.5,DAMAGE,2026-05-16 15:18:25.728179+00:00,2026_05_16
3,2025-08-29 14:38:53.560751677,https://overwatch.blizzard.com/en-us/rates/data/?map=all-maps&role=All&rq=0&input=PC&region=Americas&tier=All,"{'map': 'all-maps', 'role': 'All', 'rq': '0', 'input': 'PC', 'region': 'Americas', 'tier': 'All'}",All,,Americas,,,venture,Venture,5.7,54.6,DAMAGE,2026-05-16 15:18:25.728179+00:00,2026_05_16
3,2025-08-29 14:38:53.560751677,https://overwatch.blizzard.com/en-us/rates/data/?map=all-maps&role=All&rq=0&input=PC&region=Americas&tier=All,"{'map': 'all-maps', 'role': 'All', 'rq': '0', 'input': 'PC', 'region': 'Americas', 'tier': 'All'}",All,,Americas,,,widowmaker,Widowmaker,8.8,44.6,DAMAGE,2026-05-16 15:18:25.728179+00:00,2026_05_16
3,2025-08-29 14:38:53.560751677,https://overwatch.blizzard.com/en-us/rates/data/?map=all-maps&role=All&rq=0&input=PC&region=Americas&tier=All,"{'map': 'all-maps', 'role': 'All', 'rq': '0', 'input': 'PC', 'region': 'Americas', 'tier': 'All'}",All,,Americas,,,winston,Winston,4.1,51.2,TANK,2026-05-16 15:18:25.728179+00:00,2026_05_16
3,2025-08-29 14:38:53.560751677,https://overwatch.blizzard.com/en-us/rates/data/?map=all-maps&role=All&rq=0&input=PC&region=Americas&tier=All,"{'map': 'all-maps', 'role': 'All', 'rq': '0', 'input': 'PC', 'region': 'Americas', 'tier': 'All'}",All,,Americas,,,wrecking-ball,Wrecking Ball,3.1,54.4,TANK,2026-05-16 15:18:25.728179+00:00,2026_05_16
3,2025-08-29 14:38:53.560751677,https://overwatch.blizzard.com/en-us/rates/data/?map=all-maps&role=All&rq=0&input=PC&region=Americas&tier=All,"{'map': 'all-maps', 'role': 'All', 'rq': '0', 'input': 'PC', 'region': 'Americas', 'tier': 'All'}",All,,Americas,,,wuyang,Wuyang,48.4,55.7,SUPPORT,2026-05-16 15:18:25.728179+00:00,2026_05_16
3,2025-08-29 14:38:53.560751677,https://overwatch.blizzard.com/en-us/rates/data/?map=all-maps&role=All&rq=0&input=PC&region=Americas&tier=All,"{'map': 'all-maps', 'role': 'All', 'rq': '0', 'input': 'PC', 'region': 'Americas', 'tier': 'All'}",All,,Americas,,,zarya,Zarya,5.4,48.7,TANK,2026-05-16 15:18:25.728179+00:00,2026_05_16
3,2025-08-29 14:38:53.560751677,https://overwatch.blizzard.com/en-us/rates/data/?map=all-maps&role=All&rq=0&input=PC&region=Americas&tier=All,"{'map': 'all-maps', 'role': 'All', 'rq': '0', 'input': 'PC', 'region': 'Americas', 'tier': 'All'}",All,,Americas,,,zenyatta,Zenyatta,9.1,53.6,SUPPORT,2026-05-16 15:18:25.728179+00:00,2026_05_16
4,2025-08-29 14:38:53.817971706,https://overwatch.blizzard.com/en-us/rates/data/?map=all-maps&role=All&rq=0&input=PC&region=Asia&tier=All,"{'map': 'all-maps', 'role': 'All', 'rq': '0', 'input': 'PC', 'region': 'Asia', 'tier': 'All'}",All,,Asia,,,ana,Ana,38.6,46.7,SUPPORT,2026-05-16 15:18:25.728179+00:00,2026_05_16
4,2025-08-29 14:38:53.817971706,https://overwatch.blizzard.com/en-us/rates/data/?map=all-maps&role=All&rq=0&input=PC&region=Asia&tier=All,"{'map': 'all-maps', 'role': 'All', 'rq': '0', 'input': 'PC', 'region': 'Asia', 'tier': 'All'}",All,,Asia,,,ashe,Ashe,10.4,49.5,DAMAGE,2026-05-16 15:18:25.728179+00:00,2026_05_16
4,2025-08-29 14:38:53.817971706,https://overwatch.blizzard.com/en-us/rates/data/?map=all-maps&role=All&rq=0&input=PC&region=Asia&tier=All,"{'map': 'all-maps', 'role': 'All', 'rq': '0', 'input': 'PC', 'region': 'Asia', 'tier': 'All'}",All,,Asia,,,baptiste,Baptiste,8.3,46.7,SUPPORT,2026-05-16 15:18:25.728179+00:00,2026_05_16
4,2025-08-29 14:38:53.817971706,https://overwatch.blizzard.com/en-us/rates/data/?map=all-maps&role=All&rq=0&input=PC&region=Asia&tier=All,"{'map': 'all-maps', 'role': 'All', 'rq': '0', 'input': 'PC', 'region': 'Asia', 'tier': 'All'}",All,,Asia,,,bastion,Bastion,7.5,48.3,DAMAGE,2026-05-16 15:18:25.728179+00:00,2026_05_16
4,2025-08-29 14:38:53.817971706,https://overwatch.blizzard.com/en-us/rates/data/?map=all-maps&role=All&rq=0&input=PC&region=Asia&tier=All,"{'map': 'all-maps', 'role': 'All', 'rq': '0', 'input': 'PC', 'region': 'Asia', 'tier': 'All'}",All,,Asia,,,brigitte,Brigitte,4.8,48.5,SUPPORT,2026-05-16 15:18:25.728179+00:00,2026_05_16
4,2025-08-29 14:38:53.817971706,https://overwatch.blizzard.com/en-us/rates/data/?map=all-maps&role=All&rq=0&input=PC&region=Asia&tier=All,"{'map': 'all-maps', 'role': 'All', 'rq': '0', 'input': 'PC', 'region': 'Asia', 'tier': 'All'}",All,,Asia,,,cassidy,Cassidy,33.3,47.1,DAMAGE,2026-05-16 15:18:25.728179+00:00,2026_05_16
4,2025-08-29 14:38:53.817971706,https://overwatch.blizzard.com/en-us/rates/data/?map=all-maps&role=All&rq=0&input=PC&region=Asia&tier=All,"{'map': 'all-maps', 'role': 'All', 'rq': '0', 'input': 'PC', 'region': 'Asia', 'tier': 'All'}",All,,Asia,,,dva,D.Va,11.1,47.9,TANK,2026-05-16 15:18:25.728179+00:00,2026_05_16
4,2025-08-29 14:38:53.817971706,https://overwatch.blizzard.com/en-us/rates/data/?map=all-maps&role=All&rq=0&input=PC&region=Asia&tier=All,"{'map': 'all-maps', 'role': 'All', 'rq': '0', 'input': 'PC', 'region': 'Asia', 'tier': 'All'}",All,,Asia,,,doomfist,Doomfist,13.3,53.2,TANK,2026-05-16 15:18:25.728179+00:00,2026_05_16
4,2025-08-29 14:38:53.817971706,https://overwatch.blizzard.com/en-us/rates/data/?map=all-maps&role=All&rq=0&input=PC&region=Asia&tier=All,"{'map': 'all-maps', 'role': 'All', 'rq': '0', 'input': 'PC', 'region': 'Asia', 'tier': 'All'}",All,,Asia,,,echo,Echo,5.0,51.5,DAMAGE,2026-05-16 15:18:25.728179+00:00,2026_05_16
4,2025-08-29 14:38:53.817971706,https://overwatch.blizzard.com/en-us/rates/data/?map=all-maps&role=All&rq=0&input=PC&region=Asia&tier=All,"{'map': 'all-maps', 'role': 'All', 'rq': '0', 'input': 'PC', 'region': 'Asia', 'tier': 'All'}",All,,Asia,,,freja,Freja,6.7,45.2,DAMAGE,2026-05-16 15:18:25.728179+00:00,2026_05_16
4,2025-08-29 14:38:53.817971706,https://overwatch.blizzard.com/en-us/rates/data/?map=all-maps&role=All&rq=0&input=PC&region=Asia&tier=All,"{'map': 'all-maps', 'role': 'All', 'rq': '0', 'input': 'PC', 'region': 'Asia', 'tier': 'All'}",All,,Asia,,,genji,Genji,20.5,54.3,DAMAGE,2026-05-16 15:18:25.728179+00:00,2026_05_16
4,2025-08-29 14:38:53.817971706,https://overwatch.blizzard.com/en-us/rates/data/?map=all-maps&role=All&rq=0&input=PC&region=Asia&tier=All,"{'map': 'all-maps', 'role': 'All', 'rq': '0', 'input': 'PC', 'region': 'Asia', 'tier': 'All'}",All,,Asia,,,hanzo,Hanzo,13.6,51.0,DAMAGE,2026-05-16 15:18:25.728179+00:00,2026_05_16
4,2025-08-29 14:38:53.817971706,https://overwatch.blizzard.com/en-us/rates/data/?map=all-maps&role=All&rq=0&input=PC&region=Asia&tier=All,"{'map': 'all-maps', 'role': 'All', 'rq': '0', 'input': 'PC', 'region': 'Asia', 'tier': 'All'}",All,,Asia,,,hazard,Hazard,5.5,52.1,TANK,2026-05-16 15:18:25.728179+00:00,2026_05_16
4,2025-08-29 14:38:53.817971706,https://overwatch.blizzard.com/en-us/rates/data/?map=all-maps&role=All&rq=0&input=PC&region=Asia&tier=All,"{'map': 'all-maps', 'role': 'All', 'rq': '0', 'input': 'PC', 'region': 'Asia', 'tier': 'All'}",All,,Asia,,,illari,Illari,5.1,52.1,SUPPORT,2026-05-16 15:18:25.728179+00:00,2026_05_16
4,2025-08-29 14:38:53.817971706,https://overwatch.blizzard.com/en-us/rates/data/?map=all-maps&role=All&rq=0&input=PC&region=Asia&tier=All,"{'map': 'all-maps', 'role': 'All', 'rq': '0', 'input': 'PC', 'region': 'Asia', 'tier': 'All'}",All,,Asia,,,junker-queen,Junker Queen,7.1,58.0,TANK,2026-05-16 15:18:25.728179+00:00,2026_05_16
4,2025-08-29 14:38:53.817971706,https://overwatch.blizzard.com/en-us/rates/data/?map=all-maps&role=All&rq=0&input=PC&region=Asia&tier=All,"{'map': 'all-maps', 'role': 'All', 'rq': '0', 'input': 'PC', 'region': 'Asia', 'tier': 'All'}",All,,Asia,,,junkrat,Junkrat,7.3,49.0,DAMAGE,2026-05-16 15:18:25.728179+00:00,2026_05_16
4,2025-08-29 14:38:53.817971706,https://overwatch.blizzard.com/en-us/rates/data/?map=all-maps&role=All&rq=0&input=PC&region=Asia&tier=All,"{'map': 'all-maps', 'role': 'All', 'rq': '0', 'input': 'PC', 'region': 'Asia', 'tier': 'All'}",All,,Asia,,,juno,Juno,15.7,49.5,SUPPORT,2026-05-16 15:18:25.728179+00:00,2026_05_16
4,2025-08-29 14:38:53.817971706,https://overwatch.blizzard.com/en-us/rates/data/?map=all-maps&role=All&rq=0&input=PC&region=Asia&tier=All,"{'map': 'all-maps', 'role': 'All', 'rq': '0', 'input': 'PC', 'region': 'Asia', 'tier': 'All'}",All,,Asia,,,kiriko,Kiriko,28.7,47.5,SUPPORT,2026-05-16 15:18:25.728179+00:00,2026_05_16
4,2025-08-29 14:38:53.817971706,https://overwatch.blizzard.com/en-us/rates/data/?map=all-maps&role=All&rq=0&input=PC&region=Asia&tier=All,"{'map': 'all-maps', 'role': 'All', 'rq': '0', 'input': 'PC', 'region': 'Asia', 'tier': 'All'}",All,,Asia,,,lifeweaver,Lifeweaver,7.6,45.0,SUPPORT,2026-05-16 15:18:25.728179+00:00,2026_05_16
4,2025-08-29 14:38:53.817971706,https://overwatch.blizzard.com/en-us/rates/data/?map=all-maps&role=All&rq=0&input=PC&region=Asia&tier=All,"{'map': 'all-maps', 'role': 'All', 'rq': '0', 'input': 'PC', 'region': 'Asia', 'tier': 'All'}",All,,Asia,,,lucio,Lúcio,8.8,53.7,SUPPORT,2026-05-16 15:18:25.728179+00:00,2026_05_16
4,2025-08-29 14:38:53.817971706,https://overwatch.blizzard.com/en-us/rates/data/?map=all-maps&role=All&rq=0&input=PC&region=Asia&tier=All,"{'map': 'all-maps', 'role': 'All', 'rq': '0', 'input': 'PC', 'region': 'Asia', 'tier': 'All'}",All,,Asia,,,mauga,Mauga,4.2,49.2,TANK,2026-05-16 15:18:25.728179+00:00,2026_05_16
4,2025-08-29 14:38:53.817971706,https://overwatch.blizzard.com/en-us/rates/data/?map=all-maps&role=All&rq=0&input=PC&region=Asia&tier=All,"{'map': 'all-maps', 'role': 'All', 'rq': '0', 'input': 'PC', 'region': 'Asia', 'tier': 'All'}",All,,Asia,,,mei,Mei,7.1,51.2,DAMAGE,2026-05-16 15:18:25.728179+00:00,2026_05_16
4,2025-08-29 14:38:53.817971706,https://overwatch.blizzard.com/en-us/rates/data/?map=all-maps&role=All&rq=0&input=PC&region=Asia&tier=All,"{'map': 'all-maps', 'role': 'All', 'rq': '0', 'input': 'PC', 'region': 'Asia', 'tier': 'All'}",All,,Asia,,,mercy,Mercy,11.1,48.0,SUPPORT,2026-05-16 15:18:25.728179+00:00,2026_05_16
4,2025-08-29 14:38:53.817971706,https://overwatch.blizzard.com/en-us/rates/data/?map=all-maps&role=All&rq=0&input=PC&region=Asia&tier=All,"{'map': 'all-maps', 'role': 'All', 'rq': '0', 'input': 'PC', 'region': 'Asia', 'tier': 'All'}",All,,Asia,,,moira,Moira,13.8,48.0,SUPPORT,2026-05-16 15:18:25.728179+00:00,2026_05_16
4,2025-08-29 14:38:53.817971706,https://overwatch.blizzard.com/en-us/rates/data/?map=all-maps&role=All&rq=0&input=PC&region=Asia&tier=All,"{'map': 'all-maps', 'role': 'All', 'rq': '0', 'input': 'PC', 'region': 'Asia', 'tier': 'All'}",All,,Asia,,,orisa,Orisa,13.1,44.0,TANK,2026-05-16 15:18:25.728179+00:00,2026_05_16
4,2025-08-29 14:38:53.817971706,https://overwatch.blizzard.com/en-us/rates/data/?map=all-maps&role=All&rq=0&input=PC&region=Asia&tier=All,"{'map': 'all-maps', 'role': 'All', 'rq': '0', 'input': 'PC', 'region': 'Asia', 'tier': 'All'}",All,,Asia,,,pharah,Pharah,6.3,49.3,DAMAGE,2026-05-16 15:18:25.728179+00:00,2026_05_16
4,2025-08-29 14:38:53.817971706,https://overwatch.blizzard.com/en-us/rates/data/?map=all-maps&role=All&rq=0&input=PC&region=Asia&tier=All,"{'map': 'all-maps', 'role': 'All', 'rq': '0', 'input': 'PC', 'region': 'Asia', 'tier': 'All'}",All,,Asia,,,ramattra,Ramattra,6.4,47.1,TANK,2026-05-16 15:18:25.728179+00:00,2026_05_16
4,2025-08-29 14:38:53.817971706,https://overwatch.blizzard.com/en-us/rates/data/?map=all-maps&role=All&rq=0&input=PC&region=Asia&tier=All,"{'map': 'all-maps', 'role': 'All', 'rq': '0', 'input': 'PC', 'region': 'Asia', 'tier': 'All'}",All,,Asia,,,reaper,Reaper,9.6,55.8,DAMAGE,2026-05-16 15:18:25.728179+00:00,2026_05_16
4,2025-08-29 14:38:53.817971706,https://overwatch.blizzard.com/en-us/rates/data/?map=all-maps&role=All&rq=0&input=PC&region=Asia&tier=All,"{'map': 'all-maps', 'role': 'All', 'rq': '0', 'input': 'PC', 'region': 'Asia', 'tier': 'All'}",All,,Asia,,,reinhardt,Reinhardt,9.5,54.5,TANK,2026-05-16 15:18:25.728179+00:00,2026_05_16
4,2025-08-29 14:38:53.817971706,https://overwatch.blizzard.com/en-us/rates/data/?map=all-maps&role=All&rq=0&input=PC&region=Asia&tier=All,"{'map': 'all-maps', 'role': 'All', 'rq': '0', 'input': 'PC', 'region': 'Asia', 'tier': 'All'}",All,,Asia,,,roadhog,Roadhog,4.8,36.1,TANK,2026-05-16 15:18:25.728179+00:00,2026_05_16
4,2025-08-29 14:38:53.817971706,https://overwatch.blizzard.com/en-us/rates/data/?map=all-maps&role=All&rq=0&input=PC&region=Asia&tier=All,"{'map': 'all-maps', 'role': 'All', 'rq': '0', 'input': 'PC', 'region': 'Asia', 'tier': 'All'}",All,,Asia,,,sigma,Sigma,8.5,53.3,TANK,2026-05-16 15:18:25.728179+00:00,2026_05_16
4,2025-08-29 14:38:53.817971706,https://overwatch.blizzard.com/en-us/rates/data/?map=all-maps&role=All&rq=0&input=PC&region=Asia&tier=All,"{'map': 'all-maps', 'role': 'All', 'rq': '0', 'input': 'PC', 'region': 'Asia', 'tier': 'All'}",All,,Asia,,,sojourn,Sojourn,16.8,45.2,DAMAGE,2026-05-16 15:18:25.728179+00:00,2026_05_16
4,2025-08-29 14:38:53.817971706,https://overwatch.blizzard.com/en-us/rates/data/?map=all-maps&role=All&rq=0&input=PC&region=Asia&tier=All,"{'map': 'all-maps', 'role': 'All', 'rq': '0', 'input': 'PC', 'region': 'Asia', 'tier': 'All'}",All,,Asia,,,soldier-76,Soldier: 76,17.7,48.6,DAMAGE,2026-05-16 15:18:25.728179+00:00,2026_05_16
4,2025-08-29 14:38:53.817971706,https://overwatch.blizzard.com/en-us/rates/data/?map=all-maps&role=All&rq=0&input=PC&region=Asia&tier=All,"{'map': 'all-maps', 'role': 'All', 'rq': '0', 'input': 'PC', 'region': 'Asia', 'tier': 'All'}",All,,Asia,,,sombra,Sombra,7.3,47.5,DAMAGE,2026-05-16 15:18:25.728179+00:00,2026_05_16
4,2025-08-29 14:38:53.817971706,https://overwatch.blizzard.com/en-us/rates/data/?map=all-maps&role=All&rq=0&input=PC&region=Asia&tier=All,"{'map': 'all-maps', 'role': 'All', 'rq': '0', 'input': 'PC', 'region': 'Asia', 'tier': 'All'}",All,,Asia,,,symmetra,Symmetra,5.9,57.9,DAMAGE,2026-05-16 15:18:25.728179+00:00,2026_05_16
4,2025-08-29 14:38:53.817971706,https://overwatch.blizzard.com/en-us/rates/data/?map=all-maps&role=All&rq=0&input=PC&region=Asia&tier=All,"{'map': 'all-maps', 'role': 'All', 'rq': '0', 'input': 'PC', 'region': 'Asia', 'tier': 'All'}",All,,Asia,,,torbjorn,Torbjörn,4.3,54.4,DAMAGE,2026-05-16 15:18:25.728179+00:00,2026_05_16
4,2025-08-29 14:38:53.817971706,https://overwatch.blizzard.com/en-us/rates/data/?map=all-maps&role=All&rq=0&input=PC&region=Asia&tier=All,"{'map': 'all-maps', 'role': 'All', 'rq': '0', 'input': 'PC', 'region': 'Asia', 'tier': 'All'}",All,,Asia,,,tracer,Tracer,10.6,51.2,DAMAGE,2026-05-16 15:18:25.728179+00:00,2026_05_16
4,2025-08-29 14:38:53.817971706,https://overwatch.blizzard.com/en-us/rates/data/?map=all-maps&role=All&rq=0&input=PC&region=Asia&tier=All,"{'map': 'all-maps', 'role': 'All', 'rq': '0', 'input': 'PC', 'region': 'Asia', 'tier': 'All'}",All,,Asia,,,venture,Venture,5.6,54.5,DAMAGE,2026-05-16 15:18:25.728179+00:00,2026_05_16
4,2025-08-29 14:38:53.817971706,https://overwatch.blizzard.com/en-us/rates/data/?map=all-maps&role=All&rq=0&input=PC&region=Asia&tier=All,"{'map': 'all-maps', 'role': 'All', 'rq': '0', 'input': 'PC', 'region': 'Asia', 'tier': 'All'}",All,,Asia,,,widowmaker,Widowmaker,4.7,45.3,DAMAGE,2026-05-16 15:18:25.728179+00:00,2026_05_16
4,2025-08-29 14:38:53.817971706,https://overwatch.blizzard.com/en-us/rates/data/?map=all-maps&role=All&rq=0&input=PC&region=Asia&tier=All,"{'map': 'all-maps', 'role': 'All', 'rq': '0', 'input': 'PC', 'region': 'Asia', 'tier': 'All'}",All,,Asia,,,winston,Winston,5.5,50.7,TANK,2026-05-16 15:18:25.728179+00:00,2026_05_16
4,2025-08-29 14:38:53.817971706,https://overwatch.blizzard.com/en-us/rates/data/?map=all-maps&role=All&rq=0&input=PC&region=Asia&tier=All,"{'map': 'all-maps', 'role': 'All', 'rq': '0', 'input': 'PC', 'region': 'Asia', 'tier': 'All'}",All,,Asia,,,wrecking-ball,Wrecking Ball,3.0,54.9,TANK,2026-05-16 15:18:25.728179+00:00,2026_05_16
4,2025-08-29 14:38:53.817971706,https://overwatch.blizzard.com/en-us/rates/data/?map=all-maps&role=All&rq=0&input=PC&region=Asia&tier=All,"{'map': 'all-maps', 'role': 'All', 'rq': '0', 'input': 'PC', 'region': 'Asia', 'tier': 'All'}",All,,Asia,,,wuyang,Wuyang,45.5,56.8,SUPPORT,2026-05-16 15:18:25.728179+00:00,2026_05_16
4,2025-08-29 14:38:53.817971706,https://overwatch.blizzard.com/en-us/rates/data/?map=all-maps&role=All&rq=0&input=PC&region=Asia&tier=All,"{'map': 'all-maps', 'role': 'All', 'rq': '0', 'input': 'PC', 'region': 'Asia', 'tier': 'All'}",All,,Asia,,,zarya,Zarya,8.1,49.3,TANK,2026-05-16 15:18:25.728179+00:00,2026_05_16
4,2025-08-29 14:38:53.817971706,https://overwatch.blizzard.com/en-us/rates/data/?map=all-maps&role=All&rq=0&input=PC&region=Asia&tier=All,"{'map': 'all-maps', 'role': 'All', 'rq': '0', 'input': 'PC', 'region': 'Asia', 'tier': 'All'}",All,,Asia,,,zenyatta,Zenyatta,12.1,53.6,SUPPORT,2026-05-16 15:18:25.728179+00:00,2026_05_16
5,2025-08-29 14:38:54.080091238,https://overwatch.blizzard.com/en-us/rates/data/?map=all-maps&role=All&rq=0&input=PC&region=Europe&tier=All,"{'map': 'all-maps', 'role': 'All', 'rq': '0', 'input': 'PC', 'region': 'Europe', 'tier': 'All'}",All,,Europe,,,ana,Ana,23.0,46.6,SUPPORT,2026-05-16 15:18:25.728179+00:00,2026_05_16
5,2025-08-29 14:38:54.080091238,https://overwatch.blizzard.com/en-us/rates/data/?map=all-maps&role=All&rq=0&input=PC&region=Europe&tier=All,"{'map': 'all-maps', 'role': 'All', 'rq': '0', 'input': 'PC', 'region': 'Europe', 'tier': 'All'}",All,,Europe,,,ashe,Ashe,14.6,50.0,DAMAGE,2026-05-16 15:18:25.728179+00:00,2026_05_16
5,2025-08-29 14:38:54.080091238,https://overwatch.blizzard.com/en-us/rates/data/?map=all-maps&role=All&rq=0&input=PC&region=Europe&tier=All,"{'map': 'all-maps', 'role': 'All', 'rq': '0', 'input': 'PC', 'region': 'Europe', 'tier': 'All'}",All,,Europe,,,baptiste,Baptiste,5.6,46.5,SUPPORT,2026-05-16 15:18:25.728179+00:00,2026_05_16
5,2025-08-29 14:38:54.080091238,https://overwatch.blizzard.com/en-us/rates/data/?map=all-maps&role=All&rq=0&input=PC&region=Europe&tier=All,"{'map': 'all-maps', 'role': 'All', 'rq': '0', 'input': 'PC', 'region': 'Europe', 'tier': 'All'}",All,,Europe,,,bastion,Bastion,9.8,48.8,DAMAGE,2026-05-16 15:18:25.728179+00:00,2026_05_16
5,2025-08-29 14:38:54.080091238,https://overwatch.blizzard.com/en-us/rates/data/?map=all-maps&role=All&rq=0&input=PC&region=Europe&tier=All,"{'map': 'all-maps', 'role': 'All', 'rq': '0', 'input': 'PC', 'region': 'Europe', 'tier': 'All'}",All,,Europe,,,brigitte,Brigitte,4.1,52.3,SUPPORT,2026-05-16 15:18:25.728179+00:00,2026_05_16
5,2025-08-29 14:38:54.080091238,https://overwatch.blizzard.com/en-us/rates/data/?map=all-maps&role=All&rq=0&input=PC&region=Europe&tier=All,"{'map': 'all-maps', 'role': 'All', 'rq': '0', 'input': 'PC', 'region': 'Europe', 'tier': 'All'}",All,,Europe,,,cassidy,Cassidy,29.0,47.8,DAMAGE,2026-05-16 15:18:25.728179+00:00,2026_05_16
5,2025-08-29 14:38:54.080091238,https://overwatch.blizzard.com/en-us/rates/data/?map=all-maps&role=All&rq=0&input=PC&region=Europe&tier=All,"{'map': 'all-maps', 'role': 'All', 'rq': '0', 'input': 'PC', 'region': 'Europe', 'tier': 'All'}",All,,Europe,,,dva,D.Va,13.5,47.9,TANK,2026-05-16 15:18:25.728179+00:00,2026_05_16
5,2025-08-29 14:38:54.080091238,https://overwatch.blizzard.com/en-us/rates/data/?map=all-maps&role=All&rq=0&input=PC&region=Europe&tier=All,"{'map': 'all-maps', 'role': 'All', 'rq': '0', 'input': 'PC', 'region': 'Europe', 'tier': 'All'}",All,,Europe,,,doomfist,Doomfist,10.2,52.1,TANK,2026-05-16 15:18:25.728179+00:00,2026_05_16
5,2025-08-29 14:38:54.080091238,https://overwatch.blizzard.com/en-us/rates/data/?map=all-maps&role=All&rq=0&input=PC&region=Europe&tier=All,"{'map': 'all-maps', 'role': 'All', 'rq': '0', 'input': 'PC', 'region': 'Europe', 'tier': 'All'}",All,,Europe,,,echo,Echo,6.1,49.2,DAMAGE,2026-05-16 15:18:25.728179+00:00,2026_05_16
5,2025-08-29 14:38:54.080091238,https://overwatch.blizzard.com/en-us/rates/data/?map=all-maps&role=All&rq=0&input=PC&region=Europe&tier=All,"{'map': 'all-maps', 'role': 'All', 'rq': '0', 'input': 'PC', 'region': 'Europe', 'tier': 'All'}",All,,Europe,,,freja,Freja,6.9,44.7,DAMAGE,2026-05-16 15:18:25.728179+00:00,2026_05_16
5,2025-08-29 14:38:54.080091238,https://overwatch.blizzard.com/en-us/rates/data/?map=all-maps&role=All&rq=0&input=PC&region=Europe&tier=All,"{'map': 'all-maps', 'role': 'All', 'rq': '0', 'input': 'PC', 'region': 'Europe', 'tier': 'All'}",All,,Europe,,,genji,Genji,17.2,53.7,DAMAGE,2026-05-16 15:18:25.728179+00:00,2026_05_16
5,2025-08-29 14:38:54.080091238,https://overwatch.blizzard.com/en-us/rates/data/?map=all-maps&role=All&rq=0&input=PC&region=Europe&tier=All,"{'map': 'all-maps', 'role': 'All', 'rq': '0', 'input': 'PC', 'region': 'Europe', 'tier': 'All'}",All,,Europe,,,hanzo,Hanzo,15.3,51.1,DAMAGE,2026-05-16 15:18:25.728179+00:00,2026_05_16
5,2025-08-29 14:38:54.080091238,https://overwatch.blizzard.com/en-us/rates/data/?map=all-maps&role=All&rq=0&input=PC&region=Europe&tier=All,"{'map': 'all-maps', 'role': 'All', 'rq': '0', 'input': 'PC', 'region': 'Europe', 'tier': 'All'}",All,,Europe,,,hazard,Hazard,3.7,50.6,TANK,2026-05-16 15:18:25.728179+00:00,2026_05_16
5,2025-08-29 14:38:54.080091238,https://overwatch.blizzard.com/en-us/rates/data/?map=all-maps&role=All&rq=0&input=PC&region=Europe&tier=All,"{'map': 'all-maps', 'role': 'All', 'rq': '0', 'input': 'PC', 'region': 'Europe', 'tier': 'All'}",All,,Europe,,,illari,Illari,6.9,51.8,SUPPORT,2026-05-16 15:18:25.728179+00:00,2026_05_16
5,2025-08-29 14:38:54.080091238,https://overwatch.blizzard.com/en-us/rates/data/?map=all-maps&role=All&rq=0&input=PC&region=Europe&tier=All,"{'map': 'all-maps', 'role': 'All', 'rq': '0', 'input': 'PC', 'region': 'Europe', 'tier': 'All'}",All,,Europe,,,junker-queen,Junker Queen,7.4,56.5,TANK,2026-05-16 15:18:25.728179+00:00,2026_05_16
5,2025-08-29 14:38:54.080091238,https://overwatch.blizzard.com/en-us/rates/data/?map=all-maps&role=All&rq=0&input=PC&region=Europe&tier=All,"{'map': 'all-maps', 'role': 'All', 'rq': '0', 'input': 'PC', 'region': 'Europe', 'tier': 'All'}",All,,Europe,,,junkrat,Junkrat,10.2,49.7,DAMAGE,2026-05-16 15:18:25.728179+00:00,2026_05_16
5,2025-08-29 14:38:54.080091238,https://overwatch.blizzard.com/en-us/rates/data/?map=all-maps&role=All&rq=0&input=PC&region=Europe&tier=All,"{'map': 'all-maps', 'role': 'All', 'rq': '0', 'input': 'PC', 'region': 'Europe', 'tier': 'All'}",All,,Europe,,,juno,Juno,13.5,49.5,SUPPORT,2026-05-16 15:18:25.728179+00:00,2026_05_16
5,2025-08-29 14:38:54.080091238,https://overwatch.blizzard.com/en-us/rates/data/?map=all-maps&role=All&rq=0&input=PC&region=Europe&tier=All,"{'map': 'all-maps', 'role': 'All', 'rq': '0', 'input': 'PC', 'region': 'Europe', 'tier': 'All'}",All,,Europe,,,kiriko,Kiriko,21.5,47.3,SUPPORT,2026-05-16 15:18:25.728179+00:00,2026_05_16
5,2025-08-29 14:38:54.080091238,https://overwatch.blizzard.com/en-us/rates/data/?map=all-maps&role=All&rq=0&input=PC&region=Europe&tier=All,"{'map': 'all-maps', 'role': 'All', 'rq': '0', 'input': 'PC', 'region': 'Europe', 'tier': 'All'}",All,,Europe,,,lifeweaver,Lifeweaver,12.3,44.8,SUPPORT,2026-05-16 15:18:25.728179+00:00,2026_05_16
5,2025-08-29 14:38:54.080091238,https://overwatch.blizzard.com/en-us/rates/data/?map=all-maps&role=All&rq=0&input=PC&region=Europe&tier=All,"{'map': 'all-maps', 'role': 'All', 'rq': '0', 'input': 'PC', 'region': 'Europe', 'tier': 'All'}",All,,Europe,,,lucio,Lúcio,9.2,55.4,SUPPORT,2026-05-16 15:18:25.728179+00:00,2026_05_16
5,2025-08-29 14:38:54.080091238,https://overwatch.blizzard.com/en-us/rates/data/?map=all-maps&role=All&rq=0&input=PC&region=Europe&tier=All,"{'map': 'all-maps', 'role': 'All', 'rq': '0', 'input': 'PC', 'region': 'Europe', 'tier': 'All'}",All,,Europe,,,mauga,Mauga,4.8,50.5,TANK,2026-05-16 15:18:25.728179+00:00,2026_05_16
5,2025-08-29 14:38:54.080091238,https://overwatch.blizzard.com/en-us/rates/data/?map=all-maps&role=All&rq=0&input=PC&region=Europe&tier=All,"{'map': 'all-maps', 'role': 'All', 'rq': '0', 'input': 'PC', 'region': 'Europe', 'tier': 'All'}",All,,Europe,,,mei,Mei,6.8,52.2,DAMAGE,2026-05-16 15:18:25.728179+00:00,2026_05_16
5,2025-08-29 14:38:54.080091238,https://overwatch.blizzard.com/en-us/rates/data/?map=all-maps&role=All&rq=0&input=PC&region=Europe&tier=All,"{'map': 'all-maps', 'role': 'All', 'rq': '0', 'input': 'PC', 'region': 'Europe', 'tier': 'All'}",All,,Europe,,,mercy,Mercy,29.7,49.0,SUPPORT,2026-05-16 15:18:25.728179+00:00,2026_05_16
5,2025-08-29 14:38:54.080091238,https://overwatch.blizzard.com/en-us/rates/data/?map=all-maps&role=All&rq=0&input=PC&region=Europe&tier=All,"{'map': 'all-maps', 'role': 'All', 'rq': '0', 'input': 'PC', 'region': 'Europe', 'tier': 'All'}",All,,Europe,,,moira,Moira,18.1,48.6,SUPPORT,2026-05-16 15:18:25.728179+00:00,2026_05_16
5,2025-08-29 14:38:54.080091238,https://overwatch.blizzard.com/en-us/rates/data/?map=all-maps&role=All&rq=0&input=PC&region=Europe&tier=All,"{'map': 'all-maps', 'role': 'All', 'rq': '0', 'input': 'PC', 'region': 'Europe', 'tier': 'All'}",All,,Europe,,,orisa,Orisa,9.9,44.8,TANK,2026-05-16 15:18:25.728179+00:00,2026_05_16
5,2025-08-29 14:38:54.080091238,https://overwatch.blizzard.com/en-us/rates/data/?map=all-maps&role=All&rq=0&input=PC&region=Europe&tier=All,"{'map': 'all-maps', 'role': 'All', 'rq': '0', 'input': 'PC', 'region': 'Europe', 'tier': 'All'}",All,,Europe,,,pharah,Pharah,5.5,50.9,DAMAGE,2026-05-16 15:18:25.728179+00:00,2026_05_16
5,2025-08-29 14:38:54.080091238,https://overwatch.blizzard.com/en-us/rates/data/?map=all-maps&role=All&rq=0&input=PC&region=Europe&tier=All,"{'map': 'all-maps', 'role': 'All', 'rq': '0', 'input': 'PC', 'region': 'Europe', 'tier': 'All'}",All,,Europe,,,ramattra,Ramattra,9.0,49.2,TANK,2026-05-16 15:18:25.728179+00:00,2026_05_16
5,2025-08-29 14:38:54.080091238,https://overwatch.blizzard.com/en-us/rates/data/?map=all-maps&role=All&rq=0&input=PC&region=Europe&tier=All,"{'map': 'all-maps', 'role': 'All', 'rq': '0', 'input': 'PC', 'region': 'Europe', 'tier': 'All'}",All,,Europe,,,reaper,Reaper,10.6,55.9,DAMAGE,2026-05-16 15:18:25.728179+00:00,2026_05_16
5,2025-08-29 14:38:54.080091238,https://overwatch.blizzard.com/en-us/rates/data/?map=all-maps&role=All&rq=0&input=PC&region=Europe&tier=All,"{'map': 'all-maps', 'role': 'All', 'rq': '0', 'input': 'PC', 'region': 'Europe', 'tier': 'All'}",All,,Europe,,,reinhardt,Reinhardt,14.1,56.3,TANK,2026-05-16 15:18:25.728179+00:00,2026_05_16
5,2025-08-29 14:38:54.080091238,https://overwatch.blizzard.com/en-us/rates/data/?map=all-maps&role=All&rq=0&input=PC&region=Europe&tier=All,"{'map': 'all-maps', 'role': 'All', 'rq': '0', 'input': 'PC', 'region': 'Europe', 'tier': 'All'}",All,,Europe,,,roadhog,Roadhog,7.9,37.7,TANK,2026-05-16 15:18:25.728179+00:00,2026_05_16
5,2025-08-29 14:38:54.080091238,https://overwatch.blizzard.com/en-us/rates/data/?map=all-maps&role=All&rq=0&input=PC&region=Europe&tier=All,"{'map': 'all-maps', 'role': 'All', 'rq': '0', 'input': 'PC', 'region': 'Europe', 'tier': 'All'}",All,,Europe,,,sigma,Sigma,7.4,51.8,TANK,2026-05-16 15:18:25.728179+00:00,2026_05_16
5,2025-08-29 14:38:54.080091238,https://overwatch.blizzard.com/en-us/rates/data/?map=all-maps&role=All&rq=0&input=PC&region=Europe&tier=All,"{'map': 'all-maps', 'role': 'All', 'rq': '0', 'input': 'PC', 'region': 'Europe', 'tier': 'All'}",All,,Europe,,,sojourn,Sojourn,12.5,45.2,DAMAGE,2026-05-16 15:18:25.728179+00:00,2026_05_16
5,2025-08-29 14:38:54.080091238,https://overwatch.blizzard.com/en-us/rates/data/?map=all-maps&role=All&rq=0&input=PC&region=Europe&tier=All,"{'map': 'all-maps', 'role': 'All', 'rq': '0', 'input': 'PC', 'region': 'Europe', 'tier': 'All'}",All,,Europe,,,soldier-76,Soldier: 76,15.6,49.2,DAMAGE,2026-05-16 15:18:25.728179+00:00,2026_05_16
5,2025-08-29 14:38:54.080091238,https://overwatch.blizzard.com/en-us/rates/data/?map=all-maps&role=All&rq=0&input=PC&region=Europe&tier=All,"{'map': 'all-maps', 'role': 'All', 'rq': '0', 'input': 'PC', 'region': 'Europe', 'tier': 'All'}",All,,Europe,,,sombra,Sombra,7.7,48.9,DAMAGE,2026-05-16 15:18:25.728179+00:00,2026_05_16
5,2025-08-29 14:38:54.080091238,https://overwatch.blizzard.com/en-us/rates/data/?map=all-maps&role=All&rq=0&input=PC&region=Europe&tier=All,"{'map': 'all-maps', 'role': 'All', 'rq': '0', 'input': 'PC', 'region': 'Europe', 'tier': 'All'}",All,,Europe,,,symmetra,Symmetra,4.4,57.1,DAMAGE,2026-05-16 15:18:25.728179+00:00,2026_05_16
5,2025-08-29 14:38:54.080091238,https://overwatch.blizzard.com/en-us/rates/data/?map=all-maps&role=All&rq=0&input=PC&region=Europe&tier=All,"{'map': 'all-maps', 'role': 'All', 'rq': '0', 'input': 'PC', 'region': 'Europe', 'tier': 'All'}",All,,Europe,,,torbjorn,Torbjörn,4.4,55.5,DAMAGE,2026-05-16 15:18:25.728179+00:00,2026_05_16
5,2025-08-29 14:38:54.080091238,https://overwatch.blizzard.com/en-us/rates/data/?map=all-maps&role=All&rq=0&input=PC&region=Europe&tier=All,"{'map': 'all-maps', 'role': 'All', 'rq': '0', 'input': 'PC', 'region': 'Europe', 'tier': 'All'}",All,,Europe,,,tracer,Tracer,7.4,50.8,DAMAGE,2026-05-16 15:18:25.728179+00:00,2026_05_16
5,2025-08-29 14:38:54.080091238,https://overwatch.blizzard.com/en-us/rates/data/?map=all-maps&role=All&rq=0&input=PC&region=Europe&tier=All,"{'map': 'all-maps', 'role': 'All', 'rq': '0', 'input': 'PC', 'region': 'Europe', 'tier': 'All'}",All,,Europe,,,venture,Venture,4.6,54.9,DAMAGE,2026-05-16 15:18:25.728179+00:00,2026_05_16
5,2025-08-29 14:38:54.080091238,https://overwatch.blizzard.com/en-us/rates/data/?map=all-maps&role=All&rq=0&input=PC&region=Europe&tier=All,"{'map': 'all-maps', 'role': 'All', 'rq': '0', 'input': 'PC', 'region': 'Europe', 'tier': 'All'}",All,,Europe,,,widowmaker,Widowmaker,11.4,44.1,DAMAGE,2026-05-16 15:18:25.728179+00:00,2026_05_16
5,2025-08-29 14:38:54.080091238,https://overwatch.blizzard.com/en-us/rates/data/?map=all-maps&role=All&rq=0&input=PC&region=Europe&tier=All,"{'map': 'all-maps', 'role': 'All', 'rq': '0', 'input': 'PC', 'region': 'Europe', 'tier': 'All'}",All,,Europe,,,winston,Winston,3.6,51.9,TANK,2026-05-16 15:18:25.728179+00:00,2026_05_16
5,2025-08-29 14:38:54.080091238,https://overwatch.blizzard.com/en-us/rates/data/?map=all-maps&role=All&rq=0&input=PC&region=Europe&tier=All,"{'map': 'all-maps', 'role': 'All', 'rq': '0', 'input': 'PC', 'region': 'Europe', 'tier': 'All'}",All,,Europe,,,wrecking-ball,Wrecking Ball,3.2,53.0,TANK,2026-05-16 15:18:25.728179+00:00,2026_05_16
5,2025-08-29 14:38:54.080091238,https://overwatch.blizzard.com/en-us/rates/data/?map=all-maps&role=All&rq=0&input=PC&region=Europe&tier=All,"{'map': 'all-maps', 'role': 'All', 'rq': '0', 'input': 'PC', 'region': 'Europe', 'tier': 'All'}",All,,Europe,,,wuyang,Wuyang,46.9,55.7,SUPPORT,2026-05-16 15:18:25.728179+00:00,2026_05_16
5,2025-08-29 14:38:54.080091238,https://overwatch.blizzard.com/en-us/rates/data/?map=all-maps&role=All&rq=0&input=PC&region=Europe&tier=All,"{'map': 'all-maps', 'role': 'All', 'rq': '0', 'input': 'PC', 'region': 'Europe', 'tier': 'All'}",All,,Europe,,,zarya,Zarya,5.3,49.6,TANK,2026-05-16 15:18:25.728179+00:00,2026_05_16
5,2025-08-29 14:38:54.080091238,https://overwatch.blizzard.com/en-us/rates/data/?map=all-maps&role=All&rq=0&input=PC&region=Europe&tier=All,"{'map': 'all-maps', 'role': 'All', 'rq': '0', 'input': 'PC', 'region': 'Europe', 'tier': 'All'}",All,,Europe,,,zenyatta,Zenyatta,9.1,53.3,SUPPORT,2026-05-16 15:18:25.728179+00:00,2026_05_16
6,2025-08-29 14:38:54.337390423,https://overwatch.blizzard.com/en-us/rates/data/?map=all-maps&role=All&rq=1&input=Console&region=Americas&tier=All,"{'map': 'all-maps', 'role': 'All', 'rq': '1', 'input': 'Console', 'region': 'Americas', 'tier': 'All'}",All,,Americas,,,ana,Ana,16.3,46.0,SUPPORT,2026-05-16 15:18:25.728179+00:00,2026_05_16
6,2025-08-29 14:38:54.337390423,https://overwatch.blizzard.com/en-us/rates/data/?map=all-maps&role=All&rq=1&input=Console&region=Americas&tier=All,"{'map': 'all-maps', 'role': 'All', 'rq': '1', 'input': 'Console', 'region': 'Americas', 'tier': 'All'}",All,,Americas,,,ashe,Ashe,16.2,51.2,DAMAGE,2026-05-16 15:18:25.728179+00:00,2026_05_16
6,2025-08-29 14:38:54.337390423,https://overwatch.blizzard.com/en-us/rates/data/?map=all-maps&role=All&rq=1&input=Console&region=Americas&tier=All,"{'map': 'all-maps', 'role': 'All', 'rq': '1', 'input': 'Console', 'region': 'Americas', 'tier': 'All'}",All,,Americas,,,baptiste,Baptiste,10.6,47.3,SUPPORT,2026-05-16 15:18:25.728179+00:00,2026_05_16
6,2025-08-29 14:38:54.337390423,https://overwatch.blizzard.com/en-us/rates/data/?map=all-maps&role=All&rq=1&input=Console&region=Americas&tier=All,"{'map': 'all-maps', 'role': 'All', 'rq': '1', 'input': 'Console', 'region': 'Americas', 'tier': 'All'}",All,,Americas,,,bastion,Bastion,15.4,46.9,DAMAGE,2026-05-16 15:18:25.728179+00:00,2026_05_16
6,2025-08-29 14:38:54.337390423,https://overwatch.blizzard.com/en-us/rates/data/?map=all-maps&role=All&rq=1&input=Console&region=Americas&tier=All,"{'map': 'all-maps', 'role': 'All', 'rq': '1', 'input': 'Console', 'region': 'Americas', 'tier': 'All'}",All,,Americas,,,brigitte,Brigitte,4.9,48.7,SUPPORT,2026-05-16 15:18:25.728179+00:00,2026_05_16
6,2025-08-29 14:38:54.337390423,https://overwatch.blizzard.com/en-us/rates/data/?map=all-maps&role=All&rq=1&input=Console&region=Americas&tier=All,"{'map': 'all-maps', 'role': 'All', 'rq': '1', 'input': 'Console', 'region': 'Americas', 'tier': 'All'}",All,,Americas,,,cassidy,Cassidy,25.3,49.2,DAMAGE,2026-05-16 15:18:25.728179+00:00,2026_05_16
6,2025-08-29 14:38:54.337390423,https://overwatch.blizzard.com/en-us/rates/data/?map=all-maps&role=All&rq=1&input=Console&region=Americas&tier=All,"{'map': 'all-maps', 'role': 'All', 'rq': '1', 'input': 'Console', 'region': 'Americas', 'tier': 'All'}",All,,Americas,,,dva,D.Va,15.1,50.7,TANK,2026-05-16 15:18:25.728179+00:00,2026_05_16
6,2025-08-29 14:38:54.337390423,https://overwatch.blizzard.com/en-us/rates/data/?map=all-maps&role=All&rq=1&input=Console&region=Americas&tier=All,"{'map': 'all-maps', 'role': 'All', 'rq': '1', 'input': 'Console', 'region': 'Americas', 'tier': 'All'}",All,,Americas,,,doomfist,Doomfist,6.9,53.3,TANK,2026-05-16 15:18:25.728179+00:00,2026_05_16
6,2025-08-29 14:38:54.337390423,https://overwatch.blizzard.com/en-us/rates/data/?map=all-maps&role=All&rq=1&input=Console&region=Americas&tier=All,"{'map': 'all-maps', 'role': 'All', 'rq': '1', 'input': 'Console', 'region': 'Americas', 'tier': 'All'}",All,,Americas,,,echo,Echo,4.7,48.7,DAMAGE,2026-05-16 15:18:25.728179+00:00,2026_05_16
6,2025-08-29 14:38:54.337390423,https://overwatch.blizzard.com/en-us/rates/data/?map=all-maps&role=All&rq=1&input=Console&region=Americas&tier=All,"{'map': 'all-maps', 'role': 'All', 'rq': '1', 'input': 'Console', 'region': 'Americas', 'tier': 'All'}",All,,Americas,,,freja,Freja,4.4,44.6,DAMAGE,2026-05-16 15:18:25.728179+00:00,2026_05_16
6,2025-08-29 14:38:54.337390423,https://overwatch.blizzard.com/en-us/rates/data/?map=all-maps&role=All&rq=1&input=Console&region=Americas&tier=All,"{'map': 'all-maps', 'role': 'All', 'rq': '1', 'input': 'Console', 'region': 'Americas', 'tier': 'All'}",All,,Americas,,,genji,Genji,11.7,52.9,DAMAGE,2026-05-16 15:18:25.728179+00:00,2026_05_16
6,2025-08-29 14:38:54.337390423,https://overwatch.blizzard.com/en-us/rates/data/?map=all-maps&role=All&rq=1&input=Console&region=Americas&tier=All,"{'map': 'all-maps', 'role': 'All', 'rq': '1', 'input': 'Console', 'region': 'Americas', 'tier': 'All'}",All,,Americas,,,hanzo,Hanzo,10.4,51.9,DAMAGE,2026-05-16 15:18:25.728179+00:00,2026_05_16
6,2025-08-29 14:38:54.337390423,https://overwatch.blizzard.com/en-us/rates/data/?map=all-maps&role=All&rq=1&input=Console&region=Americas&tier=All,"{'map': 'all-maps', 'role': 'All', 'rq': '1', 'input': 'Console', 'region': 'Americas', 'tier': 'All'}",All,,Americas,,,hazard,Hazard,2.7,52.3,TANK,2026-05-16 15:18:25.728179+00:00,2026_05_16
6,2025-08-29 14:38:54.337390423,https://overwatch.blizzard.com/en-us/rates/data/?map=all-maps&role=All&rq=1&input=Console&region=Americas&tier=All,"{'map': 'all-maps', 'role': 'All', 'rq': '1', 'input': 'Console', 'region': 'Americas', 'tier': 'All'}",All,,Americas,,,illari,Illari,9.4,50.7,SUPPORT,2026-05-16 15:18:25.728179+00:00,2026_05_16
6,2025-08-29 14:38:54.337390423,https://overwatch.blizzard.com/en-us/rates/data/?map=all-maps&role=All&rq=1&input=Console&region=Americas&tier=All,"{'map': 'all-maps', 'role': 'All', 'rq': '1', 'input': 'Console', 'region': 'Americas', 'tier': 'All'}",All,,Americas,,,junker-queen,Junker Queen,6.3,54.1,TANK,2026-05-16 15:18:25.728179+00:00,2026_05_16
6,2025-08-29 14:38:54.337390423,https://overwatch.blizzard.com/en-us/rates/data/?map=all-maps&role=All&rq=1&input=Console&region=Americas&tier=All,"{'map': 'all-maps', 'role': 'All', 'rq': '1', 'input': 'Console', 'region': 'Americas', 'tier': 'All'}",All,,Americas,,,junkrat,Junkrat,10.0,47.5,DAMAGE,2026-05-16 15:18:25.728179+00:00,2026_05_16
6,2025-08-29 14:38:54.337390423,https://overwatch.blizzard.com/en-us/rates/data/?map=all-maps&role=All&rq=1&input=Console&region=Americas&tier=All,"{'map': 'all-maps', 'role': 'All', 'rq': '1', 'input': 'Console', 'region': 'Americas', 'tier': 'All'}",All,,Americas,,,juno,Juno,12.2,49.3,SUPPORT,2026-05-16 15:18:25.728179+00:00,2026_05_16
6,2025-08-29 14:38:54.337390423,https://overwatch.blizzard.com/en-us/rates/data/?map=all-maps&role=All&rq=1&input=Console&region=Americas&tier=All,"{'map': 'all-maps', 'role': 'All', 'rq': '1', 'input': 'Console', 'region': 'Americas', 'tier': 'All'}",All,,Americas,,,kiriko,Kiriko,18.0,45.3,SUPPORT,2026-05-16 15:18:25.728179+00:00,2026_05_16
6,2025-08-29 14:38:54.337390423,https://overwatch.blizzard.com/en-us/rates/data/?map=all-maps&role=All&rq=1&input=Console&region=Americas&tier=All,"{'map': 'all-maps', 'role': 'All', 'rq': '1', 'input': 'Console', 'region': 'Americas', 'tier': 'All'}",All,,Americas,,,lifeweaver,Lifeweaver,13.6,44.2,SUPPORT,2026-05-16 15:18:25.728179+00:00,2026_05_16
6,2025-08-29 14:38:54.337390423,https://overwatch.blizzard.com/en-us/rates/data/?map=all-maps&role=All&rq=1&input=Console&region=Americas&tier=All,"{'map': 'all-maps', 'role': 'All', 'rq': '1', 'input': 'Console', 'region': 'Americas', 'tier': 'All'}",All,,Americas,,,lucio,Lúcio,11.7,54.5,SUPPORT,2026-05-16 15:18:25.728179+00:00,2026_05_16
6,2025-08-29 14:38:54.337390423,https://overwatch.blizzard.com/en-us/rates/data/?map=all-maps&role=All&rq=1&input=Console&region=Americas&tier=All,"{'map': 'all-maps', 'role': 'All', 'rq': '1', 'input': 'Console', 'region': 'Americas', 'tier': 'All'}",All,,Americas,,,mauga,Mauga,6.0,49.1,TANK,2026-05-16 15:18:25.728179+00:00,2026_05_16
6,2025-08-29 14:38:54.337390423,https://overwatch.blizzard.com/en-us/rates/data/?map=all-maps&role=All&rq=1&input=Console&region=Americas&tier=All,"{'map': 'all-maps', 'role': 'All', 'rq': '1', 'input': 'Console', 'region': 'Americas', 'tier': 'All'}",All,,Americas,,,mei,Mei,9.7,46.8,DAMAGE,2026-05-16 15:18:25.728179+00:00,2026_05_16
6,2025-08-29 14:38:54.337390423,https://overwatch.blizzard.com/en-us/rates/data/?map=all-maps&role=All&rq=1&input=Console&region=Americas&tier=All,"{'map': 'all-maps', 'role': 'All', 'rq': '1', 'input': 'Console', 'region': 'Americas', 'tier': 'All'}",All,,Americas,,,mercy,Mercy,29.8,51.8,SUPPORT,2026-05-16 15:18:25.728179+00:00,2026_05_16
6,2025-08-29 14:38:54.337390423,https://overwatch.blizzard.com/en-us/rates/data/?map=all-maps&role=All&rq=1&input=Console&region=Americas&tier=All,"{'map': 'all-maps', 'role': 'All', 'rq': '1', 'input': 'Console', 'region': 'Americas', 'tier': 'All'}",All,,Americas,,,moira,Moira,28.8,46.5,SUPPORT,2026-05-16 15:18:25.728179+00:00,2026_05_16
6,2025-08-29 14:38:54.337390423,https://overwatch.blizzard.com/en-us/rates/data/?map=all-maps&role=All&rq=1&input=Console&region=Americas&tier=All,"{'map': 'all-maps', 'role': 'All', 'rq': '1', 'input': 'Console', 'region': 'Americas', 'tier': 'All'}",All,,Americas,,,orisa,Orisa,13.7,45.2,TANK,2026-05-16 15:18:25.728179+00:00,2026_05_16
6,2025-08-29 14:38:54.337390423,https://overwatch.blizzard.com/en-us/rates/data/?map=all-maps&role=All&rq=1&input=Console&region=Americas&tier=All,"{'map': 'all-maps', 'role': 'All', 'rq': '1', 'input': 'Console', 'region': 'Americas', 'tier': 'All'}",All,,Americas,,,pharah,Pharah,3.4,47.5,DAMAGE,2026-05-16 15:18:25.728179+00:00,2026_05_16
6,2025-08-29 14:38:54.337390423,https://overwatch.blizzard.com/en-us/rates/data/?map=all-maps&role=All&rq=1&input=Console&region=Americas&tier=All,"{'map': 'all-maps', 'role': 'All', 'rq': '1', 'input': 'Console', 'region': 'Americas', 'tier': 'All'}",All,,Americas,,,ramattra,Ramattra,10.2,46.5,TANK,2026-05-16 15:18:25.728179+00:00,2026_05_16
6,2025-08-29 14:38:54.337390423,https://overwatch.blizzard.com/en-us/rates/data/?map=all-maps&role=All&rq=1&input=Console&region=Americas&tier=All,"{'map': 'all-maps', 'role': 'All', 'rq': '1', 'input': 'Console', 'region': 'Americas', 'tier': 'All'}",All,,Americas,,,reaper,Reaper,14.1,53.5,DAMAGE,2026-05-16 15:18:25.728179+00:00,2026_05_16
6,2025-08-29 14:38:54.337390423,https://overwatch.blizzard.com/en-us/rates/data/?map=all-maps&role=All&rq=1&input=Console&region=Americas&tier=All,"{'map': 'all-maps', 'role': 'All', 'rq': '1', 'input': 'Console', 'region': 'Americas', 'tier': 'All'}",All,,Americas,,,reinhardt,Reinhardt,13.3,55.3,TANK,2026-05-16 15:18:25.728179+00:00,2026_05_16
6,2025-08-29 14:38:54.337390423,https://overwatch.blizzard.com/en-us/rates/data/?map=all-maps&role=All&rq=1&input=Console&region=Americas&tier=All,"{'map': 'all-maps', 'role': 'All', 'rq': '1', 'input': 'Console', 'region': 'Americas', 'tier': 'All'}",All,,Americas,,,roadhog,Roadhog,6.2,38.2,TANK,2026-05-16 15:18:25.728179+00:00,2026_05_16
6,2025-08-29 14:38:54.337390423,https://overwatch.blizzard.com/en-us/rates/data/?map=all-maps&role=All&rq=1&input=Console&region=Americas&tier=All,"{'map': 'all-maps', 'role': 'All', 'rq': '1', 'input': 'Console', 'region': 'Americas', 'tier': 'All'}",All,,Americas,,,sigma,Sigma,9.4,51.3,TANK,2026-05-16 15:18:25.728179+00:00,2026_05_16
6,2025-08-29 14:38:54.337390423,https://overwatch.blizzard.com/en-us/rates/data/?map=all-maps&role=All&rq=1&input=Console&region=Americas&tier=All,"{'map': 'all-maps', 'role': 'All', 'rq': '1', 'input': 'Console', 'region': 'Americas', 'tier': 'All'}",All,,Americas,,,sojourn,Sojourn,17.9,45.7,DAMAGE,2026-05-16 15:18:25.728179+00:00,2026_05_16
6,2025-08-29 14:38:54.337390423,https://overwatch.blizzard.com/en-us/rates/data/?map=all-maps&role=All&rq=1&input=Console&region=Americas&tier=All,"{'map': 'all-maps', 'role': 'All', 'rq': '1', 'input': 'Console', 'region': 'Americas', 'tier': 'All'}",All,,Americas,,,soldier-76,Soldier: 76,23.8,50.0,DAMAGE,2026-05-16 15:18:25.728179+00:00,2026_05_16
6,2025-08-29 14:38:54.337390423,https://overwatch.blizzard.com/en-us/rates/data/?map=all-maps&role=All&rq=1&input=Console&region=Americas&tier=All,"{'map': 'all-maps', 'role': 'All', 'rq': '1', 'input': 'Console', 'region': 'Americas', 'tier': 'All'}",All,,Americas,,,sombra,Sombra,2.6,51.2,DAMAGE,2026-05-16 15:18:25.728179+00:00,2026_05_16
6,2025-08-29 14:38:54.337390423,https://overwatch.blizzard.com/en-us/rates/data/?map=all-maps&role=All&rq=1&input=Console&region=Americas&tier=All,"{'map': 'all-maps', 'role': 'All', 'rq': '1', 'input': 'Console', 'region': 'Americas', 'tier': 'All'}",All,,Americas,,,symmetra,Symmetra,4.5,51.6,DAMAGE,2026-05-16 15:18:25.728179+00:00,2026_05_16
6,2025-08-29 14:38:54.337390423,https://overwatch.blizzard.com/en-us/rates/data/?map=all-maps&role=All&rq=1&input=Console&region=Americas&tier=All,"{'map': 'all-maps', 'role': 'All', 'rq': '1', 'input': 'Console', 'region': 'Americas', 'tier': 'All'}",All,,Americas,,,torbjorn,Torbjörn,8.2,50.6,DAMAGE,2026-05-16 15:18:25.728179+00:00,2026_05_16
6,2025-08-29 14:38:54.337390423,https://overwatch.blizzard.com/en-us/rates/data/?map=all-maps&role=All&rq=1&input=Console&region=Americas&tier=All,"{'map': 'all-maps', 'role': 'All', 'rq': '1', 'input': 'Console', 'region': 'Americas', 'tier': 'All'}",All,,Americas,,,tracer,Tracer,7.5,52.2,DAMAGE,2026-05-16 15:18:25.728179+00:00,2026_05_16
6,2025-08-29 14:38:54.337390423,https://overwatch.blizzard.com/en-us/rates/data/?map=all-maps&role=All&rq=1&input=Console&region=Americas&tier=All,"{'map': 'all-maps', 'role': 'All', 'rq': '1', 'input': 'Console', 'region': 'Americas', 'tier': 'All'}",All,,Americas,,,venture,Venture,5.0,51.7,DAMAGE,2026-05-16 15:18:25.728179+00:00,2026_05_16
6,2025-08-29 14:38:54.337390423,https://overwatch.blizzard.com/en-us/rates/data/?map=all-maps&role=All&rq=1&input=Console&region=Americas&tier=All,"{'map': 'all-maps', 'role': 'All', 'rq': '1', 'input': 'Console', 'region': 'Americas', 'tier': 'All'}",All,,Americas,,,widowmaker,Widowmaker,5.2,48.6,DAMAGE,2026-05-16 15:18:25.728179+00:00,2026_05_16
6,2025-08-29 14:38:54.337390423,https://overwatch.blizzard.com/en-us/rates/data/?map=all-maps&role=All&rq=1&input=Console&region=Americas&tier=All,"{'map': 'all-maps', 'role': 'All', 'rq': '1', 'input': 'Console', 'region': 'Americas', 'tier': 'All'}",All,,Americas,,,winston,Winston,3.5,47.1,TANK,2026-05-16 15:18:25.728179+00:00,2026_05_16
6,2025-08-29 14:38:54.337390423,https://overwatch.blizzard.com/en-us/rates/data/?map=all-maps&role=All&rq=1&input=Console&region=Americas&tier=All,"{'map': 'all-maps', 'role': 'All', 'rq': '1', 'input': 'Console', 'region': 'Americas', 'tier': 'All'}",All,,Americas,,,wrecking-ball,Wrecking Ball,1.9,56.2,TANK,2026-05-16 15:18:25.728179+00:00,2026_05_16
6,2025-08-29 14:38:54.337390423,https://overwatch.blizzard.com/en-us/rates/data/?map=all-maps&role=All&rq=1&input=Console&region=Americas&tier=All,"{'map': 'all-maps', 'role': 'All', 'rq': '1', 'input': 'Console', 'region': 'Americas', 'tier': 'All'}",All,,Americas,,,wuyang,Wuyang,33.6,55.8,SUPPORT,2026-05-16 15:18:25.728179+00:00,2026_05_16
6,2025-08-29 14:38:54.337390423,https://overwatch.blizzard.com/en-us/rates/data/?map=all-maps&role=All&rq=1&input=Console&region=Americas&tier=All,"{'map': 'all-maps', 'role': 'All', 'rq': '1', 'input': 'Console', 'region': 'Americas', 'tier': 'All'}",All,,Americas,,,zarya,Zarya,5.0,48.7,TANK,2026-05-16 15:18:25.728179+00:00,2026_05_16
6,2025-08-29 14:38:54.337390423,https://overwatch.blizzard.com/en-us/rates/data/?map=all-maps&role=All&rq=1&input=Console&region=Americas&tier=All,"{'map': 'all-maps', 'role': 'All', 'rq': '1', 'input': 'Console', 'region': 'Americas', 'tier': 'All'}",All,,Americas,,,zenyatta,Zenyatta,11.2,52.3,SUPPORT,2026-05-16 15:18:25.728179+00:00,2026_05_16
7,2025-08-29 14:38:54.603149414,https://overwatch.blizzard.com/en-us/rates/data/?map=all-maps&role=All&rq=1&input=Console&region=Americas&tier=Bronze,"{'map': 'all-maps', 'role': 'All', 'rq': '1', 'input': 'Console', 'region': 'Americas', 'tier': 'Bronze'}",All,,Americas,,,ana,Ana,10.3,44.7,SUPPORT,2026-05-16 15:18:25.728179+00:00,2026_05_16
7,2025-08-29 14:38:54.603149414,https://overwatch.blizzard.com/en-us/rates/data/?map=all-maps&role=All&rq=1&input=Console&region=Americas&tier=Bronze,"{'map': 'all-maps', 'role': 'All', 'rq': '1', 'input': 'Console', 'region': 'Americas', 'tier': 'Bronze'}",All,,Americas,,,ashe,Ashe,20.1,48.7,DAMAGE,2026-05-16 15:18:25.728179+00:00,2026_05_16
7,2025-08-29 14:38:54.603149414,https://overwatch.blizzard.com/en-us/rates/data/?map=all-maps&role=All&rq=1&input=Console&region=Americas&tier=Bronze,"{'map': 'all-maps', 'role': 'All', 'rq': '1', 'input': 'Console', 'region': 'Americas', 'tier': 'Bronze'}",All,,Americas,,,baptiste,Baptiste,6.7,50.0,SUPPORT,2026-05-16 15:18:25.728179+00:00,2026_05_16
7,2025-08-29 14:38:54.603149414,https://overwatch.blizzard.com/en-us/rates/data/?map=all-maps&role=All&rq=1&input=Console&region=Americas&tier=Bronze,"{'map': 'all-maps', 'role': 'All', 'rq': '1', 'input': 'Console', 'region': 'Americas', 'tier': 'Bronze'}",All,,Americas,,,bastion,Bastion,23.8,53.1,DAMAGE,2026-05-16 15:18:25.728179+00:00,2026_05_16
7,2025-08-29 14:38:54.603149414,https://overwatch.blizzard.com/en-us/rates/data/?map=all-maps&role=All&rq=1&input=Console&region=Americas&tier=Bronze,"{'map': 'all-maps', 'role': 'All', 'rq': '1', 'input': 'Console', 'region': 'Americas', 'tier': 'Bronze'}",All,,Americas,,,brigitte,Brigitte,3.9,56.6,SUPPORT,2026-05-16 15:18:25.728179+00:00,2026_05_16
7,2025-08-29 14:38:54.603149414,https://overwatch.blizzard.com/en-us/rates/data/?map=all-maps&role=All&rq=1&input=Console&region=Americas&tier=Bronze,"{'map': 'all-maps', 'role': 'All', 'rq': '1', 'input': 'Console', 'region': 'Americas', 'tier': 'Bronze'}",All,,Americas,,,cassidy,Cassidy,14.1,49.4,DAMAGE,2026-05-16 15:18:25.728179+00:00,2026_05_16
7,2025-08-29 14:38:54.603149414,https://overwatch.blizzard.com/en-us/rates/data/?map=all-maps&role=All&rq=1&input=Console&region=Americas&tier=Bronze,"{'map': 'all-maps', 'role': 'All', 'rq': '1', 'input': 'Console', 'region': 'Americas', 'tier': 'Bronze'}",All,,Americas,,,dva,D.Va,24.1,48.4,TANK,2026-05-16 15:18:25.728179+00:00,2026_05_16
7,2025-08-29 14:38:54.603149414,https://overwatch.blizzard.com/en-us/rates/data/?map=all-maps&role=All&rq=1&input=Console&region=Americas&tier=Bronze,"{'map': 'all-maps', 'role': 'All', 'rq': '1', 'input': 'Console', 'region': 'Americas', 'tier': 'Bronze'}",All,,Americas,,,doomfist,Doomfist,3.1,46.8,TANK,2026-05-16 15:18:25.728179+00:00,2026_05_16
7,2025-08-29 14:38:54.603149414,https://overwatch.blizzard.com/en-us/rates/data/?map=all-maps&role=All&rq=1&input=Console&region=Americas&tier=Bronze,"{'map': 'all-maps', 'role': 'All', 'rq': '1', 'input': 'Console', 'region': 'Americas', 'tier': 'Bronze'}",All,,Americas,,,echo,Echo,6.8,49.4,DAMAGE,2026-05-16 15:18:25.728179+00:00,2026_05_16
7,2025-08-29 14:38:54.603149414,https://overwatch.blizzard.com/en-us/rates/data/?map=all-maps&role=All&rq=1&input=Console&region=Americas&tier=Bronze,"{'map': 'all-maps', 'role': 'All', 'rq': '1', 'input': 'Console', 'region': 'Americas', 'tier': 'Bronze'}",All,,Americas,,,freja,Freja,7.3,41.6,DAMAGE,2026-05-16 15:18:25.728179+00:00,2026_05_16
7,2025-08-29 14:38:54.603149414,https://overwatch.blizzard.com/en-us/rates/data/?map=all-maps&role=All&rq=1&input=Console&region=Americas&tier=Bronze,"{'map': 'all-maps', 'role': 'All', 'rq': '1', 'input': 'Console', 'region': 'Americas', 'tier': 'Bronze'}",All,,Americas,,,genji,Genji,6.8,50.1,DAMAGE,2026-05-16 15:18:25.728179+00:00,2026_05_16
7,2025-08-29 14:38:54.603149414,https://overwatch.blizzard.com/en-us/rates/data/?map=all-maps&role=All&rq=1&input=Console&region=Americas&tier=Bronze,"{'map': 'all-maps', 'role': 'All', 'rq': '1', 'input': 'Console', 'region': 'Americas', 'tier': 'Bronze'}",All,,Americas,,,hanzo,Hanzo,11.7,51.4,DAMAGE,2026-05-16 15:18:25.728179+00:00,2026_05_16
7,2025-08-29 14:38:54.603149414,https://overwatch.blizzard.com/en-us/rates/data/?map=all-maps&role=All&rq=1&input=Console&region=Americas&tier=Bronze,"{'map': 'all-maps', 'role': 'All', 'rq': '1', 'input': 'Console', 'region': 'Americas', 'tier': 'Bronze'}",All,,Americas,,,hazard,Hazard,2.1,43.0,TANK,2026-05-16 15:18:25.728179+00:00,2026_05_16
7,2025-08-29 14:38:54.603149414,https://overwatch.blizzard.com/en-us/rates/data/?map=all-maps&role=All&rq=1&input=Console&region=Americas&tier=Bronze,"{'map': 'all-maps', 'role': 'All', 'rq': '1', 'input': 'Console', 'region': 'Americas', 'tier': 'Bronze'}",All,,Americas,,,illari,Illari,10.9,50.2,SUPPORT,2026-05-16 15:18:25.728179+00:00,2026_05_16
7,2025-08-29 14:38:54.603149414,https://overwatch.blizzard.com/en-us/rates/data/?map=all-maps&role=All&rq=1&input=Console&region=Americas&tier=Bronze,"{'map': 'all-maps', 'role': 'All', 'rq': '1', 'input': 'Console', 'region': 'Americas', 'tier': 'Bronze'}",All,,Americas,,,junker-queen,Junker Queen,4.9,46.8,TANK,2026-05-16 15:18:25.728179+00:00,2026_05_16
7,2025-08-29 14:38:54.603149414,https://overwatch.blizzard.com/en-us/rates/data/?map=all-maps&role=All&rq=1&input=Console&region=Americas&tier=Bronze,"{'map': 'all-maps', 'role': 'All', 'rq': '1', 'input': 'Console', 'region': 'Americas', 'tier': 'Bronze'}",All,,Americas,,,junkrat,Junkrat,11.4,50.3,DAMAGE,2026-05-16 15:18:25.728179+00:00,2026_05_16
7,2025-08-29 14:38:54.603149414,https://overwatch.blizzard.com/en-us/rates/data/?map=all-maps&role=All&rq=1&input=Console&region=Americas&tier=Bronze,"{'map': 'all-maps', 'role': 'All', 'rq': '1', 'input': 'Console', 'region': 'Americas', 'tier': 'Bronze'}",All,,Americas,,,juno,Juno,16.0,50.2,SUPPORT,2026-05-16 15:18:25.728179+00:00,2026_05_16
7,2025-08-29 14:38:54.603149414,https://overwatch.blizzard.com/en-us/rates/data/?map=all-maps&role=All&rq=1&input=Console&region=Americas&tier=Bronze,"{'map': 'all-maps', 'role': 'All', 'rq': '1', 'input': 'Console', 'region': 'Americas', 'tier': 'Bronze'}",All,,Americas,,,kiriko,Kiriko,21.2,47.8,SUPPORT,2026-05-16 15:18:25.728179+00:00,2026_05_16
7,2025-08-29 14:38:54.603149414,https://overwatch.blizzard.com/en-us/rates/data/?map=all-maps&role=All&rq=1&input=Console&region=Americas&tier=Bronze,"{'map': 'all-maps', 'role': 'All', 'rq': '1', 'input': 'Console', 'region': 'Americas', 'tier': 'Bronze'}",All,,Americas,,,lifeweaver,Lifeweaver,13.2,48.2,SUPPORT,2026-05-16 15:18:25.728179+00:00,2026_05_16
7,2025-08-29 14:38:54.603149414,https://overwatch.blizzard.com/en-us/rates/data/?map=all-maps&role=All&rq=1&input=Console&region=Americas&tier=Bronze,"{'map': 'all-maps', 'role': 'All', 'rq': '1', 'input': 'Console', 'region': 'Americas', 'tier': 'Bronze'}",All,,Americas,,,lucio,Lúcio,11.6,50.8,SUPPORT,2026-05-16 15:18:25.728179+00:00,2026_05_16
7,2025-08-29 14:38:54.603149414,https://overwatch.blizzard.com/en-us/rates/data/?map=all-maps&role=All&rq=1&input=Console&region=Americas&tier=Bronze,"{'map': 'all-maps', 'role': 'All', 'rq': '1', 'input': 'Console', 'region': 'Americas', 'tier': 'Bronze'}",All,,Americas,,,mauga,Mauga,6.8,47.5,TANK,2026-05-16 15:18:25.728179+00:00,2026_05_16
7,2025-08-29 14:38:54.603149414,https://overwatch.blizzard.com/en-us/rates/data/?map=all-maps&role=All&rq=1&input=Console&region=Americas&tier=Bronze,"{'map': 'all-maps', 'role': 'All', 'rq': '1', 'input': 'Console', 'region': 'Americas', 'tier': 'Bronze'}",All,,Americas,,,mei,Mei,8.8,48.7,DAMAGE,2026-05-16 15:18:25.728179+00:00,2026_05_16
7,2025-08-29 14:38:54.603149414,https://overwatch.blizzard.com/en-us/rates/data/?map=all-maps&role=All&rq=1&input=Console&region=Americas&tier=Bronze,"{'map': 'all-maps', 'role': 'All', 'rq': '1', 'input': 'Console', 'region': 'Americas', 'tier': 'Bronze'}",All,,Americas,,,mercy,Mercy,34.2,49.6,SUPPORT,2026-05-16 15:18:25.728179+00:00,2026_05_16
7,2025-08-29 14:38:54.603149414,https://overwatch.blizzard.com/en-us/rates/data/?map=all-maps&role=All&rq=1&input=Console&region=Americas&tier=Bronze,"{'map': 'all-maps', 'role': 'All', 'rq': '1', 'input': 'Console', 'region': 'Americas', 'tier': 'Bronze'}",All,,Americas,,,moira,Moira,28.3,51.2,SUPPORT,2026-05-16 15:18:25.728179+00:00,2026_05_16
7,2025-08-29 14:38:54.603149414,https://overwatch.blizzard.com/en-us/rates/data/?map=all-maps&role=All&rq=1&input=Console&region=Americas&tier=Bronze,"{'map': 'all-maps', 'role': 'All', 'rq': '1', 'input': 'Console', 'region': 'Americas', 'tier': 'Bronze'}",All,,Americas,,,orisa,Orisa,19.6,51.9,TANK,2026-05-16 15:18:25.728179+00:00,2026_05_16
7,2025-08-29 14:38:54.603149414,https://overwatch.blizzard.com/en-us/rates/data/?map=all-maps&role=All&rq=1&input=Console&region=Americas&tier=Bronze,"{'map': 'all-maps', 'role': 'All', 'rq': '1', 'input': 'Console', 'region': 'Americas', 'tier': 'Bronze'}",All,,Americas,,,pharah,Pharah,6.2,50.5,DAMAGE,2026-05-16 15:18:25.728179+00:00,2026_05_16
7,2025-08-29 14:38:54.603149414,https://overwatch.blizzard.com/en-us/rates/data/?map=all-maps&role=All&rq=1&input=Console&region=Americas&tier=Bronze,"{'map': 'all-maps', 'role': 'All', 'rq': '1', 'input': 'Console', 'region': 'Americas', 'tier': 'Bronze'}",All,,Americas,,,ramattra,Ramattra,11.1,51.5,TANK,2026-05-16 15:18:25.728179+00:00,2026_05_16
7,2025-08-29 14:38:54.603149414,https://overwatch.blizzard.com/en-us/rates/data/?map=all-maps&role=All&rq=1&input=Console&region=Americas&tier=Bronze,"{'map': 'all-maps', 'role': 'All', 'rq': '1', 'input': 'Console', 'region': 'Americas', 'tier': 'Bronze'}",All,,Americas,,,reaper,Reaper,10.0,56.1,DAMAGE,2026-05-16 15:18:25.728179+00:00,2026_05_16
7,2025-08-29 14:38:54.603149414,https://overwatch.blizzard.com/en-us/rates/data/?map=all-maps&role=All&rq=1&input=Console&region=Americas&tier=Bronze,"{'map': 'all-maps', 'role': 'All', 'rq': '1', 'input': 'Console', 'region': 'Americas', 'tier': 'Bronze'}",All,,Americas,,,reinhardt,Reinhardt,7.8,57.0,TANK,2026-05-16 15:18:25.728179+00:00,2026_05_16
7,2025-08-29 14:38:54.603149414,https://overwatch.blizzard.com/en-us/rates/data/?map=all-maps&role=All&rq=1&input=Console&region=Americas&tier=Bronze,"{'map': 'all-maps', 'role': 'All', 'rq': '1', 'input': 'Console', 'region': 'Americas', 'tier': 'Bronze'}",All,,Americas,,,roadhog,Roadhog,4.9,39.7,TANK,2026-05-16 15:18:25.728179+00:00,2026_05_16
7,2025-08-29 14:38:54.603149414,https://overwatch.blizzard.com/en-us/rates/data/?map=all-maps&role=All&rq=1&input=Console&region=Americas&tier=Bronze,"{'map': 'all-maps', 'role': 'All', 'rq': '1', 'input': 'Console', 'region': 'Americas', 'tier': 'Bronze'}",All,,Americas,,,sigma,Sigma,9.3,52.0,TANK,2026-05-16 15:18:25.728179+00:00,2026_05_16
7,2025-08-29 14:38:54.603149414,https://overwatch.blizzard.com/en-us/rates/data/?map=all-maps&role=All&rq=1&input=Console&region=Americas&tier=Bronze,"{'map': 'all-maps', 'role': 'All', 'rq': '1', 'input': 'Console', 'region': 'Americas', 'tier': 'Bronze'}",All,,Americas,,,sojourn,Sojourn,21.4,43.8,DAMAGE,2026-05-16 15:18:25.728179+00:00,2026_05_16
7,2025-08-29 14:38:54.603149414,https://overwatch.blizzard.com/en-us/rates/data/?map=all-maps&role=All&rq=1&input=Console&region=Americas&tier=Bronze,"{'map': 'all-maps', 'role': 'All', 'rq': '1', 'input': 'Console', 'region': 'Americas', 'tier': 'Bronze'}",All,,Americas,,,soldier-76,Soldier: 76,18.0,50.3,DAMAGE,2026-05-16 15:18:25.728179+00:00,2026_05_16
7,2025-08-29 14:38:54.603149414,https://overwatch.blizzard.com/en-us/rates/data/?map=all-maps&role=All&rq=1&input=Console&region=Americas&tier=Bronze,"{'map': 'all-maps', 'role': 'All', 'rq': '1', 'input': 'Console', 'region': 'Americas', 'tier': 'Bronze'}",All,,Americas,,,sombra,Sombra,2.3,51.3,DAMAGE,2026-05-16 15:18:25.728179+00:00,2026_05_16
7,2025-08-29 14:38:54.603149414,https://overwatch.blizzard.com/en-us/rates/data/?map=all-maps&role=All&rq=1&input=Console&region=Americas&tier=Bronze,"{'map': 'all-maps', 'role': 'All', 'rq': '1', 'input': 'Console', 'region': 'Americas', 'tier': 'Bronze'}",All,,Americas,,,symmetra,Symmetra,5.0,60.8,DAMAGE,2026-05-16 15:18:25.728179+00:00,2026_05_16
7,2025-08-29 14:38:54.603149414,https://overwatch.blizzard.com/en-us/rates/data/?map=all-maps&role=All&rq=1&input=Console&region=Americas&tier=Bronze,"{'map': 'all-maps', 'role': 'All', 'rq': '1', 'input': 'Console', 'region': 'Americas', 'tier': 'Bronze'}",All,,Americas,,,torbjorn,Torbjörn,8.6,54.5,DAMAGE,2026-05-16 15:18:25.728179+00:00,2026_05_16
7,2025-08-29 14:38:54.603149414,https://overwatch.blizzard.com/en-us/rates/data/?map=all-maps&role=All&rq=1&input=Console&region=Americas&tier=Bronze,"{'map': 'all-maps', 'role': 'All', 'rq': '1', 'input': 'Console', 'region': 'Americas', 'tier': 'Bronze'}",All,,Americas,,,tracer,Tracer,4.4,51.5,DAMAGE,2026-05-16 15:18:25.728179+00:00,2026_05_16
7,2025-08-29 14:38:54.603149414,https://overwatch.blizzard.com/en-us/rates/data/?map=all-maps&role=All&rq=1&input=Console&region=Americas&tier=Bronze,"{'map': 'all-maps', 'role': 'All', 'rq': '1', 'input': 'Console', 'region': 'Americas', 'tier': 'Bronze'}",All,,Americas,,,venture,Venture,2.7,49.6,DAMAGE,2026-05-16 15:18:25.728179+00:00,2026_05_16
7,2025-08-29 14:38:54.603149414,https://overwatch.blizzard.com/en-us/rates/data/?map=all-maps&role=All&rq=1&input=Console&region=Americas&tier=Bronze,"{'map': 'all-maps', 'role': 'All', 'rq': '1', 'input': 'Console', 'region': 'Americas', 'tier': 'Bronze'}",All,,Americas,,,widowmaker,Widowmaker,10.6,42.1,DAMAGE,2026-05-16 15:18:25.728179+00:00,2026_05_16
7,2025-08-29 14:38:54.603149414,https://overwatch.blizzard.com/en-us/rates/data/?map=all-maps&role=All&rq=1&input=Console&region=Americas&tier=Bronze,"{'map': 'all-maps', 'role': 'All', 'rq': '1', 'input': 'Console', 'region': 'Americas', 'tier': 'Bronze'}",All,,Americas,,,winston,Winston,2.0,43.0,TANK,2026-05-16 15:18:25.728179+00:00,2026_05_16
7,2025-08-29 14:38:54.603149414,https://overwatch.blizzard.com/en-us/rates/data/?map=all-maps&role=All&rq=1&input=Console&region=Americas&tier=Bronze,"{'map': 'all-maps', 'role': 'All', 'rq': '1', 'input': 'Console', 'region': 'Americas', 'tier': 'Bronze'}",All,,Americas,,,wrecking-ball,Wrecking Ball,2.0,51.5,TANK,2026-05-16 15:18:25.728179+00:00,2026_05_16
7,2025-08-29 14:38:54.603149414,https://overwatch.blizzard.com/en-us/rates/data/?map=all-maps&role=All&rq=1&input=Console&region=Americas&tier=Bronze,"{'map': 'all-maps', 'role': 'All', 'rq': '1', 'input': 'Console', 'region': 'Americas', 'tier': 'Bronze'}",All,,Americas,,,wuyang,Wuyang,30.0,51.1,SUPPORT,2026-05-16 15:18:25.728179+00:00,2026_05_16
7,2025-08-29 14:38:54.603149414,https://overwatch.blizzard.com/en-us/rates/data/?map=all-maps&role=All&rq=1&input=Console&region=Americas&tier=Bronze,"{'map': 'all-maps', 'role': 'All', 'rq': '1', 'input': 'Console', 'region': 'Americas', 'tier': 'Bronze'}",All,,Americas,,,zarya,Zarya,2.5,53.9,TANK,2026-05-16 15:18:25.728179+00:00,2026_05_16
7,2025-08-29 14:38:54.603149414,https://overwatch.blizzard.com/en-us/rates/data/?map=all-maps&role=All&rq=1&input=Console&region=Americas&tier=Bronze,"{'map': 'all-maps', 'role': 'All', 'rq': '1', 'input': 'Console', 'region': 'Americas', 'tier': 'Bronze'}",All,,Americas,,,zenyatta,Zenyatta,13.7,49.5,SUPPORT,2026-05-16 15:18:25.728179+00:00,2026_05_16
8,2025-08-29 14:38:54.862359285,https://overwatch.blizzard.com/en-us/rates/data/?map=all-maps&role=All&rq=1&input=Console&region=Americas&tier=Silver,"{'map': 'all-maps', 'role': 'All', 'rq': '1', 'input': 'Console', 'region': 'Americas', 'tier': 'Silver'}",All,,Americas,,,ana,Ana,11.6,45.4,SUPPORT,2026-05-16 15:18:25.728179+00:00,2026_05_16
8,2025-08-29 14:38:54.862359285,https://overwatch.blizzard.com/en-us/rates/data/?map=all-maps&role=All&rq=1&input=Console&region=Americas&tier=Silver,"{'map': 'all-maps', 'role': 'All', 'rq': '1', 'input': 'Console', 'region': 'Americas', 'tier': 'Silver'}",All,,Americas,,,ashe,Ashe,16.5,50.3,DAMAGE,2026-05-16 15:18:25.728179+00:00,2026_05_16
8,2025-08-29 14:38:54.862359285,https://overwatch.blizzard.com/en-us/rates/data/?map=all-maps&role=All&rq=1&input=Console&region=Americas&tier=Silver,"{'map': 'all-maps', 'role': 'All', 'rq': '1', 'input': 'Console', 'region': 'Americas', 'tier': 'Silver'}",All,,Americas,,,baptiste,Baptiste,7.5,45.1,SUPPORT,2026-05-16 15:18:25.728179+00:00,2026_05_16
8,2025-08-29 14:38:54.862359285,https://overwatch.blizzard.com/en-us/rates/data/?map=all-maps&role=All&rq=1&input=Console&region=Americas&tier=Silver,"{'map': 'all-maps', 'role': 'All', 'rq': '1', 'input': 'Console', 'region': 'Americas', 'tier': 'Silver'}",All,,Americas,,,bastion,Bastion,22.0,49.0,DAMAGE,2026-05-16 15:18:25.728179+00:00,2026_05_16
8,2025-08-29 14:38:54.862359285,https://overwatch.blizzard.com/en-us/rates/data/?map=all-maps&role=All&rq=1&input=Console&region=Americas&tier=Silver,"{'map': 'all-maps', 'role': 'All', 'rq': '1', 'input': 'Console', 'region': 'Americas', 'tier': 'Silver'}",All,,Americas,,,brigitte,Brigitte,3.8,50.3,SUPPORT,2026-05-16 15:18:25.728179+00:00,2026_05_16
8,2025-08-29 14:38:54.862359285,https://overwatch.blizzard.com/en-us/rates/data/?map=all-maps&role=All&rq=1&input=Console&region=Americas&tier=Silver,"{'map': 'all-maps', 'role': 'All', 'rq': '1', 'input': 'Console', 'region': 'Americas', 'tier': 'Silver'}",All,,Americas,,,cassidy,Cassidy,16.3,48.9,DAMAGE,2026-05-16 15:18:25.728179+00:00,2026_05_16
8,2025-08-29 14:38:54.862359285,https://overwatch.blizzard.com/en-us/rates/data/?map=all-maps&role=All&rq=1&input=Console&region=Americas&tier=Silver,"{'map': 'all-maps', 'role': 'All', 'rq': '1', 'input': 'Console', 'region': 'Americas', 'tier': 'Silver'}",All,,Americas,,,dva,D.Va,20.2,49.8,TANK,2026-05-16 15:18:25.728179+00:00,2026_05_16
8,2025-08-29 14:38:54.862359285,https://overwatch.blizzard.com/en-us/rates/data/?map=all-maps&role=All&rq=1&input=Console&region=Americas&tier=Silver,"{'map': 'all-maps', 'role': 'All', 'rq': '1', 'input': 'Console', 'region': 'Americas', 'tier': 'Silver'}",All,,Americas,,,doomfist,Doomfist,3.5,52.2,TANK,2026-05-16 15:18:25.728179+00:00,2026_05_16
8,2025-08-29 14:38:54.862359285,https://overwatch.blizzard.com/en-us/rates/data/?map=all-maps&role=All&rq=1&input=Console&region=Americas&tier=Silver,"{'map': 'all-maps', 'role': 'All', 'rq': '1', 'input': 'Console', 'region': 'Americas', 'tier': 'Silver'}",All,,Americas,,,echo,Echo,5.7,47.3,DAMAGE,2026-05-16 15:18:25.728179+00:00,2026_05_16
8,2025-08-29 14:38:54.862359285,https://overwatch.blizzard.com/en-us/rates/data/?map=all-maps&role=All&rq=1&input=Console&region=Americas&tier=Silver,"{'map': 'all-maps', 'role': 'All', 'rq': '1', 'input': 'Console', 'region': 'Americas', 'tier': 'Silver'}",All,,Americas,,,freja,Freja,5.4,44.2,DAMAGE,2026-05-16 15:18:25.728179+00:00,2026_05_16
8,2025-08-29 14:38:54.862359285,https://overwatch.blizzard.com/en-us/rates/data/?map=all-maps&role=All&rq=1&input=Console&region=Americas&tier=Silver,"{'map': 'all-maps', 'role': 'All', 'rq': '1', 'input': 'Console', 'region': 'Americas', 'tier': 'Silver'}",All,,Americas,,,genji,Genji,8.0,52.6,DAMAGE,2026-05-16 15:18:25.728179+00:00,2026_05_16
8,2025-08-29 14:38:54.862359285,https://overwatch.blizzard.com/en-us/rates/data/?map=all-maps&role=All&rq=1&input=Console&region=Americas&tier=Silver,"{'map': 'all-maps', 'role': 'All', 'rq': '1', 'input': 'Console', 'region': 'Americas', 'tier': 'Silver'}",All,,Americas,,,hanzo,Hanzo,11.7,52.1,DAMAGE,2026-05-16 15:18:25.728179+00:00,2026_05_16
8,2025-08-29 14:38:54.862359285,https://overwatch.blizzard.com/en-us/rates/data/?map=all-maps&role=All&rq=1&input=Console&region=Americas&tier=Silver,"{'map': 'all-maps', 'role': 'All', 'rq': '1', 'input': 'Console', 'region': 'Americas', 'tier': 'Silver'}",All,,Americas,,,hazard,Hazard,2.0,48.1,TANK,2026-05-16 15:18:25.728179+00:00,2026_05_16
8,2025-08-29 14:38:54.862359285,https://overwatch.blizzard.com/en-us/rates/data/?map=all-maps&role=All&rq=1&input=Console&region=Americas&tier=Silver,"{'map': 'all-maps', 'role': 'All', 'rq': '1', 'input': 'Console', 'region': 'Americas', 'tier': 'Silver'}",All,,Americas,,,illari,Illari,10.0,50.3,SUPPORT,2026-05-16 15:18:25.728179+00:00,2026_05_16
8,2025-08-29 14:38:54.862359285,https://overwatch.blizzard.com/en-us/rates/data/?map=all-maps&role=All&rq=1&input=Console&region=Americas&tier=Silver,"{'map': 'all-maps', 'role': 'All', 'rq': '1', 'input': 'Console', 'region': 'Americas', 'tier': 'Silver'}",All,,Americas,,,junker-queen,Junker Queen,5.4,52.8,TANK,2026-05-16 15:18:25.728179+00:00,2026_05_16
8,2025-08-29 14:38:54.862359285,https://overwatch.blizzard.com/en-us/rates/data/?map=all-maps&role=All&rq=1&input=Console&region=Americas&tier=Silver,"{'map': 'all-maps', 'role': 'All', 'rq': '1', 'input': 'Console', 'region': 'Americas', 'tier': 'Silver'}",All,,Americas,,,junkrat,Junkrat,13.1,48.0,DAMAGE,2026-05-16 15:18:25.728179+00:00,2026_05_16
8,2025-08-29 14:38:54.862359285,https://overwatch.blizzard.com/en-us/rates/data/?map=all-maps&role=All&rq=1&input=Console&region=Americas&tier=Silver,"{'map': 'all-maps', 'role': 'All', 'rq': '1', 'input': 'Console', 'region': 'Americas', 'tier': 'Silver'}",All,,Americas,,,juno,Juno,12.4,48.2,SUPPORT,2026-05-16 15:18:25.728179+00:00,2026_05_16
8,2025-08-29 14:38:54.862359285,https://overwatch.blizzard.com/en-us/rates/data/?map=all-maps&role=All&rq=1&input=Console&region=Americas&tier=Silver,"{'map': 'all-maps', 'role': 'All', 'rq': '1', 'input': 'Console', 'region': 'Americas', 'tier': 'Silver'}",All,,Americas,,,kiriko,Kiriko,17.5,46.3,SUPPORT,2026-05-16 15:18:25.728179+00:00,2026_05_16
8,2025-08-29 14:38:54.862359285,https://overwatch.blizzard.com/en-us/rates/data/?map=all-maps&role=All&rq=1&input=Console&region=Americas&tier=Silver,"{'map': 'all-maps', 'role': 'All', 'rq': '1', 'input': 'Console', 'region': 'Americas', 'tier': 'Silver'}",All,,Americas,,,lifeweaver,Lifeweaver,14.1,45.2,SUPPORT,2026-05-16 15:18:25.728179+00:00,2026_05_16
8,2025-08-29 14:38:54.862359285,https://overwatch.blizzard.com/en-us/rates/data/?map=all-maps&role=All&rq=1&input=Console&region=Americas&tier=Silver,"{'map': 'all-maps', 'role': 'All', 'rq': '1', 'input': 'Console', 'region': 'Americas', 'tier': 'Silver'}",All,,Americas,,,lucio,Lúcio,13.1,53.5,SUPPORT,2026-05-16 15:18:25.728179+00:00,2026_05_16
8,2025-08-29 14:38:54.862359285,https://overwatch.blizzard.com/en-us/rates/data/?map=all-maps&role=All&rq=1&input=Console&region=Americas&tier=Silver,"{'map': 'all-maps', 'role': 'All', 'rq': '1', 'input': 'Console', 'region': 'Americas', 'tier': 'Silver'}",All,,Americas,,,mauga,Mauga,6.0,49.1,TANK,2026-05-16 15:18:25.728179+00:00,2026_05_16
8,2025-08-29 14:38:54.862359285,https://overwatch.blizzard.com/en-us/rates/data/?map=all-maps&role=All&rq=1&input=Console&region=Americas&tier=Silver,"{'map': 'all-maps', 'role': 'All', 'rq': '1', 'input': 'Console', 'region': 'Americas', 'tier': 'Silver'}",All,,Americas,,,mei,Mei,11.2,49.2,DAMAGE,2026-05-16 15:18:25.728179+00:00,2026_05_16
8,2025-08-29 14:38:54.862359285,https://overwatch.blizzard.com/en-us/rates/data/?map=all-maps&role=All&rq=1&input=Console&region=Americas&tier=Silver,"{'map': 'all-maps', 'role': 'All', 'rq': '1', 'input': 'Console', 'region': 'Americas', 'tier': 'Silver'}",All,,Americas,,,mercy,Mercy,33.0,50.6,SUPPORT,2026-05-16 15:18:25.728179+00:00,2026_05_16
8,2025-08-29 14:38:54.862359285,https://overwatch.blizzard.com/en-us/rates/data/?map=all-maps&role=All&rq=1&input=Console&region=Americas&tier=Silver,"{'map': 'all-maps', 'role': 'All', 'rq': '1', 'input': 'Console', 'region': 'Americas', 'tier': 'Silver'}",All,,Americas,,,moira,Moira,33.1,49.1,SUPPORT,2026-05-16 15:18:25.728179+00:00,2026_05_16
8,2025-08-29 14:38:54.862359285,https://overwatch.blizzard.com/en-us/rates/data/?map=all-maps&role=All&rq=1&input=Console&region=Americas&tier=Silver,"{'map': 'all-maps', 'role': 'All', 'rq': '1', 'input': 'Console', 'region': 'Americas', 'tier': 'Silver'}",All,,Americas,,,orisa,Orisa,17.9,46.5,TANK,2026-05-16 15:18:25.728179+00:00,2026_05_16
8,2025-08-29 14:38:54.862359285,https://overwatch.blizzard.com/en-us/rates/data/?map=all-maps&role=All&rq=1&input=Console&region=Americas&tier=Silver,"{'map': 'all-maps', 'role': 'All', 'rq': '1', 'input': 'Console', 'region': 'Americas', 'tier': 'Silver'}",All,,Americas,,,pharah,Pharah,4.9,47.0,DAMAGE,2026-05-16 15:18:25.728179+00:00,2026_05_16
8,2025-08-29 14:38:54.862359285,https://overwatch.blizzard.com/en-us/rates/data/?map=all-maps&role=All&rq=1&input=Console&region=Americas&tier=Silver,"{'map': 'all-maps', 'role': 'All', 'rq': '1', 'input': 'Console', 'region': 'Americas', 'tier': 'Silver'}",All,,Americas,,,ramattra,Ramattra,11.4,49.7,TANK,2026-05-16 15:18:25.728179+00:00,2026_05_16
8,2025-08-29 14:38:54.862359285,https://overwatch.blizzard.com/en-us/rates/data/?map=all-maps&role=All&rq=1&input=Console&region=Americas&tier=Silver,"{'map': 'all-maps', 'role': 'All', 'rq': '1', 'input': 'Console', 'region': 'Americas', 'tier': 'Silver'}",All,,Americas,,,reaper,Reaper,12.4,54.4,DAMAGE,2026-05-16 15:18:25.728179+00:00,2026_05_16
8,2025-08-29 14:38:54.862359285,https://overwatch.blizzard.com/en-us/rates/data/?map=all-maps&role=All&rq=1&input=Console&region=Americas&tier=Silver,"{'map': 'all-maps', 'role': 'All', 'rq': '1', 'input': 'Console', 'region': 'Americas', 'tier': 'Silver'}",All,,Americas,,,reinhardt,Reinhardt,10.7,55.7,TANK,2026-05-16 15:18:25.728179+00:00,2026_05_16
8,2025-08-29 14:38:54.862359285,https://overwatch.blizzard.com/en-us/rates/data/?map=all-maps&role=All&rq=1&input=Console&region=Americas&tier=Silver,"{'map': 'all-maps', 'role': 'All', 'rq': '1', 'input': 'Console', 'region': 'Americas', 'tier': 'Silver'}",All,,Americas,,,roadhog,Roadhog,4.5,36.4,TANK,2026-05-16 15:18:25.728179+00:00,2026_05_16
8,2025-08-29 14:38:54.862359285,https://overwatch.blizzard.com/en-us/rates/data/?map=all-maps&role=All&rq=1&input=Console&region=Americas&tier=Silver,"{'map': 'all-maps', 'role': 'All', 'rq': '1', 'input': 'Console', 'region': 'Americas', 'tier': 'Silver'}",All,,Americas,,,sigma,Sigma,10.7,51.0,TANK,2026-05-16 15:18:25.728179+00:00,2026_05_16
8,2025-08-29 14:38:54.862359285,https://overwatch.blizzard.com/en-us/rates/data/?map=all-maps&role=All&rq=1&input=Console&region=Americas&tier=Silver,"{'map': 'all-maps', 'role': 'All', 'rq': '1', 'input': 'Console', 'region': 'Americas', 'tier': 'Silver'}",All,,Americas,,,sojourn,Sojourn,18.9,45.6,DAMAGE,2026-05-16 15:18:25.728179+00:00,2026_05_16
8,2025-08-29 14:38:54.862359285,https://overwatch.blizzard.com/en-us/rates/data/?map=all-maps&role=All&rq=1&input=Console&region=Americas&tier=Silver,"{'map': 'all-maps', 'role': 'All', 'rq': '1', 'input': 'Console', 'region': 'Americas', 'tier': 'Silver'}",All,,Americas,,,soldier-76,Soldier: 76,20.3,50.4,DAMAGE,2026-05-16 15:18:25.728179+00:00,2026_05_16
8,2025-08-29 14:38:54.862359285,https://overwatch.blizzard.com/en-us/rates/data/?map=all-maps&role=All&rq=1&input=Console&region=Americas&tier=Silver,"{'map': 'all-maps', 'role': 'All', 'rq': '1', 'input': 'Console', 'region': 'Americas', 'tier': 'Silver'}",All,,Americas,,,sombra,Sombra,2.0,52.9,DAMAGE,2026-05-16 15:18:25.728179+00:00,2026_05_16
8,2025-08-29 14:38:54.862359285,https://overwatch.blizzard.com/en-us/rates/data/?map=all-maps&role=All&rq=1&input=Console&region=Americas&tier=Silver,"{'map': 'all-maps', 'role': 'All', 'rq': '1', 'input': 'Console', 'region': 'Americas', 'tier': 'Silver'}",All,,Americas,,,symmetra,Symmetra,4.9,54.7,DAMAGE,2026-05-16 15:18:25.728179+00:00,2026_05_16
8,2025-08-29 14:38:54.862359285,https://overwatch.blizzard.com/en-us/rates/data/?map=all-maps&role=All&rq=1&input=Console&region=Americas&tier=Silver,"{'map': 'all-maps', 'role': 'All', 'rq': '1', 'input': 'Console', 'region': 'Americas', 'tier': 'Silver'}",All,,Americas,,,torbjorn,Torbjörn,11.0,52.4,DAMAGE,2026-05-16 15:18:25.728179+00:00,2026_05_16
8,2025-08-29 14:38:54.862359285,https://overwatch.blizzard.com/en-us/rates/data/?map=all-maps&role=All&rq=1&input=Console&region=Americas&tier=Silver,"{'map': 'all-maps', 'role': 'All', 'rq': '1', 'input': 'Console', 'region': 'Americas', 'tier': 'Silver'}",All,,Americas,,,tracer,Tracer,5.4,49.9,DAMAGE,2026-05-16 15:18:25.728179+00:00,2026_05_16
8,2025-08-29 14:38:54.862359285,https://overwatch.blizzard.com/en-us/rates/data/?map=all-maps&role=All&rq=1&input=Console&region=Americas&tier=Silver,"{'map': 'all-maps', 'role': 'All', 'rq': '1', 'input': 'Console', 'region': 'Americas', 'tier': 'Silver'}",All,,Americas,,,venture,Venture,4.2,51.7,DAMAGE,2026-05-16 15:18:25.728179+00:00,2026_05_16
8,2025-08-29 14:38:54.862359285,https://overwatch.blizzard.com/en-us/rates/data/?map=all-maps&role=All&rq=1&input=Console&region=Americas&tier=Silver,"{'map': 'all-maps', 'role': 'All', 'rq': '1', 'input': 'Console', 'region': 'Americas', 'tier': 'Silver'}",All,,Americas,,,widowmaker,Widowmaker,6.2,44.9,DAMAGE,2026-05-16 15:18:25.728179+00:00,2026_05_16
8,2025-08-29 14:38:54.862359285,https://overwatch.blizzard.com/en-us/rates/data/?map=all-maps&role=All&rq=1&input=Console&region=Americas&tier=Silver,"{'map': 'all-maps', 'role': 'All', 'rq': '1', 'input': 'Console', 'region': 'Americas', 'tier': 'Silver'}",All,,Americas,,,winston,Winston,2.6,47.3,TANK,2026-05-16 15:18:25.728179+00:00,2026_05_16
8,2025-08-29 14:38:54.862359285,https://overwatch.blizzard.com/en-us/rates/data/?map=all-maps&role=All&rq=1&input=Console&region=Americas&tier=Silver,"{'map': 'all-maps', 'role': 'All', 'rq': '1', 'input': 'Console', 'region': 'Americas', 'tier': 'Silver'}",All,,Americas,,,wrecking-ball,Wrecking Ball,1.6,52.0,TANK,2026-05-16 15:18:25.728179+00:00,2026_05_16
8,2025-08-29 14:38:54.862359285,https://overwatch.blizzard.com/en-us/rates/data/?map=all-maps&role=All&rq=1&input=Console&region=Americas&tier=Silver,"{'map': 'all-maps', 'role': 'All', 'rq': '1', 'input': 'Console', 'region': 'Americas', 'tier': 'Silver'}",All,,Americas,,,wuyang,Wuyang,30.6,54.5,SUPPORT,2026-05-16 15:18:25.728179+00:00,2026_05_16
8,2025-08-29 14:38:54.862359285,https://overwatch.blizzard.com/en-us/rates/data/?map=all-maps&role=All&rq=1&input=Console&region=Americas&tier=Silver,"{'map': 'all-maps', 'role': 'All', 'rq': '1', 'input': 'Console', 'region': 'Americas', 'tier': 'Silver'}",All,,Americas,,,zarya,Zarya,3.6,52.8,TANK,2026-05-16 15:18:25.728179+00:00,2026_05_16
8,2025-08-29 14:38:54.862359285,https://overwatch.blizzard.com/en-us/rates/data/?map=all-maps&role=All&rq=1&input=Console&region=Americas&tier=Silver,"{'map': 'all-maps', 'role': 'All', 'rq': '1', 'input': 'Console', 'region': 'Americas', 'tier': 'Silver'}",All,,Americas,,,zenyatta,Zenyatta,13.1,52.0,SUPPORT,2026-05-16 15:18:25.728179+00:00,2026_05_16
9,2025-08-29 14:38:55.123778820,https://overwatch.blizzard.com/en-us/rates/data/?map=all-maps&role=All&rq=1&input=Console&region=Americas&tier=Gold,"{'map': 'all-maps', 'role': 'All', 'rq': '1', 'input': 'Console', 'region': 'Americas', 'tier': 'Gold'}",All,,Americas,,,ana,Ana,15.0,46.4,SUPPORT,2026-05-16 15:18:25.728179+00:00,2026_05_16
9,2025-08-29 14:38:55.123778820,https://overwatch.blizzard.com/en-us/rates/data/?map=all-maps&role=All&rq=1&input=Console&region=Americas&tier=Gold,"{'map': 'all-maps', 'role': 'All', 'rq': '1', 'input': 'Console', 'region': 'Americas', 'tier': 'Gold'}",All,,Americas,,,ashe,Ashe,16.1,51.4,DAMAGE,2026-05-16 15:18:25.728179+00:00,2026_05_16
9,2025-08-29 14:38:55.123778820,https://overwatch.blizzard.com/en-us/rates/data/?map=all-maps&role=All&rq=1&input=Console&region=Americas&tier=Gold,"{'map': 'all-maps', 'role': 'All', 'rq': '1', 'input': 'Console', 'region': 'Americas', 'tier': 'Gold'}",All,,Americas,,,baptiste,Baptiste,9.5,46.1,SUPPORT,2026-05-16 15:18:25.728179+00:00,2026_05_16
9,2025-08-29 14:38:55.123778820,https://overwatch.blizzard.com/en-us/rates/data/?map=all-maps&role=All&rq=1&input=Console&region=Americas&tier=Gold,"{'map': 'all-maps', 'role': 'All', 'rq': '1', 'input': 'Console', 'region': 'Americas', 'tier': 'Gold'}",All,,Americas,,,bastion,Bastion,16.9,46.1,DAMAGE,2026-05-16 15:18:25.728179+00:00,2026_05_16
9,2025-08-29 14:38:55.123778820,https://overwatch.blizzard.com/en-us/rates/data/?map=all-maps&role=All&rq=1&input=Console&region=Americas&tier=Gold,"{'map': 'all-maps', 'role': 'All', 'rq': '1', 'input': 'Console', 'region': 'Americas', 'tier': 'Gold'}",All,,Americas,,,brigitte,Brigitte,4.4,49.6,SUPPORT,2026-05-16 15:18:25.728179+00:00,2026_05_16
9,2025-08-29 14:38:55.123778820,https://overwatch.blizzard.com/en-us/rates/data/?map=all-maps&role=All&rq=1&input=Console&region=Americas&tier=Gold,"{'map': 'all-maps', 'role': 'All', 'rq': '1', 'input': 'Console', 'region': 'Americas', 'tier': 'Gold'}",All,,Americas,,,cassidy,Cassidy,22.8,49.8,DAMAGE,2026-05-16 15:18:25.728179+00:00,2026_05_16
9,2025-08-29 14:38:55.123778820,https://overwatch.blizzard.com/en-us/rates/data/?map=all-maps&role=All&rq=1&input=Console&region=Americas&tier=Gold,"{'map': 'all-maps', 'role': 'All', 'rq': '1', 'input': 'Console', 'region': 'Americas', 'tier': 'Gold'}",All,,Americas,,,dva,D.Va,15.6,50.8,TANK,2026-05-16 15:18:25.728179+00:00,2026_05_16
9,2025-08-29 14:38:55.123778820,https://overwatch.blizzard.com/en-us/rates/data/?map=all-maps&role=All&rq=1&input=Console&region=Americas&tier=Gold,"{'map': 'all-maps', 'role': 'All', 'rq': '1', 'input': 'Console', 'region': 'Americas', 'tier': 'Gold'}",All,,Americas,,,doomfist,Doomfist,5.8,53.2,TANK,2026-05-16 15:18:25.728179+00:00,2026_05_16
9,2025-08-29 14:38:55.123778820,https://overwatch.blizzard.com/en-us/rates/data/?map=all-maps&role=All&rq=1&input=Console&region=Americas&tier=Gold,"{'map': 'all-maps', 'role': 'All', 'rq': '1', 'input': 'Console', 'region': 'Americas', 'tier': 'Gold'}",All,,Americas,,,echo,Echo,4.9,48.5,DAMAGE,2026-05-16 15:18:25.728179+00:00,2026_05_16
9,2025-08-29 14:38:55.123778820,https://overwatch.blizzard.com/en-us/rates/data/?map=all-maps&role=All&rq=1&input=Console&region=Americas&tier=Gold,"{'map': 'all-maps', 'role': 'All', 'rq': '1', 'input': 'Console', 'region': 'Americas', 'tier': 'Gold'}",All,,Americas,,,freja,Freja,4.4,43.7,DAMAGE,2026-05-16 15:18:25.728179+00:00,2026_05_16
9,2025-08-29 14:38:55.123778820,https://overwatch.blizzard.com/en-us/rates/data/?map=all-maps&role=All&rq=1&input=Console&region=Americas&tier=Gold,"{'map': 'all-maps', 'role': 'All', 'rq': '1', 'input': 'Console', 'region': 'Americas', 'tier': 'Gold'}",All,,Americas,,,genji,Genji,10.3,53.2,DAMAGE,2026-05-16 15:18:25.728179+00:00,2026_05_16
9,2025-08-29 14:38:55.123778820,https://overwatch.blizzard.com/en-us/rates/data/?map=all-maps&role=All&rq=1&input=Console&region=Americas&tier=Gold,"{'map': 'all-maps', 'role': 'All', 'rq': '1', 'input': 'Console', 'region': 'Americas', 'tier': 'Gold'}",All,,Americas,,,hanzo,Hanzo,10.9,51.9,DAMAGE,2026-05-16 15:18:25.728179+00:00,2026_05_16
9,2025-08-29 14:38:55.123778820,https://overwatch.blizzard.com/en-us/rates/data/?map=all-maps&role=All&rq=1&input=Console&region=Americas&tier=Gold,"{'map': 'all-maps', 'role': 'All', 'rq': '1', 'input': 'Console', 'region': 'Americas', 'tier': 'Gold'}",All,,Americas,,,hazard,Hazard,2.1,52.3,TANK,2026-05-16 15:18:25.728179+00:00,2026_05_16
9,2025-08-29 14:38:55.123778820,https://overwatch.blizzard.com/en-us/rates/data/?map=all-maps&role=All&rq=1&input=Console&region=Americas&tier=Gold,"{'map': 'all-maps', 'role': 'All', 'rq': '1', 'input': 'Console', 'region': 'Americas', 'tier': 'Gold'}",All,,Americas,,,illari,Illari,9.4,49.9,SUPPORT,2026-05-16 15:18:25.728179+00:00,2026_05_16
9,2025-08-29 14:38:55.123778820,https://overwatch.blizzard.com/en-us/rates/data/?map=all-maps&role=All&rq=1&input=Console&region=Americas&tier=Gold,"{'map': 'all-maps', 'role': 'All', 'rq': '1', 'input': 'Console', 'region': 'Americas', 'tier': 'Gold'}",All,,Americas,,,junker-queen,Junker Queen,6.1,54.3,TANK,2026-05-16 15:18:25.728179+00:00,2026_05_16
9,2025-08-29 14:38:55.123778820,https://overwatch.blizzard.com/en-us/rates/data/?map=all-maps&role=All&rq=1&input=Console&region=Americas&tier=Gold,"{'map': 'all-maps', 'role': 'All', 'rq': '1', 'input': 'Console', 'region': 'Americas', 'tier': 'Gold'}",All,,Americas,,,junkrat,Junkrat,11.3,47.9,DAMAGE,2026-05-16 15:18:25.728179+00:00,2026_05_16
9,2025-08-29 14:38:55.123778820,https://overwatch.blizzard.com/en-us/rates/data/?map=all-maps&role=All&rq=1&input=Console&region=Americas&tier=Gold,"{'map': 'all-maps', 'role': 'All', 'rq': '1', 'input': 'Console', 'region': 'Americas', 'tier': 'Gold'}",All,,Americas,,,juno,Juno,11.6,49.0,SUPPORT,2026-05-16 15:18:25.728179+00:00,2026_05_16
9,2025-08-29 14:38:55.123778820,https://overwatch.blizzard.com/en-us/rates/data/?map=all-maps&role=All&rq=1&input=Console&region=Americas&tier=Gold,"{'map': 'all-maps', 'role': 'All', 'rq': '1', 'input': 'Console', 'region': 'Americas', 'tier': 'Gold'}",All,,Americas,,,kiriko,Kiriko,16.9,45.3,SUPPORT,2026-05-16 15:18:25.728179+00:00,2026_05_16
9,2025-08-29 14:38:55.123778820,https://overwatch.blizzard.com/en-us/rates/data/?map=all-maps&role=All&rq=1&input=Console&region=Americas&tier=Gold,"{'map': 'all-maps', 'role': 'All', 'rq': '1', 'input': 'Console', 'region': 'Americas', 'tier': 'Gold'}",All,,Americas,,,lifeweaver,Lifeweaver,14.4,44.0,SUPPORT,2026-05-16 15:18:25.728179+00:00,2026_05_16
9,2025-08-29 14:38:55.123778820,https://overwatch.blizzard.com/en-us/rates/data/?map=all-maps&role=All&rq=1&input=Console&region=Americas&tier=Gold,"{'map': 'all-maps', 'role': 'All', 'rq': '1', 'input': 'Console', 'region': 'Americas', 'tier': 'Gold'}",All,,Americas,,,lucio,Lúcio,12.2,54.8,SUPPORT,2026-05-16 15:18:25.728179+00:00,2026_05_16
9,2025-08-29 14:38:55.123778820,https://overwatch.blizzard.com/en-us/rates/data/?map=all-maps&role=All&rq=1&input=Console&region=Americas&tier=Gold,"{'map': 'all-maps', 'role': 'All', 'rq': '1', 'input': 'Console', 'region': 'Americas', 'tier': 'Gold'}",All,,Americas,,,mauga,Mauga,5.5,47.3,TANK,2026-05-16 15:18:25.728179+00:00,2026_05_16
9,2025-08-29 14:38:55.123778820,https://overwatch.blizzard.com/en-us/rates/data/?map=all-maps&role=All&rq=1&input=Console&region=Americas&tier=Gold,"{'map': 'all-maps', 'role': 'All', 'rq': '1', 'input': 'Console', 'region': 'Americas', 'tier': 'Gold'}",All,,Americas,,,mei,Mei,10.8,47.1,DAMAGE,2026-05-16 15:18:25.728179+00:00,2026_05_16
9,2025-08-29 14:38:55.123778820,https://overwatch.blizzard.com/en-us/rates/data/?map=all-maps&role=All&rq=1&input=Console&region=Americas&tier=Gold,"{'map': 'all-maps', 'role': 'All', 'rq': '1', 'input': 'Console', 'region': 'Americas', 'tier': 'Gold'}",All,,Americas,,,mercy,Mercy,31.1,51.5,SUPPORT,2026-05-16 15:18:25.728179+00:00,2026_05_16
9,2025-08-29 14:38:55.123778820,https://overwatch.blizzard.com/en-us/rates/data/?map=all-maps&role=All&rq=1&input=Console&region=Americas&tier=Gold,"{'map': 'all-maps', 'role': 'All', 'rq': '1', 'input': 'Console', 'region': 'Americas', 'tier': 'Gold'}",All,,Americas,,,moira,Moira,31.6,47.0,SUPPORT,2026-05-16 15:18:25.728179+00:00,2026_05_16
9,2025-08-29 14:38:55.123778820,https://overwatch.blizzard.com/en-us/rates/data/?map=all-maps&role=All&rq=1&input=Console&region=Americas&tier=Gold,"{'map': 'all-maps', 'role': 'All', 'rq': '1', 'input': 'Console', 'region': 'Americas', 'tier': 'Gold'}",All,,Americas,,,orisa,Orisa,14.4,44.9,TANK,2026-05-16 15:18:25.728179+00:00,2026_05_16
9,2025-08-29 14:38:55.123778820,https://overwatch.blizzard.com/en-us/rates/data/?map=all-maps&role=All&rq=1&input=Console&region=Americas&tier=Gold,"{'map': 'all-maps', 'role': 'All', 'rq': '1', 'input': 'Console', 'region': 'Americas', 'tier': 'Gold'}",All,,Americas,,,pharah,Pharah,3.7,48.7,DAMAGE,2026-05-16 15:18:25.728179+00:00,2026_05_16
9,2025-08-29 14:38:55.123778820,https://overwatch.blizzard.com/en-us/rates/data/?map=all-maps&role=All&rq=1&input=Console&region=Americas&tier=Gold,"{'map': 'all-maps', 'role': 'All', 'rq': '1', 'input': 'Console', 'region': 'Americas', 'tier': 'Gold'}",All,,Americas,,,ramattra,Ramattra,11.0,46.5,TANK,2026-05-16 15:18:25.728179+00:00,2026_05_16
9,2025-08-29 14:38:55.123778820,https://overwatch.blizzard.com/en-us/rates/data/?map=all-maps&role=All&rq=1&input=Console&region=Americas&tier=Gold,"{'map': 'all-maps', 'role': 'All', 'rq': '1', 'input': 'Console', 'region': 'Americas', 'tier': 'Gold'}",All,,Americas,,,reaper,Reaper,15.1,53.6,DAMAGE,2026-05-16 15:18:25.728179+00:00,2026_05_16
9,2025-08-29 14:38:55.123778820,https://overwatch.blizzard.com/en-us/rates/data/?map=all-maps&role=All&rq=1&input=Console&region=Americas&tier=Gold,"{'map': 'all-maps', 'role': 'All', 'rq': '1', 'input': 'Console', 'region': 'Americas', 'tier': 'Gold'}",All,,Americas,,,reinhardt,Reinhardt,13.8,55.9,TANK,2026-05-16 15:18:25.728179+00:00,2026_05_16
9,2025-08-29 14:38:55.123778820,https://overwatch.blizzard.com/en-us/rates/data/?map=all-maps&role=All&rq=1&input=Console&region=Americas&tier=Gold,"{'map': 'all-maps', 'role': 'All', 'rq': '1', 'input': 'Console', 'region': 'Americas', 'tier': 'Gold'}",All,,Americas,,,roadhog,Roadhog,5.6,38.3,TANK,2026-05-16 15:18:25.728179+00:00,2026_05_16
9,2025-08-29 14:38:55.123778820,https://overwatch.blizzard.com/en-us/rates/data/?map=all-maps&role=All&rq=1&input=Console&region=Americas&tier=Gold,"{'map': 'all-maps', 'role': 'All', 'rq': '1', 'input': 'Console', 'region': 'Americas', 'tier': 'Gold'}",All,,Americas,,,sigma,Sigma,9.8,50.9,TANK,2026-05-16 15:18:25.728179+00:00,2026_05_16
9,2025-08-29 14:38:55.123778820,https://overwatch.blizzard.com/en-us/rates/data/?map=all-maps&role=All&rq=1&input=Console&region=Americas&tier=Gold,"{'map': 'all-maps', 'role': 'All', 'rq': '1', 'input': 'Console', 'region': 'Americas', 'tier': 'Gold'}",All,,Americas,,,sojourn,Sojourn,16.7,45.4,DAMAGE,2026-05-16 15:18:25.728179+00:00,2026_05_16
9,2025-08-29 14:38:55.123778820,https://overwatch.blizzard.com/en-us/rates/data/?map=all-maps&role=All&rq=1&input=Console&region=Americas&tier=Gold,"{'map': 'all-maps', 'role': 'All', 'rq': '1', 'input': 'Console', 'region': 'Americas', 'tier': 'Gold'}",All,,Americas,,,soldier-76,Soldier: 76,23.4,49.4,DAMAGE,2026-05-16 15:18:25.728179+00:00,2026_05_16
9,2025-08-29 14:38:55.123778820,https://overwatch.blizzard.com/en-us/rates/data/?map=all-maps&role=All&rq=1&input=Console&region=Americas&tier=Gold,"{'map': 'all-maps', 'role': 'All', 'rq': '1', 'input': 'Console', 'region': 'Americas', 'tier': 'Gold'}",All,,Americas,,,sombra,Sombra,2.3,51.8,DAMAGE,2026-05-16 15:18:25.728179+00:00,2026_05_16
9,2025-08-29 14:38:55.123778820,https://overwatch.blizzard.com/en-us/rates/data/?map=all-maps&role=All&rq=1&input=Console&region=Americas&tier=Gold,"{'map': 'all-maps', 'role': 'All', 'rq': '1', 'input': 'Console', 'region': 'Americas', 'tier': 'Gold'}",All,,Americas,,,symmetra,Symmetra,4.8,51.6,DAMAGE,2026-05-16 15:18:25.728179+00:00,2026_05_16
9,2025-08-29 14:38:55.123778820,https://overwatch.blizzard.com/en-us/rates/data/?map=all-maps&role=All&rq=1&input=Console&region=Americas&tier=Gold,"{'map': 'all-maps', 'role': 'All', 'rq': '1', 'input': 'Console', 'region': 'Americas', 'tier': 'Gold'}",All,,Americas,,,torbjorn,Torbjörn,9.3,51.2,DAMAGE,2026-05-16 15:18:25.728179+00:00,2026_05_16
9,2025-08-29 14:38:55.123778820,https://overwatch.blizzard.com/en-us/rates/data/?map=all-maps&role=All&rq=1&input=Console&region=Americas&tier=Gold,"{'map': 'all-maps', 'role': 'All', 'rq': '1', 'input': 'Console', 'region': 'Americas', 'tier': 'Gold'}",All,,Americas,,,tracer,Tracer,6.4,51.2,DAMAGE,2026-05-16 15:18:25.728179+00:00,2026_05_16
9,2025-08-29 14:38:55.123778820,https://overwatch.blizzard.com/en-us/rates/data/?map=all-maps&role=All&rq=1&input=Console&region=Americas&tier=Gold,"{'map': 'all-maps', 'role': 'All', 'rq': '1', 'input': 'Console', 'region': 'Americas', 'tier': 'Gold'}",All,,Americas,,,venture,Venture,5.0,52.1,DAMAGE,2026-05-16 15:18:25.728179+00:00,2026_05_16
9,2025-08-29 14:38:55.123778820,https://overwatch.blizzard.com/en-us/rates/data/?map=all-maps&role=All&rq=1&input=Console&region=Americas&tier=Gold,"{'map': 'all-maps', 'role': 'All', 'rq': '1', 'input': 'Console', 'region': 'Americas', 'tier': 'Gold'}",All,,Americas,,,widowmaker,Widowmaker,5.0,48.5,DAMAGE,2026-05-16 15:18:25.728179+00:00,2026_05_16
9,2025-08-29 14:38:55.123778820,https://overwatch.blizzard.com/en-us/rates/data/?map=all-maps&role=All&rq=1&input=Console&region=Americas&tier=Gold,"{'map': 'all-maps', 'role': 'All', 'rq': '1', 'input': 'Console', 'region': 'Americas', 'tier': 'Gold'}",All,,Americas,,,winston,Winston,3.2,47.1,TANK,2026-05-16 15:18:25.728179+00:00,2026_05_16
9,2025-08-29 14:38:55.123778820,https://overwatch.blizzard.com/en-us/rates/data/?map=all-maps&role=All&rq=1&input=Console&region=Americas&tier=Gold,"{'map': 'all-maps', 'role': 'All', 'rq': '1', 'input': 'Console', 'region': 'Americas', 'tier': 'Gold'}",All,,Americas,,,wrecking-ball,Wrecking Ball,2.2,55.3,TANK,2026-05-16 15:18:25.728179+00:00,2026_05_16
9,2025-08-29 14:38:55.123778820,https://overwatch.blizzard.com/en-us/rates/data/?map=all-maps&role=All&rq=1&input=Console&region=Americas&tier=Gold,"{'map': 'all-maps', 'role': 'All', 'rq': '1', 'input': 'Console', 'region': 'Americas', 'tier': 'Gold'}",All,,Americas,,,wuyang,Wuyang,32.1,55.5,SUPPORT,2026-05-16 15:18:25.728179+00:00,2026_05_16
9,2025-08-29 14:38:55.123778820,https://overwatch.blizzard.com/en-us/rates/data/?map=all-maps&role=All&rq=1&input=Console&region=Americas&tier=Gold,"{'map': 'all-maps', 'role': 'All', 'rq': '1', 'input': 'Console', 'region': 'Americas', 'tier': 'Gold'}",All,,Americas,,,zarya,Zarya,4.7,49.5,TANK,2026-05-16 15:18:25.728179+00:00,2026_05_16
9,2025-08-29 14:38:55.123778820,https://overwatch.blizzard.com/en-us/rates/data/?map=all-maps&role=All&rq=1&input=Console&region=Americas&tier=Gold,"{'map': 'all-maps', 'role': 'All', 'rq': '1', 'input': 'Console', 'region': 'Americas', 'tier': 'Gold'}",All,,Americas,,,zenyatta,Zenyatta,11.8,52.6,SUPPORT,2026-05-16 15:18:25.728179+00:00,2026_05_16
10,2025-08-29 14:38:55.383139133,https://overwatch.blizzard.com/en-us/rates/data/?map=all-maps&role=All&rq=1&input=Console&region=Americas&tier=Platinum,"{'map': 'all-maps', 'role': 'All', 'rq': '1', 'input': 'Console', 'region': 'Americas', 'tier': 'Platinum'}",All,,Americas,,,ana,Ana,19.6,46.7,SUPPORT,2026-05-16 15:18:25.728179+00:00,2026_05_16
10,2025-08-29 14:38:55.383139133,https://overwatch.blizzard.com/en-us/rates/data/?map=all-maps&role=All&rq=1&input=Console&region=Americas&tier=Platinum,"{'map': 'all-maps', 'role': 'All', 'rq': '1', 'input': 'Console', 'region': 'Americas', 'tier': 'Platinum'}",All,,Americas,,,ashe,Ashe,15.6,51.4,DAMAGE,2026-05-16 15:18:25.728179+00:00,2026_05_16
10,2025-08-29 14:38:55.383139133,https://overwatch.blizzard.com/en-us/rates/data/?map=all-maps&role=All&rq=1&input=Console&region=Americas&tier=Platinum,"{'map': 'all-maps', 'role': 'All', 'rq': '1', 'input': 'Console', 'region': 'Americas', 'tier': 'Platinum'}",All,,Americas,,,baptiste,Baptiste,12.6,48.5,SUPPORT,2026-05-16 15:18:25.728179+00:00,2026_05_16
10,2025-08-29 14:38:55.383139133,https://overwatch.blizzard.com/en-us/rates/data/?map=all-maps&role=All&rq=1&input=Console&region=Americas&tier=Platinum,"{'map': 'all-maps', 'role': 'All', 'rq': '1', 'input': 'Console', 'region': 'Americas', 'tier': 'Platinum'}",All,,Americas,,,bastion,Bastion,11.9,45.1,DAMAGE,2026-05-16 15:18:25.728179+00:00,2026_05_16
10,2025-08-29 14:38:55.383139133,https://overwatch.blizzard.com/en-us/rates/data/?map=all-maps&role=All&rq=1&input=Console&region=Americas&tier=Platinum,"{'map': 'all-maps', 'role': 'All', 'rq': '1', 'input': 'Console', 'region': 'Americas', 'tier': 'Platinum'}",All,,Americas,,,brigitte,Brigitte,5.7,48.2,SUPPORT,2026-05-16 15:18:25.728179+00:00,2026_05_16
10,2025-08-29 14:38:55.383139133,https://overwatch.blizzard.com/en-us/rates/data/?map=all-maps&role=All&rq=1&input=Console&region=Americas&tier=Platinum,"{'map': 'all-maps', 'role': 'All', 'rq': '1', 'input': 'Console', 'region': 'Americas', 'tier': 'Platinum'}",All,,Americas,,,cassidy,Cassidy,30.8,48.4,DAMAGE,2026-05-16 15:18:25.728179+00:00,2026_05_16
10,2025-08-29 14:38:55.383139133,https://overwatch.blizzard.com/en-us/rates/data/?map=all-maps&role=All&rq=1&input=Console&region=Americas&tier=Platinum,"{'map': 'all-maps', 'role': 'All', 'rq': '1', 'input': 'Console', 'region': 'Americas', 'tier': 'Platinum'}",All,,Americas,,,dva,D.Va,12.6,51.5,TANK,2026-05-16 15:18:25.728179+00:00,2026_05_16
10,2025-08-29 14:38:55.383139133,https://overwatch.blizzard.com/en-us/rates/data/?map=all-maps&role=All&rq=1&input=Console&region=Americas&tier=Platinum,"{'map': 'all-maps', 'role': 'All', 'rq': '1', 'input': 'Console', 'region': 'Americas', 'tier': 'Platinum'}",All,,Americas,,,doomfist,Doomfist,9.0,53.5,TANK,2026-05-16 15:18:25.728179+00:00,2026_05_16
10,2025-08-29 14:38:55.383139133,https://overwatch.blizzard.com/en-us/rates/data/?map=all-maps&role=All&rq=1&input=Console&region=Americas&tier=Platinum,"{'map': 'all-maps', 'role': 'All', 'rq': '1', 'input': 'Console', 'region': 'Americas', 'tier': 'Platinum'}",All,,Americas,,,echo,Echo,4.3,50.2,DAMAGE,2026-05-16 15:18:25.728179+00:00,2026_05_16
10,2025-08-29 14:38:55.383139133,https://overwatch.blizzard.com/en-us/rates/data/?map=all-maps&role=All&rq=1&input=Console&region=Americas&tier=Platinum,"{'map': 'all-maps', 'role': 'All', 'rq': '1', 'input': 'Console', 'region': 'Americas', 'tier': 'Platinum'}",All,,Americas,,,freja,Freja,4.2,45.7,DAMAGE,2026-05-16 15:18:25.728179+00:00,2026_05_16
10,2025-08-29 14:38:55.383139133,https://overwatch.blizzard.com/en-us/rates/data/?map=all-maps&role=All&rq=1&input=Console&region=Americas&tier=Platinum,"{'map': 'all-maps', 'role': 'All', 'rq': '1', 'input': 'Console', 'region': 'Americas', 'tier': 'Platinum'}",All,,Americas,,,genji,Genji,13.8,53.5,DAMAGE,2026-05-16 15:18:25.728179+00:00,2026_05_16
10,2025-08-29 14:38:55.383139133,https://overwatch.blizzard.com/en-us/rates/data/?map=all-maps&role=All&rq=1&input=Console&region=Americas&tier=Platinum,"{'map': 'all-maps', 'role': 'All', 'rq': '1', 'input': 'Console', 'region': 'Americas', 'tier': 'Platinum'}",All,,Americas,,,hanzo,Hanzo,9.9,51.8,DAMAGE,2026-05-16 15:18:25.728179+00:00,2026_05_16
10,2025-08-29 14:38:55.383139133,https://overwatch.blizzard.com/en-us/rates/data/?map=all-maps&role=All&rq=1&input=Console&region=Americas&tier=Platinum,"{'map': 'all-maps', 'role': 'All', 'rq': '1', 'input': 'Console', 'region': 'Americas', 'tier': 'Platinum'}",All,,Americas,,,hazard,Hazard,3.3,53.2,TANK,2026-05-16 15:18:25.728179+00:00,2026_05_16
10,2025-08-29 14:38:55.383139133,https://overwatch.blizzard.com/en-us/rates/data/?map=all-maps&role=All&rq=1&input=Console&region=Americas&tier=Platinum,"{'map': 'all-maps', 'role': 'All', 'rq': '1', 'input': 'Console', 'region': 'Americas', 'tier': 'Platinum'}",All,,Americas,,,illari,Illari,8.9,51.6,SUPPORT,2026-05-16 15:18:25.728179+00:00,2026_05_16
10,2025-08-29 14:38:55.383139133,https://overwatch.blizzard.com/en-us/rates/data/?map=all-maps&role=All&rq=1&input=Console&region=Americas&tier=Platinum,"{'map': 'all-maps', 'role': 'All', 'rq': '1', 'input': 'Console', 'region': 'Americas', 'tier': 'Platinum'}",All,,Americas,,,junker-queen,Junker Queen,7.0,54.1,TANK,2026-05-16 15:18:25.728179+00:00,2026_05_16
10,2025-08-29 14:38:55.383139133,https://overwatch.blizzard.com/en-us/rates/data/?map=all-maps&role=All&rq=1&input=Console&region=Americas&tier=Platinum,"{'map': 'all-maps', 'role': 'All', 'rq': '1', 'input': 'Console', 'region': 'Americas', 'tier': 'Platinum'}",All,,Americas,,,junkrat,Junkrat,8.0,47.3,DAMAGE,2026-05-16 15:18:25.728179+00:00,2026_05_16
10,2025-08-29 14:38:55.383139133,https://overwatch.blizzard.com/en-us/rates/data/?map=all-maps&role=All&rq=1&input=Console&region=Americas&tier=Platinum,"{'map': 'all-maps', 'role': 'All', 'rq': '1', 'input': 'Console', 'region': 'Americas', 'tier': 'Platinum'}",All,,Americas,,,juno,Juno,12.4,49.8,SUPPORT,2026-05-16 15:18:25.728179+00:00,2026_05_16
10,2025-08-29 14:38:55.383139133,https://overwatch.blizzard.com/en-us/rates/data/?map=all-maps&role=All&rq=1&input=Console&region=Americas&tier=Platinum,"{'map': 'all-maps', 'role': 'All', 'rq': '1', 'input': 'Console', 'region': 'Americas', 'tier': 'Platinum'}",All,,Americas,,,kiriko,Kiriko,18.4,44.1,SUPPORT,2026-05-16 15:18:25.728179+00:00,2026_05_16
10,2025-08-29 14:38:55.383139133,https://overwatch.blizzard.com/en-us/rates/data/?map=all-maps&role=All&rq=1&input=Console&region=Americas&tier=Platinum,"{'map': 'all-maps', 'role': 'All', 'rq': '1', 'input': 'Console', 'region': 'Americas', 'tier': 'Platinum'}",All,,Americas,,,lifeweaver,Lifeweaver,13.0,43.4,SUPPORT,2026-05-16 15:18:25.728179+00:00,2026_05_16
10,2025-08-29 14:38:55.383139133,https://overwatch.blizzard.com/en-us/rates/data/?map=all-maps&role=All&rq=1&input=Console&region=Americas&tier=Platinum,"{'map': 'all-maps', 'role': 'All', 'rq': '1', 'input': 'Console', 'region': 'Americas', 'tier': 'Platinum'}",All,,Americas,,,lucio,Lúcio,11.2,54.7,SUPPORT,2026-05-16 15:18:25.728179+00:00,2026_05_16
10,2025-08-29 14:38:55.383139133,https://overwatch.blizzard.com/en-us/rates/data/?map=all-maps&role=All&rq=1&input=Console&region=Americas&tier=Platinum,"{'map': 'all-maps', 'role': 'All', 'rq': '1', 'input': 'Console', 'region': 'Americas', 'tier': 'Platinum'}",All,,Americas,,,mauga,Mauga,5.6,48.4,TANK,2026-05-16 15:18:25.728179+00:00,2026_05_16
10,2025-08-29 14:38:55.383139133,https://overwatch.blizzard.com/en-us/rates/data/?map=all-maps&role=All&rq=1&input=Console&region=Americas&tier=Platinum,"{'map': 'all-maps', 'role': 'All', 'rq': '1', 'input': 'Console', 'region': 'Americas', 'tier': 'Platinum'}",All,,Americas,,,mei,Mei,8.7,45.4,DAMAGE,2026-05-16 15:18:25.728179+00:00,2026_05_16
10,2025-08-29 14:38:55.383139133,https://overwatch.blizzard.com/en-us/rates/data/?map=all-maps&role=All&rq=1&input=Console&region=Americas&tier=Platinum,"{'map': 'all-maps', 'role': 'All', 'rq': '1', 'input': 'Console', 'region': 'Americas', 'tier': 'Platinum'}",All,,Americas,,,mercy,Mercy,27.2,52.5,SUPPORT,2026-05-16 15:18:25.728179+00:00,2026_05_16
10,2025-08-29 14:38:55.383139133,https://overwatch.blizzard.com/en-us/rates/data/?map=all-maps&role=All&rq=1&input=Console&region=Americas&tier=Platinum,"{'map': 'all-maps', 'role': 'All', 'rq': '1', 'input': 'Console', 'region': 'Americas', 'tier': 'Platinum'}",All,,Americas,,,moira,Moira,26.4,45.0,SUPPORT,2026-05-16 15:18:25.728179+00:00,2026_05_16
10,2025-08-29 14:38:55.383139133,https://overwatch.blizzard.com/en-us/rates/data/?map=all-maps&role=All&rq=1&input=Console&region=Americas&tier=Platinum,"{'map': 'all-maps', 'role': 'All', 'rq': '1', 'input': 'Console', 'region': 'Americas', 'tier': 'Platinum'}",All,,Americas,,,orisa,Orisa,10.8,43.9,TANK,2026-05-16 15:18:25.728179+00:00,2026_05_16
10,2025-08-29 14:38:55.383139133,https://overwatch.blizzard.com/en-us/rates/data/?map=all-maps&role=All&rq=1&input=Console&region=Americas&tier=Platinum,"{'map': 'all-maps', 'role': 'All', 'rq': '1', 'input': 'Console', 'region': 'Americas', 'tier': 'Platinum'}",All,,Americas,,,pharah,Pharah,2.8,47.2,DAMAGE,2026-05-16 15:18:25.728179+00:00,2026_05_16
10,2025-08-29 14:38:55.383139133,https://overwatch.blizzard.com/en-us/rates/data/?map=all-maps&role=All&rq=1&input=Console&region=Americas&tier=Platinum,"{'map': 'all-maps', 'role': 'All', 'rq': '1', 'input': 'Console', 'region': 'Americas', 'tier': 'Platinum'}",All,,Americas,,,ramattra,Ramattra,8.9,44.3,TANK,2026-05-16 15:18:25.728179+00:00,2026_05_16
10,2025-08-29 14:38:55.383139133,https://overwatch.blizzard.com/en-us/rates/data/?map=all-maps&role=All&rq=1&input=Console&region=Americas&tier=Platinum,"{'map': 'all-maps', 'role': 'All', 'rq': '1', 'input': 'Console', 'region': 'Americas', 'tier': 'Platinum'}",All,,Americas,,,reaper,Reaper,14.8,52.4,DAMAGE,2026-05-16 15:18:25.728179+00:00,2026_05_16
10,2025-08-29 14:38:55.383139133,https://overwatch.blizzard.com/en-us/rates/data/?map=all-maps&role=All&rq=1&input=Console&region=Americas&tier=Platinum,"{'map': 'all-maps', 'role': 'All', 'rq': '1', 'input': 'Console', 'region': 'Americas', 'tier': 'Platinum'}",All,,Americas,,,reinhardt,Reinhardt,14.7,55.1,TANK,2026-05-16 15:18:25.728179+00:00,2026_05_16
10,2025-08-29 14:38:55.383139133,https://overwatch.blizzard.com/en-us/rates/data/?map=all-maps&role=All&rq=1&input=Console&region=Americas&tier=Platinum,"{'map': 'all-maps', 'role': 'All', 'rq': '1', 'input': 'Console', 'region': 'Americas', 'tier': 'Platinum'}",All,,Americas,,,roadhog,Roadhog,6.5,38.9,TANK,2026-05-16 15:18:25.728179+00:00,2026_05_16
10,2025-08-29 14:38:55.383139133,https://overwatch.blizzard.com/en-us/rates/data/?map=all-maps&role=All&rq=1&input=Console&region=Americas&tier=Platinum,"{'map': 'all-maps', 'role': 'All', 'rq': '1', 'input': 'Console', 'region': 'Americas', 'tier': 'Platinum'}",All,,Americas,,,sigma,Sigma,8.2,50.5,TANK,2026-05-16 15:18:25.728179+00:00,2026_05_16
10,2025-08-29 14:38:55.383139133,https://overwatch.blizzard.com/en-us/rates/data/?map=all-maps&role=All&rq=1&input=Console&region=Americas&tier=Platinum,"{'map': 'all-maps', 'role': 'All', 'rq': '1', 'input': 'Console', 'region': 'Americas', 'tier': 'Platinum'}",All,,Americas,,,sojourn,Sojourn,17.1,46.1,DAMAGE,2026-05-16 15:18:25.728179+00:00,2026_05_16
10,2025-08-29 14:38:55.383139133,https://overwatch.blizzard.com/en-us/rates/data/?map=all-maps&role=All&rq=1&input=Console&region=Americas&tier=Platinum,"{'map': 'all-maps', 'role': 'All', 'rq': '1', 'input': 'Console', 'region': 'Americas', 'tier': 'Platinum'}",All,,Americas,,,soldier-76,Soldier: 76,25.1,50.1,DAMAGE,2026-05-16 15:18:25.728179+00:00,2026_05_16
10,2025-08-29 14:38:55.383139133,https://overwatch.blizzard.com/en-us/rates/data/?map=all-maps&role=All&rq=1&input=Console&region=Americas&tier=Platinum,"{'map': 'all-maps', 'role': 'All', 'rq': '1', 'input': 'Console', 'region': 'Americas', 'tier': 'Platinum'}",All,,Americas,,,sombra,Sombra,2.9,51.2,DAMAGE,2026-05-16 15:18:25.728179+00:00,2026_05_16
10,2025-08-29 14:38:55.383139133,https://overwatch.blizzard.com/en-us/rates/data/?map=all-maps&role=All&rq=1&input=Console&region=Americas&tier=Platinum,"{'map': 'all-maps', 'role': 'All', 'rq': '1', 'input': 'Console', 'region': 'Americas', 'tier': 'Platinum'}",All,,Americas,,,symmetra,Symmetra,4.4,49.6,DAMAGE,2026-05-16 15:18:25.728179+00:00,2026_05_16
10,2025-08-29 14:38:55.383139133,https://overwatch.blizzard.com/en-us/rates/data/?map=all-maps&role=All&rq=1&input=Console&region=Americas&tier=Platinum,"{'map': 'all-maps', 'role': 'All', 'rq': '1', 'input': 'Console', 'region': 'Americas', 'tier': 'Platinum'}",All,,Americas,,,torbjorn,Torbjörn,6.5,48.7,DAMAGE,2026-05-16 15:18:25.728179+00:00,2026_05_16
10,2025-08-29 14:38:55.383139133,https://overwatch.blizzard.com/en-us/rates/data/?map=all-maps&role=All&rq=1&input=Console&region=Americas&tier=Platinum,"{'map': 'all-maps', 'role': 'All', 'rq': '1', 'input': 'Console', 'region': 'Americas', 'tier': 'Platinum'}",All,,Americas,,,tracer,Tracer,8.7,52.9,DAMAGE,2026-05-16 15:18:25.728179+00:00,2026_05_16
10,2025-08-29 14:38:55.383139133,https://overwatch.blizzard.com/en-us/rates/data/?map=all-maps&role=All&rq=1&input=Console&region=Americas&tier=Platinum,"{'map': 'all-maps', 'role': 'All', 'rq': '1', 'input': 'Console', 'region': 'Americas', 'tier': 'Platinum'}",All,,Americas,,,venture,Venture,5.6,51.6,DAMAGE,2026-05-16 15:18:25.728179+00:00,2026_05_16
10,2025-08-29 14:38:55.383139133,https://overwatch.blizzard.com/en-us/rates/data/?map=all-maps&role=All&rq=1&input=Console&region=Americas&tier=Platinum,"{'map': 'all-maps', 'role': 'All', 'rq': '1', 'input': 'Console', 'region': 'Americas', 'tier': 'Platinum'}",All,,Americas,,,widowmaker,Widowmaker,4.8,51.6,DAMAGE,2026-05-16 15:18:25.728179+00:00,2026_05_16
10,2025-08-29 14:38:55.383139133,https://overwatch.blizzard.com/en-us/rates/data/?map=all-maps&role=All&rq=1&input=Console&region=Americas&tier=Platinum,"{'map': 'all-maps', 'role': 'All', 'rq': '1', 'input': 'Console', 'region': 'Americas', 'tier': 'Platinum'}",All,,Americas,,,winston,Winston,4.1,46.8,TANK,2026-05-16 15:18:25.728179+00:00,2026_05_16
10,2025-08-29 14:38:55.383139133,https://overwatch.blizzard.com/en-us/rates/data/?map=all-maps&role=All&rq=1&input=Console&region=Americas&tier=Platinum,"{'map': 'all-maps', 'role': 'All', 'rq': '1', 'input': 'Console', 'region': 'Americas', 'tier': 'Platinum'}",All,,Americas,,,wrecking-ball,Wrecking Ball,3.3,57.9,TANK,2026-05-16 15:18:25.728179+00:00,2026_05_16
10,2025-08-29 14:38:55.383139133,https://overwatch.blizzard.com/en-us/rates/data/?map=all-maps&role=All&rq=1&input=Console&region=Americas&tier=Platinum,"{'map': 'all-maps', 'role': 'All', 'rq': '1', 'input': 'Console', 'region': 'Americas', 'tier': 'Platinum'}",All,,Americas,,,wuyang,Wuyang,33.7,56.4,SUPPORT,2026-05-16 15:18:25.728179+00:00,2026_05_16
10,2025-08-29 14:38:55.383139133,https://overwatch.blizzard.com/en-us/rates/data/?map=all-maps&role=All&rq=1&input=Console&region=Americas&tier=Platinum,"{'map': 'all-maps', 'role': 'All', 'rq': '1', 'input': 'Console', 'region': 'Americas', 'tier': 'Platinum'}",All,,Americas,,,zarya,Zarya,6.0,46.5,TANK,2026-05-16 15:18:25.728179+00:00,2026_05_16
10,2025-08-29 14:38:55.383139133,https://overwatch.blizzard.com/en-us/rates/data/?map=all-maps&role=All&rq=1&input=Console&region=Americas&tier=Platinum,"{'map': 'all-maps', 'role': 'All', 'rq': '1', 'input': 'Console', 'region': 'Americas', 'tier': 'Platinum'}",All,,Americas,,,zenyatta,Zenyatta,10.8,52.3,SUPPORT,2026-05-16 15:18:25.728179+00:00,2026_05_16
11,2025-08-29 14:38:55.638093710,https://overwatch.blizzard.com/en-us/rates/data/?map=all-maps&role=All&rq=1&input=Console&region=Americas&tier=Diamond,"{'map': 'all-maps', 'role': 'All', 'rq': '1', 'input': 'Console', 'region': 'Americas', 'tier': 'Diamond'}",All,,Americas,,,ana,Ana,23.3,45.9,SUPPORT,2026-05-16 15:18:25.728179+00:00,2026_05_16
11,2025-08-29 14:38:55.638093710,https://overwatch.blizzard.com/en-us/rates/data/?map=all-maps&role=All&rq=1&input=Console&region=Americas&tier=Diamond,"{'map': 'all-maps', 'role': 'All', 'rq': '1', 'input': 'Console', 'region': 'Americas', 'tier': 'Diamond'}",All,,Americas,,,ashe,Ashe,16.8,52.9,DAMAGE,2026-05-16 15:18:25.728179+00:00,2026_05_16
11,2025-08-29 14:38:55.638093710,https://overwatch.blizzard.com/en-us/rates/data/?map=all-maps&role=All&rq=1&input=Console&region=Americas&tier=Diamond,"{'map': 'all-maps', 'role': 'All', 'rq': '1', 'input': 'Console', 'region': 'Americas', 'tier': 'Diamond'}",All,,Americas,,,baptiste,Baptiste,17.5,50.2,SUPPORT,2026-05-16 15:18:25.728179+00:00,2026_05_16
11,2025-08-29 14:38:55.638093710,https://overwatch.blizzard.com/en-us/rates/data/?map=all-maps&role=All&rq=1&input=Console&region=Americas&tier=Diamond,"{'map': 'all-maps', 'role': 'All', 'rq': '1', 'input': 'Console', 'region': 'Americas', 'tier': 'Diamond'}",All,,Americas,,,bastion,Bastion,8.5,47.8,DAMAGE,2026-05-16 15:18:25.728179+00:00,2026_05_16
11,2025-08-29 14:38:55.638093710,https://overwatch.blizzard.com/en-us/rates/data/?map=all-maps&role=All&rq=1&input=Console&region=Americas&tier=Diamond,"{'map': 'all-maps', 'role': 'All', 'rq': '1', 'input': 'Console', 'region': 'Americas', 'tier': 'Diamond'}",All,,Americas,,,brigitte,Brigitte,8.4,45.7,SUPPORT,2026-05-16 15:18:25.728179+00:00,2026_05_16
11,2025-08-29 14:38:55.638093710,https://overwatch.blizzard.com/en-us/rates/data/?map=all-maps&role=All&rq=1&input=Console&region=Americas&tier=Diamond,"{'map': 'all-maps', 'role': 'All', 'rq': '1', 'input': 'Console', 'region': 'Americas', 'tier': 'Diamond'}",All,,Americas,,,cassidy,Cassidy,37.3,49.2,DAMAGE,2026-05-16 15:18:25.728179+00:00,2026_05_16
11,2025-08-29 14:38:55.638093710,https://overwatch.blizzard.com/en-us/rates/data/?map=all-maps&role=All&rq=1&input=Console&region=Americas&tier=Diamond,"{'map': 'all-maps', 'role': 'All', 'rq': '1', 'input': 'Console', 'region': 'Americas', 'tier': 'Diamond'}",All,,Americas,,,dva,D.Va,9.5,52.6,TANK,2026-05-16 15:18:25.728179+00:00,2026_05_16
11,2025-08-29 14:38:55.638093710,https://overwatch.blizzard.com/en-us/rates/data/?map=all-maps&role=All&rq=1&input=Console&region=Americas&tier=Diamond,"{'map': 'all-maps', 'role': 'All', 'rq': '1', 'input': 'Console', 'region': 'Americas', 'tier': 'Diamond'}",All,,Americas,,,doomfist,Doomfist,12.0,52.0,TANK,2026-05-16 15:18:25.728179+00:00,2026_05_16
11,2025-08-29 14:38:55.638093710,https://overwatch.blizzard.com/en-us/rates/data/?map=all-maps&role=All&rq=1&input=Console&region=Americas&tier=Diamond,"{'map': 'all-maps', 'role': 'All', 'rq': '1', 'input': 'Console', 'region': 'Americas', 'tier': 'Diamond'}",All,,Americas,,,echo,Echo,3.5,51.5,DAMAGE,2026-05-16 15:18:25.728179+00:00,2026_05_16
11,2025-08-29 14:38:55.638093710,https://overwatch.blizzard.com/en-us/rates/data/?map=all-maps&role=All&rq=1&input=Console&region=Americas&tier=Diamond,"{'map': 'all-maps', 'role': 'All', 'rq': '1', 'input': 'Console', 'region': 'Americas', 'tier': 'Diamond'}",All,,Americas,,,freja,Freja,3.9,45.2,DAMAGE,2026-05-16 15:18:25.728179+00:00,2026_05_16
11,2025-08-29 14:38:55.638093710,https://overwatch.blizzard.com/en-us/rates/data/?map=all-maps&role=All&rq=1&input=Console&region=Americas&tier=Diamond,"{'map': 'all-maps', 'role': 'All', 'rq': '1', 'input': 'Console', 'region': 'Americas', 'tier': 'Diamond'}",All,,Americas,,,genji,Genji,17.6,50.8,DAMAGE,2026-05-16 15:18:25.728179+00:00,2026_05_16
11,2025-08-29 14:38:55.638093710,https://overwatch.blizzard.com/en-us/rates/data/?map=all-maps&role=All&rq=1&input=Console&region=Americas&tier=Diamond,"{'map': 'all-maps', 'role': 'All', 'rq': '1', 'input': 'Console', 'region': 'Americas', 'tier': 'Diamond'}",All,,Americas,,,hanzo,Hanzo,7.5,50.2,DAMAGE,2026-05-16 15:18:25.728179+00:00,2026_05_16
11,2025-08-29 14:38:55.638093710,https://overwatch.blizzard.com/en-us/rates/data/?map=all-maps&role=All&rq=1&input=Console&region=Americas&tier=Diamond,"{'map': 'all-maps', 'role': 'All', 'rq': '1', 'input': 'Console', 'region': 'Americas', 'tier': 'Diamond'}",All,,Americas,,,hazard,Hazard,4.9,55.4,TANK,2026-05-16 15:18:25.728179+00:00,2026_05_16
11,2025-08-29 14:38:55.638093710,https://overwatch.blizzard.com/en-us/rates/data/?map=all-maps&role=All&rq=1&input=Console&region=Americas&tier=Diamond,"{'map': 'all-maps', 'role': 'All', 'rq': '1', 'input': 'Console', 'region': 'Americas', 'tier': 'Diamond'}",All,,Americas,,,illari,Illari,10.3,54.5,SUPPORT,2026-05-16 15:18:25.728179+00:00,2026_05_16
11,2025-08-29 14:38:55.638093710,https://overwatch.blizzard.com/en-us/rates/data/?map=all-maps&role=All&rq=1&input=Console&region=Americas&tier=Diamond,"{'map': 'all-maps', 'role': 'All', 'rq': '1', 'input': 'Console', 'region': 'Americas', 'tier': 'Diamond'}",All,,Americas,,,junker-queen,Junker Queen,7.3,53.0,TANK,2026-05-16 15:18:25.728179+00:00,2026_05_16
11,2025-08-29 14:38:55.638093710,https://overwatch.blizzard.com/en-us/rates/data/?map=all-maps&role=All&rq=1&input=Console&region=Americas&tier=Diamond,"{'map': 'all-maps', 'role': 'All', 'rq': '1', 'input': 'Console', 'region': 'Americas', 'tier': 'Diamond'}",All,,Americas,,,junkrat,Junkrat,3.8,45.9,DAMAGE,2026-05-16 15:18:25.728179+00:00,2026_05_16
11,2025-08-29 14:38:55.638093710,https://overwatch.blizzard.com/en-us/rates/data/?map=all-maps&role=All&rq=1&input=Console&region=Americas&tier=Diamond,"{'map': 'all-maps', 'role': 'All', 'rq': '1', 'input': 'Console', 'region': 'Americas', 'tier': 'Diamond'}",All,,Americas,,,juno,Juno,13.8,49.7,SUPPORT,2026-05-16 15:18:25.728179+00:00,2026_05_16
11,2025-08-29 14:38:55.638093710,https://overwatch.blizzard.com/en-us/rates/data/?map=all-maps&role=All&rq=1&input=Console&region=Americas&tier=Diamond,"{'map': 'all-maps', 'role': 'All', 'rq': '1', 'input': 'Console', 'region': 'Americas', 'tier': 'Diamond'}",All,,Americas,,,kiriko,Kiriko,22.4,44.6,SUPPORT,2026-05-16 15:18:25.728179+00:00,2026_05_16
11,2025-08-29 14:38:55.638093710,https://overwatch.blizzard.com/en-us/rates/data/?map=all-maps&role=All&rq=1&input=Console&region=Americas&tier=Diamond,"{'map': 'all-maps', 'role': 'All', 'rq': '1', 'input': 'Console', 'region': 'Americas', 'tier': 'Diamond'}",All,,Americas,,,lifeweaver,Lifeweaver,9.7,44.8,SUPPORT,2026-05-16 15:18:25.728179+00:00,2026_05_16
11,2025-08-29 14:38:55.638093710,https://overwatch.blizzard.com/en-us/rates/data/?map=all-maps&role=All&rq=1&input=Console&region=Americas&tier=Diamond,"{'map': 'all-maps', 'role': 'All', 'rq': '1', 'input': 'Console', 'region': 'Americas', 'tier': 'Diamond'}",All,,Americas,,,lucio,Lúcio,10.5,55.6,SUPPORT,2026-05-16 15:18:25.728179+00:00,2026_05_16
11,2025-08-29 14:38:55.638093710,https://overwatch.blizzard.com/en-us/rates/data/?map=all-maps&role=All&rq=1&input=Console&region=Americas&tier=Diamond,"{'map': 'all-maps', 'role': 'All', 'rq': '1', 'input': 'Console', 'region': 'Americas', 'tier': 'Diamond'}",All,,Americas,,,mauga,Mauga,8.3,54.6,TANK,2026-05-16 15:18:25.728179+00:00,2026_05_16
11,2025-08-29 14:38:55.638093710,https://overwatch.blizzard.com/en-us/rates/data/?map=all-maps&role=All&rq=1&input=Console&region=Americas&tier=Diamond,"{'map': 'all-maps', 'role': 'All', 'rq': '1', 'input': 'Console', 'region': 'Americas', 'tier': 'Diamond'}",All,,Americas,,,mei,Mei,4.9,41.9,DAMAGE,2026-05-16 15:18:25.728179+00:00,2026_05_16
11,2025-08-29 14:38:55.638093710,https://overwatch.blizzard.com/en-us/rates/data/?map=all-maps&role=All&rq=1&input=Console&region=Americas&tier=Diamond,"{'map': 'all-maps', 'role': 'All', 'rq': '1', 'input': 'Console', 'region': 'Americas', 'tier': 'Diamond'}",All,,Americas,,,mercy,Mercy,24.6,53.5,SUPPORT,2026-05-16 15:18:25.728179+00:00,2026_05_16
11,2025-08-29 14:38:55.638093710,https://overwatch.blizzard.com/en-us/rates/data/?map=all-maps&role=All&rq=1&input=Console&region=Americas&tier=Diamond,"{'map': 'all-maps', 'role': 'All', 'rq': '1', 'input': 'Console', 'region': 'Americas', 'tier': 'Diamond'}",All,,Americas,,,moira,Moira,18.6,42.9,SUPPORT,2026-05-16 15:18:25.728179+00:00,2026_05_16
11,2025-08-29 14:38:55.638093710,https://overwatch.blizzard.com/en-us/rates/data/?map=all-maps&role=All&rq=1&input=Console&region=Americas&tier=Diamond,"{'map': 'all-maps', 'role': 'All', 'rq': '1', 'input': 'Console', 'region': 'Americas', 'tier': 'Diamond'}",All,,Americas,,,orisa,Orisa,9.9,46.0,TANK,2026-05-16 15:18:25.728179+00:00,2026_05_16
11,2025-08-29 14:38:55.638093710,https://overwatch.blizzard.com/en-us/rates/data/?map=all-maps&role=All&rq=1&input=Console&region=Americas&tier=Diamond,"{'map': 'all-maps', 'role': 'All', 'rq': '1', 'input': 'Console', 'region': 'Americas', 'tier': 'Diamond'}",All,,Americas,,,pharah,Pharah,1.3,47.9,DAMAGE,2026-05-16 15:18:25.728179+00:00,2026_05_16
11,2025-08-29 14:38:55.638093710,https://overwatch.blizzard.com/en-us/rates/data/?map=all-maps&role=All&rq=1&input=Console&region=Americas&tier=Diamond,"{'map': 'all-maps', 'role': 'All', 'rq': '1', 'input': 'Console', 'region': 'Americas', 'tier': 'Diamond'}",All,,Americas,,,ramattra,Ramattra,6.3,43.4,TANK,2026-05-16 15:18:25.728179+00:00,2026_05_16
11,2025-08-29 14:38:55.638093710,https://overwatch.blizzard.com/en-us/rates/data/?map=all-maps&role=All&rq=1&input=Console&region=Americas&tier=Diamond,"{'map': 'all-maps', 'role': 'All', 'rq': '1', 'input': 'Console', 'region': 'Americas', 'tier': 'Diamond'}",All,,Americas,,,reaper,Reaper,10.7,51.5,DAMAGE,2026-05-16 15:18:25.728179+00:00,2026_05_16
11,2025-08-29 14:38:55.638093710,https://overwatch.blizzard.com/en-us/rates/data/?map=all-maps&role=All&rq=1&input=Console&region=Americas&tier=Diamond,"{'map': 'all-maps', 'role': 'All', 'rq': '1', 'input': 'Console', 'region': 'Americas', 'tier': 'Diamond'}",All,,Americas,,,reinhardt,Reinhardt,11.0,51.8,TANK,2026-05-16 15:18:25.728179+00:00,2026_05_16
11,2025-08-29 14:38:55.638093710,https://overwatch.blizzard.com/en-us/rates/data/?map=all-maps&role=All&rq=1&input=Console&region=Americas&tier=Diamond,"{'map': 'all-maps', 'role': 'All', 'rq': '1', 'input': 'Console', 'region': 'Americas', 'tier': 'Diamond'}",All,,Americas,,,roadhog,Roadhog,7.2,36.6,TANK,2026-05-16 15:18:25.728179+00:00,2026_05_16
11,2025-08-29 14:38:55.638093710,https://overwatch.blizzard.com/en-us/rates/data/?map=all-maps&role=All&rq=1&input=Console&region=Americas&tier=Diamond,"{'map': 'all-maps', 'role': 'All', 'rq': '1', 'input': 'Console', 'region': 'Americas', 'tier': 'Diamond'}",All,,Americas,,,sigma,Sigma,7.4,50.8,TANK,2026-05-16 15:18:25.728179+00:00,2026_05_16
11,2025-08-29 14:38:55.638093710,https://overwatch.blizzard.com/en-us/rates/data/?map=all-maps&role=All&rq=1&input=Console&region=Americas&tier=Diamond,"{'map': 'all-maps', 'role': 'All', 'rq': '1', 'input': 'Console', 'region': 'Americas', 'tier': 'Diamond'}",All,,Americas,,,sojourn,Sojourn,20.8,45.3,DAMAGE,2026-05-16 15:18:25.728179+00:00,2026_05_16
11,2025-08-29 14:38:55.638093710,https://overwatch.blizzard.com/en-us/rates/data/?map=all-maps&role=All&rq=1&input=Console&region=Americas&tier=Diamond,"{'map': 'all-maps', 'role': 'All', 'rq': '1', 'input': 'Console', 'region': 'Americas', 'tier': 'Diamond'}",All,,Americas,,,soldier-76,Soldier: 76,27.8,51.3,DAMAGE,2026-05-16 15:18:25.728179+00:00,2026_05_16
11,2025-08-29 14:38:55.638093710,https://overwatch.blizzard.com/en-us/rates/data/?map=all-maps&role=All&rq=1&input=Console&region=Americas&tier=Diamond,"{'map': 'all-maps', 'role': 'All', 'rq': '1', 'input': 'Console', 'region': 'Americas', 'tier': 'Diamond'}",All,,Americas,,,sombra,Sombra,3.9,48.5,DAMAGE,2026-05-16 15:18:25.728179+00:00,2026_05_16
11,2025-08-29 14:38:55.638093710,https://overwatch.blizzard.com/en-us/rates/data/?map=all-maps&role=All&rq=1&input=Console&region=Americas&tier=Diamond,"{'map': 'all-maps', 'role': 'All', 'rq': '1', 'input': 'Console', 'region': 'Americas', 'tier': 'Diamond'}",All,,Americas,,,symmetra,Symmetra,3.8,50.8,DAMAGE,2026-05-16 15:18:25.728179+00:00,2026_05_16
11,2025-08-29 14:38:55.638093710,https://overwatch.blizzard.com/en-us/rates/data/?map=all-maps&role=All&rq=1&input=Console&region=Americas&tier=Diamond,"{'map': 'all-maps', 'role': 'All', 'rq': '1', 'input': 'Console', 'region': 'Americas', 'tier': 'Diamond'}",All,,Americas,,,torbjorn,Torbjörn,4.4,45.8,DAMAGE,2026-05-16 15:18:25.728179+00:00,2026_05_16
11,2025-08-29 14:38:55.638093710,https://overwatch.blizzard.com/en-us/rates/data/?map=all-maps&role=All&rq=1&input=Console&region=Americas&tier=Diamond,"{'map': 'all-maps', 'role': 'All', 'rq': '1', 'input': 'Console', 'region': 'Americas', 'tier': 'Diamond'}",All,,Americas,,,tracer,Tracer,13.1,54.0,DAMAGE,2026-05-16 15:18:25.728179+00:00,2026_05_16
11,2025-08-29 14:38:55.638093710,https://overwatch.blizzard.com/en-us/rates/data/?map=all-maps&role=All&rq=1&input=Console&region=Americas&tier=Diamond,"{'map': 'all-maps', 'role': 'All', 'rq': '1', 'input': 'Console', 'region': 'Americas', 'tier': 'Diamond'}",All,,Americas,,,venture,Venture,4.9,50.1,DAMAGE,2026-05-16 15:18:25.728179+00:00,2026_05_16
11,2025-08-29 14:38:55.638093710,https://overwatch.blizzard.com/en-us/rates/data/?map=all-maps&role=All&rq=1&input=Console&region=Americas&tier=Diamond,"{'map': 'all-maps', 'role': 'All', 'rq': '1', 'input': 'Console', 'region': 'Americas', 'tier': 'Diamond'}",All,,Americas,,,widowmaker,Widowmaker,5.4,52.6,DAMAGE,2026-05-16 15:18:25.728179+00:00,2026_05_16
11,2025-08-29 14:38:55.638093710,https://overwatch.blizzard.com/en-us/rates/data/?map=all-maps&role=All&rq=1&input=Console&region=Americas&tier=Diamond,"{'map': 'all-maps', 'role': 'All', 'rq': '1', 'input': 'Console', 'region': 'Americas', 'tier': 'Diamond'}",All,,Americas,,,winston,Winston,4.2,47.1,TANK,2026-05-16 15:18:25.728179+00:00,2026_05_16
11,2025-08-29 14:38:55.638093710,https://overwatch.blizzard.com/en-us/rates/data/?map=all-maps&role=All&rq=1&input=Console&region=Americas&tier=Diamond,"{'map': 'all-maps', 'role': 'All', 'rq': '1', 'input': 'Console', 'region': 'Americas', 'tier': 'Diamond'}",All,,Americas,,,wrecking-ball,Wrecking Ball,5.4,56.1,TANK,2026-05-16 15:18:25.728179+00:00,2026_05_16
11,2025-08-29 14:38:55.638093710,https://overwatch.blizzard.com/en-us/rates/data/?map=all-maps&role=All&rq=1&input=Console&region=Americas&tier=Diamond,"{'map': 'all-maps', 'role': 'All', 'rq': '1', 'input': 'Console', 'region': 'Americas', 'tier': 'Diamond'}",All,,Americas,,,wuyang,Wuyang,32.0,56.9,SUPPORT,2026-05-16 15:18:25.728179+00:00,2026_05_16
11,2025-08-29 14:38:55.638093710,https://overwatch.blizzard.com/en-us/rates/data/?map=all-maps&role=All&rq=1&input=Console&region=Americas&tier=Diamond,"{'map': 'all-maps', 'role': 'All', 'rq': '1', 'input': 'Console', 'region': 'Americas', 'tier': 'Diamond'}",All,,Americas,,,zarya,Zarya,6.6,45.4,TANK,2026-05-16 15:18:25.728179+00:00,2026_05_16
11,2025-08-29 14:38:55.638093710,https://overwatch.blizzard.com/en-us/rates/data/?map=all-maps&role=All&rq=1&input=Console&region=Americas&tier=Diamond,"{'map': 'all-maps', 'role': 'All', 'rq': '1', 'input': 'Console', 'region': 'Americas', 'tier': 'Diamond'}",All,,Americas,,,zenyatta,Zenyatta,9.1,49.9,SUPPORT,2026-05-16 15:18:25.728179+00:00,2026_05_16
12,2025-08-29 14:38:55.926244974,https://overwatch.blizzard.com/en-us/rates/data/?map=all-maps&role=All&rq=1&input=Console&region=Americas&tier=Master,"{'map': 'all-maps', 'role': 'All', 'rq': '1', 'input': 'Console', 'region': 'Americas', 'tier': 'Master'}",All,,Americas,,,ana,Ana,23.1,44.2,SUPPORT,2026-05-16 15:18:25.728179+00:00,2026_05_16
12,2025-08-29 14:38:55.926244974,https://overwatch.blizzard.com/en-us/rates/data/?map=all-maps&role=All&rq=1&input=Console&region=Americas&tier=Master,"{'map': 'all-maps', 'role': 'All', 'rq': '1', 'input': 'Console', 'region': 'Americas', 'tier': 'Master'}",All,,Americas,,,ashe,Ashe,21.6,57.1,DAMAGE,2026-05-16 15:18:25.728179+00:00,2026_05_16
12,2025-08-29 14:38:55.926244974,https://overwatch.blizzard.com/en-us/rates/data/?map=all-maps&role=All&rq=1&input=Console&region=Americas&tier=Master,"{'map': 'all-maps', 'role': 'All', 'rq': '1', 'input': 'Console', 'region': 'Americas', 'tier': 'Master'}",All,,Americas,,,baptiste,Baptiste,41.6,55.4,SUPPORT,2026-05-16 15:18:25.728179+00:00,2026_05_16
12,2025-08-29 14:38:55.926244974,https://overwatch.blizzard.com/en-us/rates/data/?map=all-maps&role=All&rq=1&input=Console&region=Americas&tier=Master,"{'map': 'all-maps', 'role': 'All', 'rq': '1', 'input': 'Console', 'region': 'Americas', 'tier': 'Master'}",All,,Americas,,,bastion,Bastion,5.4,45.8,DAMAGE,2026-05-16 15:18:25.728179+00:00,2026_05_16
12,2025-08-29 14:38:55.926244974,https://overwatch.blizzard.com/en-us/rates/data/?map=all-maps&role=All&rq=1&input=Console&region=Americas&tier=Master,"{'map': 'all-maps', 'role': 'All', 'rq': '1', 'input': 'Console', 'region': 'Americas', 'tier': 'Master'}",All,,Americas,,,brigitte,Brigitte,11.9,45.3,SUPPORT,2026-05-16 15:18:25.728179+00:00,2026_05_16
12,2025-08-29 14:38:55.926244974,https://overwatch.blizzard.com/en-us/rates/data/?map=all-maps&role=All&rq=1&input=Console&region=Americas&tier=Master,"{'map': 'all-maps', 'role': 'All', 'rq': '1', 'input': 'Console', 'region': 'Americas', 'tier': 'Master'}",All,,Americas,,,cassidy,Cassidy,31.9,45.1,DAMAGE,2026-05-16 15:18:25.728179+00:00,2026_05_16
12,2025-08-29 14:38:55.926244974,https://overwatch.blizzard.com/en-us/rates/data/?map=all-maps&role=All&rq=1&input=Console&region=Americas&tier=Master,"{'map': 'all-maps', 'role': 'All', 'rq': '1', 'input': 'Console', 'region': 'Americas', 'tier': 'Master'}",All,,Americas,,,dva,D.Va,7.7,60.2,TANK,2026-05-16 15:18:25.728179+00:00,2026_05_16
12,2025-08-29 14:38:55.926244974,https://overwatch.blizzard.com/en-us/rates/data/?map=all-maps&role=All&rq=1&input=Console&region=Americas&tier=Master,"{'map': 'all-maps', 'role': 'All', 'rq': '1', 'input': 'Console', 'region': 'Americas', 'tier': 'Master'}",All,,Americas,,,doomfist,Doomfist,8.9,50.6,TANK,2026-05-16 15:18:25.728179+00:00,2026_05_16
12,2025-08-29 14:38:55.926244974,https://overwatch.blizzard.com/en-us/rates/data/?map=all-maps&role=All&rq=1&input=Console&region=Americas&tier=Master,"{'map': 'all-maps', 'role': 'All', 'rq': '1', 'input': 'Console', 'region': 'Americas', 'tier': 'Master'}",All,,Americas,,,echo,Echo,1.1,37.3,DAMAGE,2026-05-16 15:18:25.728179+00:00,2026_05_16
12,2025-08-29 14:38:55.926244974,https://overwatch.blizzard.com/en-us/rates/data/?map=all-maps&role=All&rq=1&input=Console&region=Americas&tier=Master,"{'map': 'all-maps', 'role': 'All', 'rq': '1', 'input': 'Console', 'region': 'Americas', 'tier': 'Master'}",All,,Americas,,,freja,Freja,2.0,38.6,DAMAGE,2026-05-16 15:18:25.728179+00:00,2026_05_16
12,2025-08-29 14:38:55.926244974,https://overwatch.blizzard.com/en-us/rates/data/?map=all-maps&role=All&rq=1&input=Console&region=Americas&tier=Master,"{'map': 'all-maps', 'role': 'All', 'rq': '1', 'input': 'Console', 'region': 'Americas', 'tier': 'Master'}",All,,Americas,,,genji,Genji,15.8,48.8,DAMAGE,2026-05-16 15:18:25.728179+00:00,2026_05_16
12,2025-08-29 14:38:55.926244974,https://overwatch.blizzard.com/en-us/rates/data/?map=all-maps&role=All&rq=1&input=Console&region=Americas&tier=Master,"{'map': 'all-maps', 'role': 'All', 'rq': '1', 'input': 'Console', 'region': 'Americas', 'tier': 'Master'}",All,,Americas,,,hanzo,Hanzo,4.0,47.7,DAMAGE,2026-05-16 15:18:25.728179+00:00,2026_05_16
12,2025-08-29 14:38:55.926244974,https://overwatch.blizzard.com/en-us/rates/data/?map=all-maps&role=All&rq=1&input=Console&region=Americas&tier=Master,"{'map': 'all-maps', 'role': 'All', 'rq': '1', 'input': 'Console', 'region': 'Americas', 'tier': 'Master'}",All,,Americas,,,hazard,Hazard,5.3,48.6,TANK,2026-05-16 15:18:25.728179+00:00,2026_05_16
12,2025-08-29 14:38:55.926244974,https://overwatch.blizzard.com/en-us/rates/data/?map=all-maps&role=All&rq=1&input=Console&region=Americas&tier=Master,"{'map': 'all-maps', 'role': 'All', 'rq': '1', 'input': 'Console', 'region': 'Americas', 'tier': 'Master'}",All,,Americas,,,illari,Illari,16.5,48.6,SUPPORT,2026-05-16 15:18:25.728179+00:00,2026_05_16
12,2025-08-29 14:38:55.926244974,https://overwatch.blizzard.com/en-us/rates/data/?map=all-maps&role=All&rq=1&input=Console&region=Americas&tier=Master,"{'map': 'all-maps', 'role': 'All', 'rq': '1', 'input': 'Console', 'region': 'Americas', 'tier': 'Master'}",All,,Americas,,,junker-queen,Junker Queen,4.5,50.0,TANK,2026-05-16 15:18:25.728179+00:00,2026_05_16
12,2025-08-29 14:38:55.926244974,https://overwatch.blizzard.com/en-us/rates/data/?map=all-maps&role=All&rq=1&input=Console&region=Americas&tier=Master,"{'map': 'all-maps', 'role': 'All', 'rq': '1', 'input': 'Console', 'region': 'Americas', 'tier': 'Master'}",All,,Americas,,,junkrat,Junkrat,1.6,36.5,DAMAGE,2026-05-16 15:18:25.728179+00:00,2026_05_16
12,2025-08-29 14:38:55.926244974,https://overwatch.blizzard.com/en-us/rates/data/?map=all-maps&role=All&rq=1&input=Console&region=Americas&tier=Master,"{'map': 'all-maps', 'role': 'All', 'rq': '1', 'input': 'Console', 'region': 'Americas', 'tier': 'Master'}",All,,Americas,,,juno,Juno,9.5,50.3,SUPPORT,2026-05-16 15:18:25.728179+00:00,2026_05_16
12,2025-08-29 14:38:55.926244974,https://overwatch.blizzard.com/en-us/rates/data/?map=all-maps&role=All&rq=1&input=Console&region=Americas&tier=Master,"{'map': 'all-maps', 'role': 'All', 'rq': '1', 'input': 'Console', 'region': 'Americas', 'tier': 'Master'}",All,,Americas,,,kiriko,Kiriko,30.9,47.3,SUPPORT,2026-05-16 15:18:25.728179+00:00,2026_05_16
12,2025-08-29 14:38:55.926244974,https://overwatch.blizzard.com/en-us/rates/data/?map=all-maps&role=All&rq=1&input=Console&region=Americas&tier=Master,"{'map': 'all-maps', 'role': 'All', 'rq': '1', 'input': 'Console', 'region': 'Americas', 'tier': 'Master'}",All,,Americas,,,lifeweaver,Lifeweaver,4.7,45.3,SUPPORT,2026-05-16 15:18:25.728179+00:00,2026_05_16
12,2025-08-29 14:38:55.926244974,https://overwatch.blizzard.com/en-us/rates/data/?map=all-maps&role=All&rq=1&input=Console&region=Americas&tier=Master,"{'map': 'all-maps', 'role': 'All', 'rq': '1', 'input': 'Console', 'region': 'Americas', 'tier': 'Master'}",All,,Americas,,,lucio,Lúcio,11.9,51.5,SUPPORT,2026-05-16 15:18:25.728179+00:00,2026_05_16
12,2025-08-29 14:38:55.926244974,https://overwatch.blizzard.com/en-us/rates/data/?map=all-maps&role=All&rq=1&input=Console&region=Americas&tier=Master,"{'map': 'all-maps', 'role': 'All', 'rq': '1', 'input': 'Console', 'region': 'Americas', 'tier': 'Master'}",All,,Americas,,,mauga,Mauga,19.2,58.7,TANK,2026-05-16 15:18:25.728179+00:00,2026_05_16
12,2025-08-29 14:38:55.926244974,https://overwatch.blizzard.com/en-us/rates/data/?map=all-maps&role=All&rq=1&input=Console&region=Americas&tier=Master,"{'map': 'all-maps', 'role': 'All', 'rq': '1', 'input': 'Console', 'region': 'Americas', 'tier': 'Master'}",All,,Americas,,,mei,Mei,3.9,53.8,DAMAGE,2026-05-16 15:18:25.728179+00:00,2026_05_16
12,2025-08-29 14:38:55.926244974,https://overwatch.blizzard.com/en-us/rates/data/?map=all-maps&role=All&rq=1&input=Console&region=Americas&tier=Master,"{'map': 'all-maps', 'role': 'All', 'rq': '1', 'input': 'Console', 'region': 'Americas', 'tier': 'Master'}",All,,Americas,,,mercy,Mercy,17.4,52.6,SUPPORT,2026-05-16 15:18:25.728179+00:00,2026_05_16
12,2025-08-29 14:38:55.926244974,https://overwatch.blizzard.com/en-us/rates/data/?map=all-maps&role=All&rq=1&input=Console&region=Americas&tier=Master,"{'map': 'all-maps', 'role': 'All', 'rq': '1', 'input': 'Console', 'region': 'Americas', 'tier': 'Master'}",All,,Americas,,,moira,Moira,7.0,39.0,SUPPORT,2026-05-16 15:18:25.728179+00:00,2026_05_16
12,2025-08-29 14:38:55.926244974,https://overwatch.blizzard.com/en-us/rates/data/?map=all-maps&role=All&rq=1&input=Console&region=Americas&tier=Master,"{'map': 'all-maps', 'role': 'All', 'rq': '1', 'input': 'Console', 'region': 'Americas', 'tier': 'Master'}",All,,Americas,,,orisa,Orisa,15.0,51.3,TANK,2026-05-16 15:18:25.728179+00:00,2026_05_16
12,2025-08-29 14:38:55.926244974,https://overwatch.blizzard.com/en-us/rates/data/?map=all-maps&role=All&rq=1&input=Console&region=Americas&tier=Master,"{'map': 'all-maps', 'role': 'All', 'rq': '1', 'input': 'Console', 'region': 'Americas', 'tier': 'Master'}",All,,Americas,,,pharah,Pharah,0.7,39.7,DAMAGE,2026-05-16 15:18:25.728179+00:00,2026_05_16
12,2025-08-29 14:38:55.926244974,https://overwatch.blizzard.com/en-us/rates/data/?map=all-maps&role=All&rq=1&input=Console&region=Americas&tier=Master,"{'map': 'all-maps', 'role': 'All', 'rq': '1', 'input': 'Console', 'region': 'Americas', 'tier': 'Master'}",All,,Americas,,,ramattra,Ramattra,5.3,41.5,TANK,2026-05-16 15:18:25.728179+00:00,2026_05_16
12,2025-08-29 14:38:55.926244974,https://overwatch.blizzard.com/en-us/rates/data/?map=all-maps&role=All&rq=1&input=Console&region=Americas&tier=Master,"{'map': 'all-maps', 'role': 'All', 'rq': '1', 'input': 'Console', 'region': 'Americas', 'tier': 'Master'}",All,,Americas,,,reaper,Reaper,6.1,51.5,DAMAGE,2026-05-16 15:18:25.728179+00:00,2026_05_16
12,2025-08-29 14:38:55.926244974,https://overwatch.blizzard.com/en-us/rates/data/?map=all-maps&role=All&rq=1&input=Console&region=Americas&tier=Master,"{'map': 'all-maps', 'role': 'All', 'rq': '1', 'input': 'Console', 'region': 'Americas', 'tier': 'Master'}",All,,Americas,,,reinhardt,Reinhardt,3.9,42.9,TANK,2026-05-16 15:18:25.728179+00:00,2026_05_16
12,2025-08-29 14:38:55.926244974,https://overwatch.blizzard.com/en-us/rates/data/?map=all-maps&role=All&rq=1&input=Console&region=Americas&tier=Master,"{'map': 'all-maps', 'role': 'All', 'rq': '1', 'input': 'Console', 'region': 'Americas', 'tier': 'Master'}",All,,Americas,,,roadhog,Roadhog,6.2,39.9,TANK,2026-05-16 15:18:25.728179+00:00,2026_05_16
12,2025-08-29 14:38:55.926244974,https://overwatch.blizzard.com/en-us/rates/data/?map=all-maps&role=All&rq=1&input=Console&region=Americas&tier=Master,"{'map': 'all-maps', 'role': 'All', 'rq': '1', 'input': 'Console', 'region': 'Americas', 'tier': 'Master'}",All,,Americas,,,sigma,Sigma,9.4,52.6,TANK,2026-05-16 15:18:25.728179+00:00,2026_05_16
12,2025-08-29 14:38:55.926244974,https://overwatch.blizzard.com/en-us/rates/data/?map=all-maps&role=All&rq=1&input=Console&region=Americas&tier=Master,"{'map': 'all-maps', 'role': 'All', 'rq': '1', 'input': 'Console', 'region': 'Americas', 'tier': 'Master'}",All,,Americas,,,sojourn,Sojourn,28.0,45.0,DAMAGE,2026-05-16 15:18:25.728179+00:00,2026_05_16
12,2025-08-29 14:38:55.926244974,https://overwatch.blizzard.com/en-us/rates/data/?map=all-maps&role=All&rq=1&input=Console&region=Americas&tier=Master,"{'map': 'all-maps', 'role': 'All', 'rq': '1', 'input': 'Console', 'region': 'Americas', 'tier': 'Master'}",All,,Americas,,,soldier-76,Soldier: 76,34.6,53.5,DAMAGE,2026-05-16 15:18:25.728179+00:00,2026_05_16
12,2025-08-29 14:38:55.926244974,https://overwatch.blizzard.com/en-us/rates/data/?map=all-maps&role=All&rq=1&input=Console&region=Americas&tier=Master,"{'map': 'all-maps', 'role': 'All', 'rq': '1', 'input': 'Console', 'region': 'Americas', 'tier': 'Master'}",All,,Americas,,,sombra,Sombra,6.3,48.6,DAMAGE,2026-05-16 15:18:25.728179+00:00,2026_05_16
12,2025-08-29 14:38:55.926244974,https://overwatch.blizzard.com/en-us/rates/data/?map=all-maps&role=All&rq=1&input=Console&region=Americas&tier=Master,"{'map': 'all-maps', 'role': 'All', 'rq': '1', 'input': 'Console', 'region': 'Americas', 'tier': 'Master'}",All,,Americas,,,symmetra,Symmetra,4.1,53.6,DAMAGE,2026-05-16 15:18:25.728179+00:00,2026_05_16
12,2025-08-29 14:38:55.926244974,https://overwatch.blizzard.com/en-us/rates/data/?map=all-maps&role=All&rq=1&input=Console&region=Americas&tier=Master,"{'map': 'all-maps', 'role': 'All', 'rq': '1', 'input': 'Console', 'region': 'Americas', 'tier': 'Master'}",All,,Americas,,,torbjorn,Torbjörn,2.8,48.8,DAMAGE,2026-05-16 15:18:25.728179+00:00,2026_05_16
12,2025-08-29 14:38:55.926244974,https://overwatch.blizzard.com/en-us/rates/data/?map=all-maps&role=All&rq=1&input=Console&region=Americas&tier=Master,"{'map': 'all-maps', 'role': 'All', 'rq': '1', 'input': 'Console', 'region': 'Americas', 'tier': 'Master'}",All,,Americas,,,tracer,Tracer,20.7,62.6,DAMAGE,2026-05-16 15:18:25.728179+00:00,2026_05_16
12,2025-08-29 14:38:55.926244974,https://overwatch.blizzard.com/en-us/rates/data/?map=all-maps&role=All&rq=1&input=Console&region=Americas&tier=Master,"{'map': 'all-maps', 'role': 'All', 'rq': '1', 'input': 'Console', 'region': 'Americas', 'tier': 'Master'}",All,,Americas,,,venture,Venture,4.0,44.6,DAMAGE,2026-05-16 15:18:25.728179+00:00,2026_05_16
12,2025-08-29 14:38:55.926244974,https://overwatch.blizzard.com/en-us/rates/data/?map=all-maps&role=All&rq=1&input=Console&region=Americas&tier=Master,"{'map': 'all-maps', 'role': 'All', 'rq': '1', 'input': 'Console', 'region': 'Americas', 'tier': 'Master'}",All,,Americas,,,widowmaker,Widowmaker,6.5,47.9,DAMAGE,2026-05-16 15:18:25.728179+00:00,2026_05_16
12,2025-08-29 14:38:55.926244974,https://overwatch.blizzard.com/en-us/rates/data/?map=all-maps&role=All&rq=1&input=Console&region=Americas&tier=Master,"{'map': 'all-maps', 'role': 'All', 'rq': '1', 'input': 'Console', 'region': 'Americas', 'tier': 'Master'}",All,,Americas,,,winston,Winston,3.6,46.5,TANK,2026-05-16 15:18:25.728179+00:00,2026_05_16
12,2025-08-29 14:38:55.926244974,https://overwatch.blizzard.com/en-us/rates/data/?map=all-maps&role=All&rq=1&input=Console&region=Americas&tier=Master,"{'map': 'all-maps', 'role': 'All', 'rq': '1', 'input': 'Console', 'region': 'Americas', 'tier': 'Master'}",All,,Americas,,,wrecking-ball,Wrecking Ball,6.5,50.5,TANK,2026-05-16 15:18:25.728179+00:00,2026_05_16
12,2025-08-29 14:38:55.926244974,https://overwatch.blizzard.com/en-us/rates/data/?map=all-maps&role=All&rq=1&input=Console&region=Americas&tier=Master,"{'map': 'all-maps', 'role': 'All', 'rq': '1', 'input': 'Console', 'region': 'Americas', 'tier': 'Master'}",All,,Americas,,,wuyang,Wuyang,20.0,57.6,SUPPORT,2026-05-16 15:18:25.728179+00:00,2026_05_16
12,2025-08-29 14:38:55.926244974,https://overwatch.blizzard.com/en-us/rates/data/?map=all-maps&role=All&rq=1&input=Console&region=Americas&tier=Master,"{'map': 'all-maps', 'role': 'All', 'rq': '1', 'input': 'Console', 'region': 'Americas', 'tier': 'Master'}",All,,Americas,,,zarya,Zarya,4.6,41.3,TANK,2026-05-16 15:18:25.728179+00:00,2026_05_16
12,2025-08-29 14:38:55.926244974,https://overwatch.blizzard.com/en-us/rates/data/?map=all-maps&role=All&rq=1&input=Console&region=Americas&tier=Master,"{'map': 'all-maps', 'role': 'All', 'rq': '1', 'input': 'Console', 'region': 'Americas', 'tier': 'Master'}",All,,Americas,,,zenyatta,Zenyatta,5.7,52.3,SUPPORT,2026-05-16 15:18:25.728179+00:00,2026_05_16
13,2025-08-29 14:38:56.178389788,https://overwatch.blizzard.com/en-us/rates/data/?map=all-maps&role=All&rq=1&input=Console&region=Americas&tier=Grandmaster,"{'map': 'all-maps', 'role': 'All', 'rq': '1', 'input': 'Console', 'region': 'Americas', 'tier': 'Grandmaster'}",All,,Americas,,,ana,Ana,-1.0,-1.0,SUPPORT,2026-05-16 15:18:25.728179+00:00,2026_05_16
13,2025-08-29 14:38:56.178389788,https://overwatch.blizzard.com/en-us/rates/data/?map=all-maps&role=All&rq=1&input=Console&region=Americas&tier=Grandmaster,"{'map': 'all-maps', 'role': 'All', 'rq': '1', 'input': 'Console', 'region': 'Americas', 'tier': 'Grandmaster'}",All,,Americas,,,ashe,Ashe,-1.0,-1.0,DAMAGE,2026-05-16 15:18:25.728179+00:00,2026_05_16
13,2025-08-29 14:38:56.178389788,https://overwatch.blizzard.com/en-us/rates/data/?map=all-maps&role=All&rq=1&input=Console&region=Americas&tier=Grandmaster,"{'map': 'all-maps', 'role': 'All', 'rq': '1', 'input': 'Console', 'region': 'Americas', 'tier': 'Grandmaster'}",All,,Americas,,,baptiste,Baptiste,-1.0,-1.0,SUPPORT,2026-05-16 15:18:25.728179+00:00,2026_05_16
13,2025-08-29 14:38:56.178389788,https://overwatch.blizzard.com/en-us/rates/data/?map=all-maps&role=All&rq=1&input=Console&region=Americas&tier=Grandmaster,"{'map': 'all-maps', 'role': 'All', 'rq': '1', 'input': 'Console', 'region': 'Americas', 'tier': 'Grandmaster'}",All,,Americas,,,bastion,Bastion,-1.0,-1.0,DAMAGE,2026-05-16 15:18:25.728179+00:00,2026_05_16
13,2025-08-29 14:38:56.178389788,https://overwatch.blizzard.com/en-us/rates/data/?map=all-maps&role=All&rq=1&input=Console&region=Americas&tier=Grandmaster,"{'map': 'all-maps', 'role': 'All', 'rq': '1', 'input': 'Console', 'region': 'Americas', 'tier': 'Grandmaster'}",All,,Americas,,,brigitte,Brigitte,-1.0,-1.0,SUPPORT,2026-05-16 15:18:25.728179+00:00,2026_05_16
13,2025-08-29 14:38:56.178389788,https://overwatch.blizzard.com/en-us/rates/data/?map=all-maps&role=All&rq=1&input=Console&region=Americas&tier=Grandmaster,"{'map': 'all-maps', 'role': 'All', 'rq': '1', 'input': 'Console', 'region': 'Americas', 'tier': 'Grandmaster'}",All,,Americas,,,cassidy,Cassidy,-1.0,-1.0,DAMAGE,2026-05-16 15:18:25.728179+00:00,2026_05_16
13,2025-08-29 14:38:56.178389788,https://overwatch.blizzard.com/en-us/rates/data/?map=all-maps&role=All&rq=1&input=Console&region=Americas&tier=Grandmaster,"{'map': 'all-maps', 'role': 'All', 'rq': '1', 'input': 'Console', 'region': 'Americas', 'tier': 'Grandmaster'}",All,,Americas,,,dva,D.Va,-1.0,-1.0,TANK,2026-05-16 15:18:25.728179+00:00,2026_05_16
13,2025-08-29 14:38:56.178389788,https://overwatch.blizzard.com/en-us/rates/data/?map=all-maps&role=All&rq=1&input=Console&region=Americas&tier=Grandmaster,"{'map': 'all-maps', 'role': 'All', 'rq': '1', 'input': 'Console', 'region': 'Americas', 'tier': 'Grandmaster'}",All,,Americas,,,doomfist,Doomfist,-1.0,-1.0,TANK,2026-05-16 15:18:25.728179+00:00,2026_05_16
13,2025-08-29 14:38:56.178389788,https://overwatch.blizzard.com/en-us/rates/data/?map=all-maps&role=All&rq=1&input=Console&region=Americas&tier=Grandmaster,"{'map': 'all-maps', 'role': 'All', 'rq': '1', 'input': 'Console', 'region': 'Americas', 'tier': 'Grandmaster'}",All,,Americas,,,echo,Echo,-1.0,-1.0,DAMAGE,2026-05-16 15:18:25.728179+00:00,2026_05_16
13,2025-08-29 14:38:56.178389788,https://overwatch.blizzard.com/en-us/rates/data/?map=all-maps&role=All&rq=1&input=Console&region=Americas&tier=Grandmaster,"{'map': 'all-maps', 'role': 'All', 'rq': '1', 'input': 'Console', 'region': 'Americas', 'tier': 'Grandmaster'}",All,,Americas,,,freja,Freja,-1.0,-1.0,DAMAGE,2026-05-16 15:18:25.728179+00:00,2026_05_16
13,2025-08-29 14:38:56.178389788,https://overwatch.blizzard.com/en-us/rates/data/?map=all-maps&role=All&rq=1&input=Console&region=Americas&tier=Grandmaster,"{'map': 'all-maps', 'role': 'All', 'rq': '1', 'input': 'Console', 'region': 'Americas', 'tier': 'Grandmaster'}",All,,Americas,,,genji,Genji,-1.0,-1.0,DAMAGE,2026-05-16 15:18:25.728179+00:00,2026_05_16
13,2025-08-29 14:38:56.178389788,https://overwatch.blizzard.com/en-us/rates/data/?map=all-maps&role=All&rq=1&input=Console&region=Americas&tier=Grandmaster,"{'map': 'all-maps', 'role': 'All', 'rq': '1', 'input': 'Console', 'region': 'Americas', 'tier': 'Grandmaster'}",All,,Americas,,,hanzo,Hanzo,-1.0,-1.0,DAMAGE,2026-05-16 15:18:25.728179+00:00,2026_05_16
13,2025-08-29 14:38:56.178389788,https://overwatch.blizzard.com/en-us/rates/data/?map=all-maps&role=All&rq=1&input=Console&region=Americas&tier=Grandmaster,"{'map': 'all-maps', 'role': 'All', 'rq': '1', 'input': 'Console', 'region': 'Americas', 'tier': 'Grandmaster'}",All,,Americas,,,hazard,Hazard,-1.0,-1.0,TANK,2026-05-16 15:18:25.728179+00:00,2026_05_16
13,2025-08-29 14:38:56.178389788,https://overwatch.blizzard.com/en-us/rates/data/?map=all-maps&role=All&rq=1&input=Console&region=Americas&tier=Grandmaster,"{'map': 'all-maps', 'role': 'All', 'rq': '1', 'input': 'Console', 'region': 'Americas', 'tier': 'Grandmaster'}",All,,Americas,,,illari,Illari,-1.0,-1.0,SUPPORT,2026-05-16 15:18:25.728179+00:00,2026_05_16
13,2025-08-29 14:38:56.178389788,https://overwatch.blizzard.com/en-us/rates/data/?map=all-maps&role=All&rq=1&input=Console&region=Americas&tier=Grandmaster,"{'map': 'all-maps', 'role': 'All', 'rq': '1', 'input': 'Console', 'region': 'Americas', 'tier': 'Grandmaster'}",All,,Americas,,,junker-queen,Junker Queen,-1.0,-1.0,TANK,2026-05-16 15:18:25.728179+00:00,2026_05_16
13,2025-08-29 14:38:56.178389788,https://overwatch.blizzard.com/en-us/rates/data/?map=all-maps&role=All&rq=1&input=Console&region=Americas&tier=Grandmaster,"{'map': 'all-maps', 'role': 'All', 'rq': '1', 'input': 'Console', 'region': 'Americas', 'tier': 'Grandmaster'}",All,,Americas,,,junkrat,Junkrat,-1.0,-1.0,DAMAGE,2026-05-16 15:18:25.728179+00:00,2026_05_16
13,2025-08-29 14:38:56.178389788,https://overwatch.blizzard.com/en-us/rates/data/?map=all-maps&role=All&rq=1&input=Console&region=Americas&tier=Grandmaster,"{'map': 'all-maps', 'role': 'All', 'rq': '1', 'input': 'Console', 'region': 'Americas', 'tier': 'Grandmaster'}",All,,Americas,,,juno,Juno,-1.0,-1.0,SUPPORT,2026-05-16 15:18:25.728179+00:00,2026_05_16
13,2025-08-29 14:38:56.178389788,https://overwatch.blizzard.com/en-us/rates/data/?map=all-maps&role=All&rq=1&input=Console&region=Americas&tier=Grandmaster,"{'map': 'all-maps', 'role': 'All', 'rq': '1', 'input': 'Console', 'region': 'Americas', 'tier': 'Grandmaster'}",All,,Americas,,,kiriko,Kiriko,-1.0,-1.0,SUPPORT,2026-05-16 15:18:25.728179+00:00,2026_05_16
13,2025-08-29 14:38:56.178389788,https://overwatch.blizzard.com/en-us/rates/data/?map=all-maps&role=All&rq=1&input=Console&region=Americas&tier=Grandmaster,"{'map': 'all-maps', 'role': 'All', 'rq': '1', 'input': 'Console', 'region': 'Americas', 'tier': 'Grandmaster'}",All,,Americas,,,lifeweaver,Lifeweaver,-1.0,-1.0,SUPPORT,2026-05-16 15:18:25.728179+00:00,2026_05_16
13,2025-08-29 14:38:56.178389788,https://overwatch.blizzard.com/en-us/rates/data/?map=all-maps&role=All&rq=1&input=Console&region=Americas&tier=Grandmaster,"{'map': 'all-maps', 'role': 'All', 'rq': '1', 'input': 'Console', 'region': 'Americas', 'tier': 'Grandmaster'}",All,,Americas,,,lucio,Lúcio,-1.0,-1.0,SUPPORT,2026-05-16 15:18:25.728179+00:00,2026_05_16
13,2025-08-29 14:38:56.178389788,https://overwatch.blizzard.com/en-us/rates/data/?map=all-maps&role=All&rq=1&input=Console&region=Americas&tier=Grandmaster,"{'map': 'all-maps', 'role': 'All', 'rq': '1', 'input': 'Console', 'region': 'Americas', 'tier': 'Grandmaster'}",All,,Americas,,,mauga,Mauga,-1.0,-1.0,TANK,2026-05-16 15:18:25.728179+00:00,2026_05_16
13,2025-08-29 14:38:56.178389788,https://overwatch.blizzard.com/en-us/rates/data/?map=all-maps&role=All&rq=1&input=Console&region=Americas&tier=Grandmaster,"{'map': 'all-maps', 'role': 'All', 'rq': '1', 'input': 'Console', 'region': 'Americas', 'tier': 'Grandmaster'}",All,,Americas,,,mei,Mei,-1.0,-1.0,DAMAGE,2026-05-16 15:18:25.728179+00:00,2026_05_16
13,2025-08-29 14:38:56.178389788,https://overwatch.blizzard.com/en-us/rates/data/?map=all-maps&role=All&rq=1&input=Console&region=Americas&tier=Grandmaster,"{'map': 'all-maps', 'role': 'All', 'rq': '1', 'input': 'Console', 'region': 'Americas', 'tier': 'Grandmaster'}",All,,Americas,,,mercy,Mercy,-1.0,-1.0,SUPPORT,2026-05-16 15:18:25.728179+00:00,2026_05_16
13,2025-08-29 14:38:56.178389788,https://overwatch.blizzard.com/en-us/rates/data/?map=all-maps&role=All&rq=1&input=Console&region=Americas&tier=Grandmaster,"{'map': 'all-maps', 'role': 'All', 'rq': '1', 'input': 'Console', 'region': 'Americas', 'tier': 'Grandmaster'}",All,,Americas,,,moira,Moira,-1.0,-1.0,SUPPORT,2026-05-16 15:18:25.728179+00:00,2026_05_16
13,2025-08-29 14:38:56.178389788,https://overwatch.blizzard.com/en-us/rates/data/?map=all-maps&role=All&rq=1&input=Console&region=Americas&tier=Grandmaster,"{'map': 'all-maps', 'role': 'All', 'rq': '1', 'input': 'Console', 'region': 'Americas', 'tier': 'Grandmaster'}",All,,Americas,,,orisa,Orisa,-1.0,-1.0,TANK,2026-05-16 15:18:25.728179+00:00,2026_05_16
13,2025-08-29 14:38:56.178389788,https://overwatch.blizzard.com/en-us/rates/data/?map=all-maps&role=All&rq=1&input=Console&region=Americas&tier=Grandmaster,"{'map': 'all-maps', 'role': 'All', 'rq': '1', 'input': 'Console', 'region': 'Americas', 'tier': 'Grandmaster'}",All,,Americas,,,pharah,Pharah,-1.0,-1.0,DAMAGE,2026-05-16 15:18:25.728179+00:00,2026_05_16
13,2025-08-29 14:38:56.178389788,https://overwatch.blizzard.com/en-us/rates/data/?map=all-maps&role=All&rq=1&input=Console&region=Americas&tier=Grandmaster,"{'map': 'all-maps', 'role': 'All', 'rq': '1', 'input': 'Console', 'region': 'Americas', 'tier': 'Grandmaster'}",All,,Americas,,,ramattra,Ramattra,-1.0,-1.0,TANK,2026-05-16 15:18:25.728179+00:00,2026_05_16
13,2025-08-29 14:38:56.178389788,https://overwatch.blizzard.com/en-us/rates/data/?map=all-maps&role=All&rq=1&input=Console&region=Americas&tier=Grandmaster,"{'map': 'all-maps', 'role': 'All', 'rq': '1', 'input': 'Console', 'region': 'Americas', 'tier': 'Grandmaster'}",All,,Americas,,,reaper,Reaper,-1.0,-1.0,DAMAGE,2026-05-16 15:18:25.728179+00:00,2026_05_16
13,2025-08-29 14:38:56.178389788,https://overwatch.blizzard.com/en-us/rates/data/?map=all-maps&role=All&rq=1&input=Console&region=Americas&tier=Grandmaster,"{'map': 'all-maps', 'role': 'All', 'rq': '1', 'input': 'Console', 'region': 'Americas', 'tier': 'Grandmaster'}",All,,Americas,,,reinhardt,Reinhardt,-1.0,-1.0,TANK,2026-05-16 15:18:25.728179+00:00,2026_05_16
13,2025-08-29 14:38:56.178389788,https://overwatch.blizzard.com/en-us/rates/data/?map=all-maps&role=All&rq=1&input=Console&region=Americas&tier=Grandmaster,"{'map': 'all-maps', 'role': 'All', 'rq': '1', 'input': 'Console', 'region': 'Americas', 'tier': 'Grandmaster'}",All,,Americas,,,roadhog,Roadhog,-1.0,-1.0,TANK,2026-05-16 15:18:25.728179+00:00,2026_05_16
13,2025-08-29 14:38:56.178389788,https://overwatch.blizzard.com/en-us/rates/data/?map=all-maps&role=All&rq=1&input=Console&region=Americas&tier=Grandmaster,"{'map': 'all-maps', 'role': 'All', 'rq': '1', 'input': 'Console', 'region': 'Americas', 'tier': 'Grandmaster'}",All,,Americas,,,sigma,Sigma,-1.0,-1.0,TANK,2026-05-16 15:18:25.728179+00:00,2026_05_16
13,2025-08-29 14:38:56.178389788,https://overwatch.blizzard.com/en-us/rates/data/?map=all-maps&role=All&rq=1&input=Console&region=Americas&tier=Grandmaster,"{'map': 'all-maps', 'role': 'All', 'rq': '1', 'input': 'Console', 'region': 'Americas', 'tier': 'Grandmaster'}",All,,Americas,,,sojourn,Sojourn,-1.0,-1.0,DAMAGE,2026-05-16 15:18:25.728179+00:00,2026_05_16
13,2025-08-29 14:38:56.178389788,https://overwatch.blizzard.com/en-us/rates/data/?map=all-maps&role=All&rq=1&input=Console&region=Americas&tier=Grandmaster,"{'map': 'all-maps', 'role': 'All', 'rq': '1', 'input': 'Console', 'region': 'Americas', 'tier': 'Grandmaster'}",All,,Americas,,,soldier-76,Soldier: 76,-1.0,-1.0,DAMAGE,2026-05-16 15:18:25.728179+00:00,2026_05_16
13,2025-08-29 14:38:56.178389788,https://overwatch.blizzard.com/en-us/rates/data/?map=all-maps&role=All&rq=1&input=Console&region=Americas&tier=Grandmaster,"{'map': 'all-maps', 'role': 'All', 'rq': '1', 'input': 'Console', 'region': 'Americas', 'tier': 'Grandmaster'}",All,,Americas,,,sombra,Sombra,-1.0,-1.0,DAMAGE,2026-05-16 15:18:25.728179+00:00,2026_05_16
13,2025-08-29 14:38:56.178389788,https://overwatch.blizzard.com/en-us/rates/data/?map=all-maps&role=All&rq=1&input=Console&region=Americas&tier=Grandmaster,"{'map': 'all-maps', 'role': 'All', 'rq': '1', 'input': 'Console', 'region': 'Americas', 'tier': 'Grandmaster'}",All,,Americas,,,symmetra,Symmetra,-1.0,-1.0,DAMAGE,2026-05-16 15:18:25.728179+00:00,2026_05_16
13,2025-08-29 14:38:56.178389788,https://overwatch.blizzard.com/en-us/rates/data/?map=all-maps&role=All&rq=1&input=Console&region=Americas&tier=Grandmaster,"{'map': 'all-maps', 'role': 'All', 'rq': '1', 'input': 'Console', 'region': 'Americas', 'tier': 'Grandmaster'}",All,,Americas,,,torbjorn,Torbjörn,-1.0,-1.0,DAMAGE,2026-05-16 15:18:25.728179+00:00,2026_05_16
13,2025-08-29 14:38:56.178389788,https://overwatch.blizzard.com/en-us/rates/data/?map=all-maps&role=All&rq=1&input=Console&region=Americas&tier=Grandmaster,"{'map': 'all-maps', 'role': 'All', 'rq': '1', 'input': 'Console', 'region': 'Americas', 'tier': 'Grandmaster'}",All,,Americas,,,tracer,Tracer,-1.0,-1.0,DAMAGE,2026-05-16 15:18:25.728179+00:00,2026_05_16
13,2025-08-29 14:38:56.178389788,https://overwatch.blizzard.com/en-us/rates/data/?map=all-maps&role=All&rq=1&input=Console&region=Americas&tier=Grandmaster,"{'map': 'all-maps', 'role': 'All', 'rq': '1', 'input': 'Console', 'region': 'Americas', 'tier': 'Grandmaster'}",All,,Americas,,,venture,Venture,-1.0,-1.0,DAMAGE,2026-05-16 15:18:25.728179+00:00,2026_05_16
13,2025-08-29 14:38:56.178389788,https://overwatch.blizzard.com/en-us/rates/data/?map=all-maps&role=All&rq=1&input=Console&region=Americas&tier=Grandmaster,"{'map': 'all-maps', 'role': 'All', 'rq': '1', 'input': 'Console', 'region': 'Americas', 'tier': 'Grandmaster'}",All,,Americas,,,widowmaker,Widowmaker,-1.0,-1.0,DAMAGE,2026-05-16 15:18:25.728179+00:00,2026_05_16
13,2025-08-29 14:38:56.178389788,https://overwatch.blizzard.com/en-us/rates/data/?map=all-maps&role=All&rq=1&input=Console&region=Americas&tier=Grandmaster,"{'map': 'all-maps', 'role': 'All', 'rq': '1', 'input': 'Console', 'region': 'Americas', 'tier': 'Grandmaster'}",All,,Americas,,,winston,Winston,-1.0,-1.0,TANK,2026-05-16 15:18:25.728179+00:00,2026_05_16
13,2025-08-29 14:38:56.178389788,https://overwatch.blizzard.com/en-us/rates/data/?map=all-maps&role=All&rq=1&input=Console&region=Americas&tier=Grandmaster,"{'map': 'all-maps', 'role': 'All', 'rq': '1', 'input': 'Console', 'region': 'Americas', 'tier': 'Grandmaster'}",All,,Americas,,,wrecking-ball,Wrecking Ball,-1.0,-1.0,TANK,2026-05-16 15:18:25.728179+00:00,2026_05_16
13,2025-08-29 14:38:56.178389788,https://overwatch.blizzard.com/en-us/rates/data/?map=all-maps&role=All&rq=1&input=Console&region=Americas&tier=Grandmaster,"{'map': 'all-maps', 'role': 'All', 'rq': '1', 'input': 'Console', 'region': 'Americas', 'tier': 'Grandmaster'}",All,,Americas,,,wuyang,Wuyang,-1.0,-1.0,SUPPORT,2026-05-16 15:18:25.728179+00:00,2026_05_16
13,2025-08-29 14:38:56.178389788,https://overwatch.blizzard.com/en-us/rates/data/?map=all-maps&role=All&rq=1&input=Console&region=Americas&tier=Grandmaster,"{'map': 'all-maps', 'role': 'All', 'rq': '1', 'input': 'Console', 'region': 'Americas', 'tier': 'Grandmaster'}",All,,Americas,,,zarya,Zarya,-1.0,-1.0,TANK,2026-05-16 15:18:25.728179+00:00,2026_05_16
13,2025-08-29 14:38:56.178389788,https://overwatch.blizzard.com/en-us/rates/data/?map=all-maps&role=All&rq=1&input=Console&region=Americas&tier=Grandmaster,"{'map': 'all-maps', 'role': 'All', 'rq': '1', 'input': 'Console', 'region': 'Americas', 'tier': 'Grandmaster'}",All,,Americas,,,zenyatta,Zenyatta,-1.0,-1.0,SUPPORT,2026-05-16 15:18:25.728179+00:00,2026_05_16
14,2025-08-29 14:38:56.437823296,https://overwatch.blizzard.com/en-us/rates/data/?map=all-maps&role=All&rq=1&input=Console&region=Asia&tier=All,"{'map': 'all-maps', 'role': 'All', 'rq': '1', 'input': 'Console', 'region': 'Asia', 'tier': 'All'}",All,,Asia,,,ana,Ana,33.0,46.8,SUPPORT,2026-05-16 15:18:25.728179+00:00,2026_05_16
14,2025-08-29 14:38:56.437823296,https://overwatch.blizzard.com/en-us/rates/data/?map=all-maps&role=All&rq=1&input=Console&region=Asia&tier=All,"{'map': 'all-maps', 'role': 'All', 'rq': '1', 'input': 'Console', 'region': 'Asia', 'tier': 'All'}",All,,Asia,,,ashe,Ashe,13.9,51.2,DAMAGE,2026-05-16 15:18:25.728179+00:00,2026_05_16
14,2025-08-29 14:38:56.437823296,https://overwatch.blizzard.com/en-us/rates/data/?map=all-maps&role=All&rq=1&input=Console&region=Asia&tier=All,"{'map': 'all-maps', 'role': 'All', 'rq': '1', 'input': 'Console', 'region': 'Asia', 'tier': 'All'}",All,,Asia,,,baptiste,Baptiste,16.2,48.0,SUPPORT,2026-05-16 15:18:25.728179+00:00,2026_05_16
14,2025-08-29 14:38:56.437823296,https://overwatch.blizzard.com/en-us/rates/data/?map=all-maps&role=All&rq=1&input=Console&region=Asia&tier=All,"{'map': 'all-maps', 'role': 'All', 'rq': '1', 'input': 'Console', 'region': 'Asia', 'tier': 'All'}",All,,Asia,,,bastion,Bastion,7.6,48.1,DAMAGE,2026-05-16 15:18:25.728179+00:00,2026_05_16
14,2025-08-29 14:38:56.437823296,https://overwatch.blizzard.com/en-us/rates/data/?map=all-maps&role=All&rq=1&input=Console&region=Asia&tier=All,"{'map': 'all-maps', 'role': 'All', 'rq': '1', 'input': 'Console', 'region': 'Asia', 'tier': 'All'}",All,,Asia,,,brigitte,Brigitte,7.0,46.7,SUPPORT,2026-05-16 15:18:25.728179+00:00,2026_05_16
14,2025-08-29 14:38:56.437823296,https://overwatch.blizzard.com/en-us/rates/data/?map=all-maps&role=All&rq=1&input=Console&region=Asia&tier=All,"{'map': 'all-maps', 'role': 'All', 'rq': '1', 'input': 'Console', 'region': 'Asia', 'tier': 'All'}",All,,Asia,,,cassidy,Cassidy,24.6,46.1,DAMAGE,2026-05-16 15:18:25.728179+00:00,2026_05_16
14,2025-08-29 14:38:56.437823296,https://overwatch.blizzard.com/en-us/rates/data/?map=all-maps&role=All&rq=1&input=Console&region=Asia&tier=All,"{'map': 'all-maps', 'role': 'All', 'rq': '1', 'input': 'Console', 'region': 'Asia', 'tier': 'All'}",All,,Asia,,,dva,D.Va,13.9,51.2,TANK,2026-05-16 15:18:25.728179+00:00,2026_05_16
14,2025-08-29 14:38:56.437823296,https://overwatch.blizzard.com/en-us/rates/data/?map=all-maps&role=All&rq=1&input=Console&region=Asia&tier=All,"{'map': 'all-maps', 'role': 'All', 'rq': '1', 'input': 'Console', 'region': 'Asia', 'tier': 'All'}",All,,Asia,,,doomfist,Doomfist,7.4,49.7,TANK,2026-05-16 15:18:25.728179+00:00,2026_05_16
14,2025-08-29 14:38:56.437823296,https://overwatch.blizzard.com/en-us/rates/data/?map=all-maps&role=All&rq=1&input=Console&region=Asia&tier=All,"{'map': 'all-maps', 'role': 'All', 'rq': '1', 'input': 'Console', 'region': 'Asia', 'tier': 'All'}",All,,Asia,,,echo,Echo,4.4,50.2,DAMAGE,2026-05-16 15:18:25.728179+00:00,2026_05_16
14,2025-08-29 14:38:56.437823296,https://overwatch.blizzard.com/en-us/rates/data/?map=all-maps&role=All&rq=1&input=Console&region=Asia&tier=All,"{'map': 'all-maps', 'role': 'All', 'rq': '1', 'input': 'Console', 'region': 'Asia', 'tier': 'All'}",All,,Asia,,,freja,Freja,5.3,44.9,DAMAGE,2026-05-16 15:18:25.728179+00:00,2026_05_16
14,2025-08-29 14:38:56.437823296,https://overwatch.blizzard.com/en-us/rates/data/?map=all-maps&role=All&rq=1&input=Console&region=Asia&tier=All,"{'map': 'all-maps', 'role': 'All', 'rq': '1', 'input': 'Console', 'region': 'Asia', 'tier': 'All'}",All,,Asia,,,genji,Genji,15.0,52.2,DAMAGE,2026-05-16 15:18:25.728179+00:00,2026_05_16
14,2025-08-29 14:38:56.437823296,https://overwatch.blizzard.com/en-us/rates/data/?map=all-maps&role=All&rq=1&input=Console&region=Asia&tier=All,"{'map': 'all-maps', 'role': 'All', 'rq': '1', 'input': 'Console', 'region': 'Asia', 'tier': 'All'}",All,,Asia,,,hanzo,Hanzo,11.2,49.0,DAMAGE,2026-05-16 15:18:25.728179+00:00,2026_05_16
14,2025-08-29 14:38:56.437823296,https://overwatch.blizzard.com/en-us/rates/data/?map=all-maps&role=All&rq=1&input=Console&region=Asia&tier=All,"{'map': 'all-maps', 'role': 'All', 'rq': '1', 'input': 'Console', 'region': 'Asia', 'tier': 'All'}",All,,Asia,,,hazard,Hazard,4.6,49.7,TANK,2026-05-16 15:18:25.728179+00:00,2026_05_16
14,2025-08-29 14:38:56.437823296,https://overwatch.blizzard.com/en-us/rates/data/?map=all-maps&role=All&rq=1&input=Console&region=Asia&tier=All,"{'map': 'all-maps', 'role': 'All', 'rq': '1', 'input': 'Console', 'region': 'Asia', 'tier': 'All'}",All,,Asia,,,illari,Illari,8.8,52.8,SUPPORT,2026-05-16 15:18:25.728179+00:00,2026_05_16
14,2025-08-29 14:38:56.437823296,https://overwatch.blizzard.com/en-us/rates/data/?map=all-maps&role=All&rq=1&input=Console&region=Asia&tier=All,"{'map': 'all-maps', 'role': 'All', 'rq': '1', 'input': 'Console', 'region': 'Asia', 'tier': 'All'}",All,,Asia,,,junker-queen,Junker Queen,7.5,54.5,TANK,2026-05-16 15:18:25.728179+00:00,2026_05_16
14,2025-08-29 14:38:56.437823296,https://overwatch.blizzard.com/en-us/rates/data/?map=all-maps&role=All&rq=1&input=Console&region=Asia&tier=All,"{'map': 'all-maps', 'role': 'All', 'rq': '1', 'input': 'Console', 'region': 'Asia', 'tier': 'All'}",All,,Asia,,,junkrat,Junkrat,6.0,48.4,DAMAGE,2026-05-16 15:18:25.728179+00:00,2026_05_16
14,2025-08-29 14:38:56.437823296,https://overwatch.blizzard.com/en-us/rates/data/?map=all-maps&role=All&rq=1&input=Console&region=Asia&tier=All,"{'map': 'all-maps', 'role': 'All', 'rq': '1', 'input': 'Console', 'region': 'Asia', 'tier': 'All'}",All,,Asia,,,juno,Juno,16.7,49.5,SUPPORT,2026-05-16 15:18:25.728179+00:00,2026_05_16
14,2025-08-29 14:38:56.437823296,https://overwatch.blizzard.com/en-us/rates/data/?map=all-maps&role=All&rq=1&input=Console&region=Asia&tier=All,"{'map': 'all-maps', 'role': 'All', 'rq': '1', 'input': 'Console', 'region': 'Asia', 'tier': 'All'}",All,,Asia,,,kiriko,Kiriko,33.9,46.8,SUPPORT,2026-05-16 15:18:25.728179+00:00,2026_05_16
14,2025-08-29 14:38:56.437823296,https://overwatch.blizzard.com/en-us/rates/data/?map=all-maps&role=All&rq=1&input=Console&region=Asia&tier=All,"{'map': 'all-maps', 'role': 'All', 'rq': '1', 'input': 'Console', 'region': 'Asia', 'tier': 'All'}",All,,Asia,,,lifeweaver,Lifeweaver,5.8,41.3,SUPPORT,2026-05-16 15:18:25.728179+00:00,2026_05_16
14,2025-08-29 14:38:56.437823296,https://overwatch.blizzard.com/en-us/rates/data/?map=all-maps&role=All&rq=1&input=Console&region=Asia&tier=All,"{'map': 'all-maps', 'role': 'All', 'rq': '1', 'input': 'Console', 'region': 'Asia', 'tier': 'All'}",All,,Asia,,,lucio,Lúcio,10.3,55.5,SUPPORT,2026-05-16 15:18:25.728179+00:00,2026_05_16
14,2025-08-29 14:38:56.437823296,https://overwatch.blizzard.com/en-us/rates/data/?map=all-maps&role=All&rq=1&input=Console&region=Asia&tier=All,"{'map': 'all-maps', 'role': 'All', 'rq': '1', 'input': 'Console', 'region': 'Asia', 'tier': 'All'}",All,,Asia,,,mauga,Mauga,4.3,45.8,TANK,2026-05-16 15:18:25.728179+00:00,2026_05_16
14,2025-08-29 14:38:56.437823296,https://overwatch.blizzard.com/en-us/rates/data/?map=all-maps&role=All&rq=1&input=Console&region=Asia&tier=All,"{'map': 'all-maps', 'role': 'All', 'rq': '1', 'input': 'Console', 'region': 'Asia', 'tier': 'All'}",All,,Asia,,,mei,Mei,7.9,47.0,DAMAGE,2026-05-16 15:18:25.728179+00:00,2026_05_16
14,2025-08-29 14:38:56.437823296,https://overwatch.blizzard.com/en-us/rates/data/?map=all-maps&role=All&rq=1&input=Console&region=Asia&tier=All,"{'map': 'all-maps', 'role': 'All', 'rq': '1', 'input': 'Console', 'region': 'Asia', 'tier': 'All'}",All,,Asia,,,mercy,Mercy,5.7,49.5,SUPPORT,2026-05-16 15:18:25.728179+00:00,2026_05_16
14,2025-08-29 14:38:56.437823296,https://overwatch.blizzard.com/en-us/rates/data/?map=all-maps&role=All&rq=1&input=Console&region=Asia&tier=All,"{'map': 'all-maps', 'role': 'All', 'rq': '1', 'input': 'Console', 'region': 'Asia', 'tier': 'All'}",All,,Asia,,,moira,Moira,18.6,48.1,SUPPORT,2026-05-16 15:18:25.728179+00:00,2026_05_16
14,2025-08-29 14:38:56.437823296,https://overwatch.blizzard.com/en-us/rates/data/?map=all-maps&role=All&rq=1&input=Console&region=Asia&tier=All,"{'map': 'all-maps', 'role': 'All', 'rq': '1', 'input': 'Console', 'region': 'Asia', 'tier': 'All'}",All,,Asia,,,orisa,Orisa,16.1,48.3,TANK,2026-05-16 15:18:25.728179+00:00,2026_05_16
14,2025-08-29 14:38:56.437823296,https://overwatch.blizzard.com/en-us/rates/data/?map=all-maps&role=All&rq=1&input=Console&region=Asia&tier=All,"{'map': 'all-maps', 'role': 'All', 'rq': '1', 'input': 'Console', 'region': 'Asia', 'tier': 'All'}",All,,Asia,,,pharah,Pharah,6.2,48.6,DAMAGE,2026-05-16 15:18:25.728179+00:00,2026_05_16
14,2025-08-29 14:38:56.437823296,https://overwatch.blizzard.com/en-us/rates/data/?map=all-maps&role=All&rq=1&input=Console&region=Asia&tier=All,"{'map': 'all-maps', 'role': 'All', 'rq': '1', 'input': 'Console', 'region': 'Asia', 'tier': 'All'}",All,,Asia,,,ramattra,Ramattra,7.6,45.5,TANK,2026-05-16 15:18:25.728179+00:00,2026_05_16
14,2025-08-29 14:38:56.437823296,https://overwatch.blizzard.com/en-us/rates/data/?map=all-maps&role=All&rq=1&input=Console&region=Asia&tier=All,"{'map': 'all-maps', 'role': 'All', 'rq': '1', 'input': 'Console', 'region': 'Asia', 'tier': 'All'}",All,,Asia,,,reaper,Reaper,13.3,54.2,DAMAGE,2026-05-16 15:18:25.728179+00:00,2026_05_16
14,2025-08-29 14:38:56.437823296,https://overwatch.blizzard.com/en-us/rates/data/?map=all-maps&role=All&rq=1&input=Console&region=Asia&tier=All,"{'map': 'all-maps', 'role': 'All', 'rq': '1', 'input': 'Console', 'region': 'Asia', 'tier': 'All'}",All,,Asia,,,reinhardt,Reinhardt,8.9,51.5,TANK,2026-05-16 15:18:25.728179+00:00,2026_05_16
14,2025-08-29 14:38:56.437823296,https://overwatch.blizzard.com/en-us/rates/data/?map=all-maps&role=All&rq=1&input=Console&region=Asia&tier=All,"{'map': 'all-maps', 'role': 'All', 'rq': '1', 'input': 'Console', 'region': 'Asia', 'tier': 'All'}",All,,Asia,,,roadhog,Roadhog,3.1,30.8,TANK,2026-05-16 15:18:25.728179+00:00,2026_05_16
14,2025-08-29 14:38:56.437823296,https://overwatch.blizzard.com/en-us/rates/data/?map=all-maps&role=All&rq=1&input=Console&region=Asia&tier=All,"{'map': 'all-maps', 'role': 'All', 'rq': '1', 'input': 'Console', 'region': 'Asia', 'tier': 'All'}",All,,Asia,,,sigma,Sigma,13.0,53.3,TANK,2026-05-16 15:18:25.728179+00:00,2026_05_16
14,2025-08-29 14:38:56.437823296,https://overwatch.blizzard.com/en-us/rates/data/?map=all-maps&role=All&rq=1&input=Console&region=Asia&tier=All,"{'map': 'all-maps', 'role': 'All', 'rq': '1', 'input': 'Console', 'region': 'Asia', 'tier': 'All'}",All,,Asia,,,sojourn,Sojourn,26.4,45.8,DAMAGE,2026-05-16 15:18:25.728179+00:00,2026_05_16
14,2025-08-29 14:38:56.437823296,https://overwatch.blizzard.com/en-us/rates/data/?map=all-maps&role=All&rq=1&input=Console&region=Asia&tier=All,"{'map': 'all-maps', 'role': 'All', 'rq': '1', 'input': 'Console', 'region': 'Asia', 'tier': 'All'}",All,,Asia,,,soldier-76,Soldier: 76,18.1,49.6,DAMAGE,2026-05-16 15:18:25.728179+00:00,2026_05_16
14,2025-08-29 14:38:56.437823296,https://overwatch.blizzard.com/en-us/rates/data/?map=all-maps&role=All&rq=1&input=Console&region=Asia&tier=All,"{'map': 'all-maps', 'role': 'All', 'rq': '1', 'input': 'Console', 'region': 'Asia', 'tier': 'All'}",All,,Asia,,,sombra,Sombra,3.6,51.8,DAMAGE,2026-05-16 15:18:25.728179+00:00,2026_05_16
14,2025-08-29 14:38:56.437823296,https://overwatch.blizzard.com/en-us/rates/data/?map=all-maps&role=All&rq=1&input=Console&region=Asia&tier=All,"{'map': 'all-maps', 'role': 'All', 'rq': '1', 'input': 'Console', 'region': 'Asia', 'tier': 'All'}",All,,Asia,,,symmetra,Symmetra,6.8,55.8,DAMAGE,2026-05-16 15:18:25.728179+00:00,2026_05_16
14,2025-08-29 14:38:56.437823296,https://overwatch.blizzard.com/en-us/rates/data/?map=all-maps&role=All&rq=1&input=Console&region=Asia&tier=All,"{'map': 'all-maps', 'role': 'All', 'rq': '1', 'input': 'Console', 'region': 'Asia', 'tier': 'All'}",All,,Asia,,,torbjorn,Torbjörn,9.3,50.7,DAMAGE,2026-05-16 15:18:25.728179+00:00,2026_05_16
14,2025-08-29 14:38:56.437823296,https://overwatch.blizzard.com/en-us/rates/data/?map=all-maps&role=All&rq=1&input=Console&region=Asia&tier=All,"{'map': 'all-maps', 'role': 'All', 'rq': '1', 'input': 'Console', 'region': 'Asia', 'tier': 'All'}",All,,Asia,,,tracer,Tracer,10.9,51.9,DAMAGE,2026-05-16 15:18:25.728179+00:00,2026_05_16
14,2025-08-29 14:38:56.437823296,https://overwatch.blizzard.com/en-us/rates/data/?map=all-maps&role=All&rq=1&input=Console&region=Asia&tier=All,"{'map': 'all-maps', 'role': 'All', 'rq': '1', 'input': 'Console', 'region': 'Asia', 'tier': 'All'}",All,,Asia,,,venture,Venture,5.8,53.1,DAMAGE,2026-05-16 15:18:25.728179+00:00,2026_05_16
14,2025-08-29 14:38:56.437823296,https://overwatch.blizzard.com/en-us/rates/data/?map=all-maps&role=All&rq=1&input=Console&region=Asia&tier=All,"{'map': 'all-maps', 'role': 'All', 'rq': '1', 'input': 'Console', 'region': 'Asia', 'tier': 'All'}",All,,Asia,,,widowmaker,Widowmaker,3.9,48.4,DAMAGE,2026-05-16 15:18:25.728179+00:00,2026_05_16
14,2025-08-29 14:38:56.437823296,https://overwatch.blizzard.com/en-us/rates/data/?map=all-maps&role=All&rq=1&input=Console&region=Asia&tier=All,"{'map': 'all-maps', 'role': 'All', 'rq': '1', 'input': 'Console', 'region': 'Asia', 'tier': 'All'}",All,,Asia,,,winston,Winston,5.3,47.9,TANK,2026-05-16 15:18:25.728179+00:00,2026_05_16
14,2025-08-29 14:38:56.437823296,https://overwatch.blizzard.com/en-us/rates/data/?map=all-maps&role=All&rq=1&input=Console&region=Asia&tier=All,"{'map': 'all-maps', 'role': 'All', 'rq': '1', 'input': 'Console', 'region': 'Asia', 'tier': 'All'}",All,,Asia,,,wrecking-ball,Wrecking Ball,2.8,57.8,TANK,2026-05-16 15:18:25.728179+00:00,2026_05_16
14,2025-08-29 14:38:56.437823296,https://overwatch.blizzard.com/en-us/rates/data/?map=all-maps&role=All&rq=1&input=Console&region=Asia&tier=All,"{'map': 'all-maps', 'role': 'All', 'rq': '1', 'input': 'Console', 'region': 'Asia', 'tier': 'All'}",All,,Asia,,,wuyang,Wuyang,30.1,55.3,SUPPORT,2026-05-16 15:18:25.728179+00:00,2026_05_16
14,2025-08-29 14:38:56.437823296,https://overwatch.blizzard.com/en-us/rates/data/?map=all-maps&role=All&rq=1&input=Console&region=Asia&tier=All,"{'map': 'all-maps', 'role': 'All', 'rq': '1', 'input': 'Console', 'region': 'Asia', 'tier': 'All'}",All,,Asia,,,zarya,Zarya,5.8,48.1,TANK,2026-05-16 15:18:25.728179+00:00,2026_05_16
14,2025-08-29 14:38:56.437823296,https://overwatch.blizzard.com/en-us/rates/data/?map=all-maps&role=All&rq=1&input=Console&region=Asia&tier=All,"{'map': 'all-maps', 'role': 'All', 'rq': '1', 'input': 'Console', 'region': 'Asia', 'tier': 'All'}",All,,Asia,,,zenyatta,Zenyatta,13.9,51.7,SUPPORT,2026-05-16 15:18:25.728179+00:00,2026_05_16
15,2025-08-29 14:38:56.725332022,https://overwatch.blizzard.com/en-us/rates/data/?map=all-maps&role=All&rq=1&input=Console&region=Asia&tier=Bronze,"{'map': 'all-maps', 'role': 'All', 'rq': '1', 'input': 'Console', 'region': 'Asia', 'tier': 'Bronze'}",All,,Asia,,,ana,Ana,16.9,49.5,SUPPORT,2026-05-16 15:18:25.728179+00:00,2026_05_16
15,2025-08-29 14:38:56.725332022,https://overwatch.blizzard.com/en-us/rates/data/?map=all-maps&role=All&rq=1&input=Console&region=Asia&tier=Bronze,"{'map': 'all-maps', 'role': 'All', 'rq': '1', 'input': 'Console', 'region': 'Asia', 'tier': 'Bronze'}",All,,Asia,,,ashe,Ashe,13.3,49.7,DAMAGE,2026-05-16 15:18:25.728179+00:00,2026_05_16
15,2025-08-29 14:38:56.725332022,https://overwatch.blizzard.com/en-us/rates/data/?map=all-maps&role=All&rq=1&input=Console&region=Asia&tier=Bronze,"{'map': 'all-maps', 'role': 'All', 'rq': '1', 'input': 'Console', 'region': 'Asia', 'tier': 'Bronze'}",All,,Asia,,,baptiste,Baptiste,11.0,49.6,SUPPORT,2026-05-16 15:18:25.728179+00:00,2026_05_16
15,2025-08-29 14:38:56.725332022,https://overwatch.blizzard.com/en-us/rates/data/?map=all-maps&role=All&rq=1&input=Console&region=Asia&tier=Bronze,"{'map': 'all-maps', 'role': 'All', 'rq': '1', 'input': 'Console', 'region': 'Asia', 'tier': 'Bronze'}",All,,Asia,,,bastion,Bastion,15.2,46.4,DAMAGE,2026-05-16 15:18:25.728179+00:00,2026_05_16
15,2025-08-29 14:38:56.725332022,https://overwatch.blizzard.com/en-us/rates/data/?map=all-maps&role=All&rq=1&input=Console&region=Asia&tier=Bronze,"{'map': 'all-maps', 'role': 'All', 'rq': '1', 'input': 'Console', 'region': 'Asia', 'tier': 'Bronze'}",All,,Asia,,,brigitte,Brigitte,4.5,56.0,SUPPORT,2026-05-16 15:18:25.728179+00:00,2026_05_16
15,2025-08-29 14:38:56.725332022,https://overwatch.blizzard.com/en-us/rates/data/?map=all-maps&role=All&rq=1&input=Console&region=Asia&tier=Bronze,"{'map': 'all-maps', 'role': 'All', 'rq': '1', 'input': 'Console', 'region': 'Asia', 'tier': 'Bronze'}",All,,Asia,,,cassidy,Cassidy,12.9,44.2,DAMAGE,2026-05-16 15:18:25.728179+00:00,2026_05_16
15,2025-08-29 14:38:56.725332022,https://overwatch.blizzard.com/en-us/rates/data/?map=all-maps&role=All&rq=1&input=Console&region=Asia&tier=Bronze,"{'map': 'all-maps', 'role': 'All', 'rq': '1', 'input': 'Console', 'region': 'Asia', 'tier': 'Bronze'}",All,,Asia,,,dva,D.Va,17.7,44.6,TANK,2026-05-16 15:18:25.728179+00:00,2026_05_16
15,2025-08-29 14:38:56.725332022,https://overwatch.blizzard.com/en-us/rates/data/?map=all-maps&role=All&rq=1&input=Console&region=Asia&tier=Bronze,"{'map': 'all-maps', 'role': 'All', 'rq': '1', 'input': 'Console', 'region': 'Asia', 'tier': 'Bronze'}",All,,Asia,,,doomfist,Doomfist,3.5,52.2,TANK,2026-05-16 15:18:25.728179+00:00,2026_05_16
15,2025-08-29 14:38:56.725332022,https://overwatch.blizzard.com/en-us/rates/data/?map=all-maps&role=All&rq=1&input=Console&region=Asia&tier=Bronze,"{'map': 'all-maps', 'role': 'All', 'rq': '1', 'input': 'Console', 'region': 'Asia', 'tier': 'Bronze'}",All,,Asia,,,echo,Echo,3.7,50.3,DAMAGE,2026-05-16 15:18:25.728179+00:00,2026_05_16
15,2025-08-29 14:38:56.725332022,https://overwatch.blizzard.com/en-us/rates/data/?map=all-maps&role=All&rq=1&input=Console&region=Asia&tier=Bronze,"{'map': 'all-maps', 'role': 'All', 'rq': '1', 'input': 'Console', 'region': 'Asia', 'tier': 'Bronze'}",All,,Asia,,,freja,Freja,7.9,51.7,DAMAGE,2026-05-16 15:18:25.728179+00:00,2026_05_16
15,2025-08-29 14:38:56.725332022,https://overwatch.blizzard.com/en-us/rates/data/?map=all-maps&role=All&rq=1&input=Console&region=Asia&tier=Bronze,"{'map': 'all-maps', 'role': 'All', 'rq': '1', 'input': 'Console', 'region': 'Asia', 'tier': 'Bronze'}",All,,Asia,,,genji,Genji,9.8,49.3,DAMAGE,2026-05-16 15:18:25.728179+00:00,2026_05_16
15,2025-08-29 14:38:56.725332022,https://overwatch.blizzard.com/en-us/rates/data/?map=all-maps&role=All&rq=1&input=Console&region=Asia&tier=Bronze,"{'map': 'all-maps', 'role': 'All', 'rq': '1', 'input': 'Console', 'region': 'Asia', 'tier': 'Bronze'}",All,,Asia,,,hanzo,Hanzo,12.9,50.9,DAMAGE,2026-05-16 15:18:25.728179+00:00,2026_05_16
15,2025-08-29 14:38:56.725332022,https://overwatch.blizzard.com/en-us/rates/data/?map=all-maps&role=All&rq=1&input=Console&region=Asia&tier=Bronze,"{'map': 'all-maps', 'role': 'All', 'rq': '1', 'input': 'Console', 'region': 'Asia', 'tier': 'Bronze'}",All,,Asia,,,hazard,Hazard,3.8,54.8,TANK,2026-05-16 15:18:25.728179+00:00,2026_05_16
15,2025-08-29 14:38:56.725332022,https://overwatch.blizzard.com/en-us/rates/data/?map=all-maps&role=All&rq=1&input=Console&region=Asia&tier=Bronze,"{'map': 'all-maps', 'role': 'All', 'rq': '1', 'input': 'Console', 'region': 'Asia', 'tier': 'Bronze'}",All,,Asia,,,illari,Illari,11.6,54.8,SUPPORT,2026-05-16 15:18:25.728179+00:00,2026_05_16
15,2025-08-29 14:38:56.725332022,https://overwatch.blizzard.com/en-us/rates/data/?map=all-maps&role=All&rq=1&input=Console&region=Asia&tier=Bronze,"{'map': 'all-maps', 'role': 'All', 'rq': '1', 'input': 'Console', 'region': 'Asia', 'tier': 'Bronze'}",All,,Asia,,,junker-queen,Junker Queen,5.1,51.2,TANK,2026-05-16 15:18:25.728179+00:00,2026_05_16
15,2025-08-29 14:38:56.725332022,https://overwatch.blizzard.com/en-us/rates/data/?map=all-maps&role=All&rq=1&input=Console&region=Asia&tier=Bronze,"{'map': 'all-maps', 'role': 'All', 'rq': '1', 'input': 'Console', 'region': 'Asia', 'tier': 'Bronze'}",All,,Asia,,,junkrat,Junkrat,9.6,53.7,DAMAGE,2026-05-16 15:18:25.728179+00:00,2026_05_16
15,2025-08-29 14:38:56.725332022,https://overwatch.blizzard.com/en-us/rates/data/?map=all-maps&role=All&rq=1&input=Console&region=Asia&tier=Bronze,"{'map': 'all-maps', 'role': 'All', 'rq': '1', 'input': 'Console', 'region': 'Asia', 'tier': 'Bronze'}",All,,Asia,,,juno,Juno,26.5,44.3,SUPPORT,2026-05-16 15:18:25.728179+00:00,2026_05_16
15,2025-08-29 14:38:56.725332022,https://overwatch.blizzard.com/en-us/rates/data/?map=all-maps&role=All&rq=1&input=Console&region=Asia&tier=Bronze,"{'map': 'all-maps', 'role': 'All', 'rq': '1', 'input': 'Console', 'region': 'Asia', 'tier': 'Bronze'}",All,,Asia,,,kiriko,Kiriko,40.9,46.8,SUPPORT,2026-05-16 15:18:25.728179+00:00,2026_05_16
15,2025-08-29 14:38:56.725332022,https://overwatch.blizzard.com/en-us/rates/data/?map=all-maps&role=All&rq=1&input=Console&region=Asia&tier=Bronze,"{'map': 'all-maps', 'role': 'All', 'rq': '1', 'input': 'Console', 'region': 'Asia', 'tier': 'Bronze'}",All,,Asia,,,lifeweaver,Lifeweaver,5.2,42.1,SUPPORT,2026-05-16 15:18:25.728179+00:00,2026_05_16
15,2025-08-29 14:38:56.725332022,https://overwatch.blizzard.com/en-us/rates/data/?map=all-maps&role=All&rq=1&input=Console&region=Asia&tier=Bronze,"{'map': 'all-maps', 'role': 'All', 'rq': '1', 'input': 'Console', 'region': 'Asia', 'tier': 'Bronze'}",All,,Asia,,,lucio,Lúcio,12.0,49.7,SUPPORT,2026-05-16 15:18:25.728179+00:00,2026_05_16
15,2025-08-29 14:38:56.725332022,https://overwatch.blizzard.com/en-us/rates/data/?map=all-maps&role=All&rq=1&input=Console&region=Asia&tier=Bronze,"{'map': 'all-maps', 'role': 'All', 'rq': '1', 'input': 'Console', 'region': 'Asia', 'tier': 'Bronze'}",All,,Asia,,,mauga,Mauga,5.0,43.9,TANK,2026-05-16 15:18:25.728179+00:00,2026_05_16
15,2025-08-29 14:38:56.725332022,https://overwatch.blizzard.com/en-us/rates/data/?map=all-maps&role=All&rq=1&input=Console&region=Asia&tier=Bronze,"{'map': 'all-maps', 'role': 'All', 'rq': '1', 'input': 'Console', 'region': 'Asia', 'tier': 'Bronze'}",All,,Asia,,,mei,Mei,9.7,46.4,DAMAGE,2026-05-16 15:18:25.728179+00:00,2026_05_16
15,2025-08-29 14:38:56.725332022,https://overwatch.blizzard.com/en-us/rates/data/?map=all-maps&role=All&rq=1&input=Console&region=Asia&tier=Bronze,"{'map': 'all-maps', 'role': 'All', 'rq': '1', 'input': 'Console', 'region': 'Asia', 'tier': 'Bronze'}",All,,Asia,,,mercy,Mercy,9.0,48.1,SUPPORT,2026-05-16 15:18:25.728179+00:00,2026_05_16
15,2025-08-29 14:38:56.725332022,https://overwatch.blizzard.com/en-us/rates/data/?map=all-maps&role=All&rq=1&input=Console&region=Asia&tier=Bronze,"{'map': 'all-maps', 'role': 'All', 'rq': '1', 'input': 'Console', 'region': 'Asia', 'tier': 'Bronze'}",All,,Asia,,,moira,Moira,21.0,52.0,SUPPORT,2026-05-16 15:18:25.728179+00:00,2026_05_16
15,2025-08-29 14:38:56.725332022,https://overwatch.blizzard.com/en-us/rates/data/?map=all-maps&role=All&rq=1&input=Console&region=Asia&tier=Bronze,"{'map': 'all-maps', 'role': 'All', 'rq': '1', 'input': 'Console', 'region': 'Asia', 'tier': 'Bronze'}",All,,Asia,,,orisa,Orisa,21.5,51.8,TANK,2026-05-16 15:18:25.728179+00:00,2026_05_16
15,2025-08-29 14:38:56.725332022,https://overwatch.blizzard.com/en-us/rates/data/?map=all-maps&role=All&rq=1&input=Console&region=Asia&tier=Bronze,"{'map': 'all-maps', 'role': 'All', 'rq': '1', 'input': 'Console', 'region': 'Asia', 'tier': 'Bronze'}",All,,Asia,,,pharah,Pharah,7.2,46.7,DAMAGE,2026-05-16 15:18:25.728179+00:00,2026_05_16
15,2025-08-29 14:38:56.725332022,https://overwatch.blizzard.com/en-us/rates/data/?map=all-maps&role=All&rq=1&input=Console&region=Asia&tier=Bronze,"{'map': 'all-maps', 'role': 'All', 'rq': '1', 'input': 'Console', 'region': 'Asia', 'tier': 'Bronze'}",All,,Asia,,,ramattra,Ramattra,12.1,50.6,TANK,2026-05-16 15:18:25.728179+00:00,2026_05_16
15,2025-08-29 14:38:56.725332022,https://overwatch.blizzard.com/en-us/rates/data/?map=all-maps&role=All&rq=1&input=Console&region=Asia&tier=Bronze,"{'map': 'all-maps', 'role': 'All', 'rq': '1', 'input': 'Console', 'region': 'Asia', 'tier': 'Bronze'}",All,,Asia,,,reaper,Reaper,10.1,58.1,DAMAGE,2026-05-16 15:18:25.728179+00:00,2026_05_16
15,2025-08-29 14:38:56.725332022,https://overwatch.blizzard.com/en-us/rates/data/?map=all-maps&role=All&rq=1&input=Console&region=Asia&tier=Bronze,"{'map': 'all-maps', 'role': 'All', 'rq': '1', 'input': 'Console', 'region': 'Asia', 'tier': 'Bronze'}",All,,Asia,,,reinhardt,Reinhardt,8.5,51.5,TANK,2026-05-16 15:18:25.728179+00:00,2026_05_16
15,2025-08-29 14:38:56.725332022,https://overwatch.blizzard.com/en-us/rates/data/?map=all-maps&role=All&rq=1&input=Console&region=Asia&tier=Bronze,"{'map': 'all-maps', 'role': 'All', 'rq': '1', 'input': 'Console', 'region': 'Asia', 'tier': 'Bronze'}",All,,Asia,,,roadhog,Roadhog,3.5,25.6,TANK,2026-05-16 15:18:25.728179+00:00,2026_05_16
15,2025-08-29 14:38:56.725332022,https://overwatch.blizzard.com/en-us/rates/data/?map=all-maps&role=All&rq=1&input=Console&region=Asia&tier=Bronze,"{'map': 'all-maps', 'role': 'All', 'rq': '1', 'input': 'Console', 'region': 'Asia', 'tier': 'Bronze'}",All,,Asia,,,sigma,Sigma,14.2,53.6,TANK,2026-05-16 15:18:25.728179+00:00,2026_05_16
15,2025-08-29 14:38:56.725332022,https://overwatch.blizzard.com/en-us/rates/data/?map=all-maps&role=All&rq=1&input=Console&region=Asia&tier=Bronze,"{'map': 'all-maps', 'role': 'All', 'rq': '1', 'input': 'Console', 'region': 'Asia', 'tier': 'Bronze'}",All,,Asia,,,sojourn,Sojourn,34.0,47.1,DAMAGE,2026-05-16 15:18:25.728179+00:00,2026_05_16
15,2025-08-29 14:38:56.725332022,https://overwatch.blizzard.com/en-us/rates/data/?map=all-maps&role=All&rq=1&input=Console&region=Asia&tier=Bronze,"{'map': 'all-maps', 'role': 'All', 'rq': '1', 'input': 'Console', 'region': 'Asia', 'tier': 'Bronze'}",All,,Asia,,,soldier-76,Soldier: 76,18.2,49.6,DAMAGE,2026-05-16 15:18:25.728179+00:00,2026_05_16
15,2025-08-29 14:38:56.725332022,https://overwatch.blizzard.com/en-us/rates/data/?map=all-maps&role=All&rq=1&input=Console&region=Asia&tier=Bronze,"{'map': 'all-maps', 'role': 'All', 'rq': '1', 'input': 'Console', 'region': 'Asia', 'tier': 'Bronze'}",All,,Asia,,,sombra,Sombra,2.9,30.9,DAMAGE,2026-05-16 15:18:25.728179+00:00,2026_05_16
15,2025-08-29 14:38:56.725332022,https://overwatch.blizzard.com/en-us/rates/data/?map=all-maps&role=All&rq=1&input=Console&region=Asia&tier=Bronze,"{'map': 'all-maps', 'role': 'All', 'rq': '1', 'input': 'Console', 'region': 'Asia', 'tier': 'Bronze'}",All,,Asia,,,symmetra,Symmetra,6.7,62.2,DAMAGE,2026-05-16 15:18:25.728179+00:00,2026_05_16
15,2025-08-29 14:38:56.725332022,https://overwatch.blizzard.com/en-us/rates/data/?map=all-maps&role=All&rq=1&input=Console&region=Asia&tier=Bronze,"{'map': 'all-maps', 'role': 'All', 'rq': '1', 'input': 'Console', 'region': 'Asia', 'tier': 'Bronze'}",All,,Asia,,,torbjorn,Torbjörn,13.7,52.0,DAMAGE,2026-05-16 15:18:25.728179+00:00,2026_05_16
15,2025-08-29 14:38:56.725332022,https://overwatch.blizzard.com/en-us/rates/data/?map=all-maps&role=All&rq=1&input=Console&region=Asia&tier=Bronze,"{'map': 'all-maps', 'role': 'All', 'rq': '1', 'input': 'Console', 'region': 'Asia', 'tier': 'Bronze'}",All,,Asia,,,tracer,Tracer,4.5,45.0,DAMAGE,2026-05-16 15:18:25.728179+00:00,2026_05_16
15,2025-08-29 14:38:56.725332022,https://overwatch.blizzard.com/en-us/rates/data/?map=all-maps&role=All&rq=1&input=Console&region=Asia&tier=Bronze,"{'map': 'all-maps', 'role': 'All', 'rq': '1', 'input': 'Console', 'region': 'Asia', 'tier': 'Bronze'}",All,,Asia,,,venture,Venture,3.2,53.3,DAMAGE,2026-05-16 15:18:25.728179+00:00,2026_05_16
15,2025-08-29 14:38:56.725332022,https://overwatch.blizzard.com/en-us/rates/data/?map=all-maps&role=All&rq=1&input=Console&region=Asia&tier=Bronze,"{'map': 'all-maps', 'role': 'All', 'rq': '1', 'input': 'Console', 'region': 'Asia', 'tier': 'Bronze'}",All,,Asia,,,widowmaker,Widowmaker,5.3,39.9,DAMAGE,2026-05-16 15:18:25.728179+00:00,2026_05_16
15,2025-08-29 14:38:56.725332022,https://overwatch.blizzard.com/en-us/rates/data/?map=all-maps&role=All&rq=1&input=Console&region=Asia&tier=Bronze,"{'map': 'all-maps', 'role': 'All', 'rq': '1', 'input': 'Console', 'region': 'Asia', 'tier': 'Bronze'}",All,,Asia,,,winston,Winston,2.9,44.4,TANK,2026-05-16 15:18:25.728179+00:00,2026_05_16
15,2025-08-29 14:38:56.725332022,https://overwatch.blizzard.com/en-us/rates/data/?map=all-maps&role=All&rq=1&input=Console&region=Asia&tier=Bronze,"{'map': 'all-maps', 'role': 'All', 'rq': '1', 'input': 'Console', 'region': 'Asia', 'tier': 'Bronze'}",All,,Asia,,,wrecking-ball,Wrecking Ball,1.4,46.8,TANK,2026-05-16 15:18:25.728179+00:00,2026_05_16
15,2025-08-29 14:38:56.725332022,https://overwatch.blizzard.com/en-us/rates/data/?map=all-maps&role=All&rq=1&input=Console&region=Asia&tier=Bronze,"{'map': 'all-maps', 'role': 'All', 'rq': '1', 'input': 'Console', 'region': 'Asia', 'tier': 'Bronze'}",All,,Asia,,,wuyang,Wuyang,26.5,53.4,SUPPORT,2026-05-16 15:18:25.728179+00:00,2026_05_16
15,2025-08-29 14:38:56.725332022,https://overwatch.blizzard.com/en-us/rates/data/?map=all-maps&role=All&rq=1&input=Console&region=Asia&tier=Bronze,"{'map': 'all-maps', 'role': 'All', 'rq': '1', 'input': 'Console', 'region': 'Asia', 'tier': 'Bronze'}",All,,Asia,,,zarya,Zarya,2.9,62.3,TANK,2026-05-16 15:18:25.728179+00:00,2026_05_16
15,2025-08-29 14:38:56.725332022,https://overwatch.blizzard.com/en-us/rates/data/?map=all-maps&role=All&rq=1&input=Console&region=Asia&tier=Bronze,"{'map': 'all-maps', 'role': 'All', 'rq': '1', 'input': 'Console', 'region': 'Asia', 'tier': 'Bronze'}",All,,Asia,,,zenyatta,Zenyatta,15.5,50.4,SUPPORT,2026-05-16 15:18:25.728179+00:00,2026_05_16
16,2025-08-29 14:38:56.989614487,https://overwatch.blizzard.com/en-us/rates/data/?map=all-maps&role=All&rq=1&input=Console&region=Asia&tier=Silver,"{'map': 'all-maps', 'role': 'All', 'rq': '1', 'input': 'Console', 'region': 'Asia', 'tier': 'Silver'}",All,,Asia,,,ana,Ana,24.7,46.0,SUPPORT,2026-05-16 15:18:25.728179+00:00,2026_05_16
16,2025-08-29 14:38:56.989614487,https://overwatch.blizzard.com/en-us/rates/data/?map=all-maps&role=All&rq=1&input=Console&region=Asia&tier=Silver,"{'map': 'all-maps', 'role': 'All', 'rq': '1', 'input': 'Console', 'region': 'Asia', 'tier': 'Silver'}",All,,Asia,,,ashe,Ashe,14.3,49.4,DAMAGE,2026-05-16 15:18:25.728179+00:00,2026_05_16
16,2025-08-29 14:38:56.989614487,https://overwatch.blizzard.com/en-us/rates/data/?map=all-maps&role=All&rq=1&input=Console&region=Asia&tier=Silver,"{'map': 'all-maps', 'role': 'All', 'rq': '1', 'input': 'Console', 'region': 'Asia', 'tier': 'Silver'}",All,,Asia,,,baptiste,Baptiste,13.4,45.0,SUPPORT,2026-05-16 15:18:25.728179+00:00,2026_05_16
16,2025-08-29 14:38:56.989614487,https://overwatch.blizzard.com/en-us/rates/data/?map=all-maps&role=All&rq=1&input=Console&region=Asia&tier=Silver,"{'map': 'all-maps', 'role': 'All', 'rq': '1', 'input': 'Console', 'region': 'Asia', 'tier': 'Silver'}",All,,Asia,,,bastion,Bastion,12.1,49.3,DAMAGE,2026-05-16 15:18:25.728179+00:00,2026_05_16
16,2025-08-29 14:38:56.989614487,https://overwatch.blizzard.com/en-us/rates/data/?map=all-maps&role=All&rq=1&input=Console&region=Asia&tier=Silver,"{'map': 'all-maps', 'role': 'All', 'rq': '1', 'input': 'Console', 'region': 'Asia', 'tier': 'Silver'}",All,,Asia,,,brigitte,Brigitte,5.3,48.8,SUPPORT,2026-05-16 15:18:25.728179+00:00,2026_05_16
16,2025-08-29 14:38:56.989614487,https://overwatch.blizzard.com/en-us/rates/data/?map=all-maps&role=All&rq=1&input=Console&region=Asia&tier=Silver,"{'map': 'all-maps', 'role': 'All', 'rq': '1', 'input': 'Console', 'region': 'Asia', 'tier': 'Silver'}",All,,Asia,,,cassidy,Cassidy,18.3,45.8,DAMAGE,2026-05-16 15:18:25.728179+00:00,2026_05_16
16,2025-08-29 14:38:56.989614487,https://overwatch.blizzard.com/en-us/rates/data/?map=all-maps&role=All&rq=1&input=Console&region=Asia&tier=Silver,"{'map': 'all-maps', 'role': 'All', 'rq': '1', 'input': 'Console', 'region': 'Asia', 'tier': 'Silver'}",All,,Asia,,,dva,D.Va,14.5,50.4,TANK,2026-05-16 15:18:25.728179+00:00,2026_05_16
16,2025-08-29 14:38:56.989614487,https://overwatch.blizzard.com/en-us/rates/data/?map=all-maps&role=All&rq=1&input=Console&region=Asia&tier=Silver,"{'map': 'all-maps', 'role': 'All', 'rq': '1', 'input': 'Console', 'region': 'Asia', 'tier': 'Silver'}",All,,Asia,,,doomfist,Doomfist,5.1,49.3,TANK,2026-05-16 15:18:25.728179+00:00,2026_05_16
16,2025-08-29 14:38:56.989614487,https://overwatch.blizzard.com/en-us/rates/data/?map=all-maps&role=All&rq=1&input=Console&region=Asia&tier=Silver,"{'map': 'all-maps', 'role': 'All', 'rq': '1', 'input': 'Console', 'region': 'Asia', 'tier': 'Silver'}",All,,Asia,,,echo,Echo,4.5,48.5,DAMAGE,2026-05-16 15:18:25.728179+00:00,2026_05_16
16,2025-08-29 14:38:56.989614487,https://overwatch.blizzard.com/en-us/rates/data/?map=all-maps&role=All&rq=1&input=Console&region=Asia&tier=Silver,"{'map': 'all-maps', 'role': 'All', 'rq': '1', 'input': 'Console', 'region': 'Asia', 'tier': 'Silver'}",All,,Asia,,,freja,Freja,5.6,44.0,DAMAGE,2026-05-16 15:18:25.728179+00:00,2026_05_16
16,2025-08-29 14:38:56.989614487,https://overwatch.blizzard.com/en-us/rates/data/?map=all-maps&role=All&rq=1&input=Console&region=Asia&tier=Silver,"{'map': 'all-maps', 'role': 'All', 'rq': '1', 'input': 'Console', 'region': 'Asia', 'tier': 'Silver'}",All,,Asia,,,genji,Genji,10.8,51.8,DAMAGE,2026-05-16 15:18:25.728179+00:00,2026_05_16
16,2025-08-29 14:38:56.989614487,https://overwatch.blizzard.com/en-us/rates/data/?map=all-maps&role=All&rq=1&input=Console&region=Asia&tier=Silver,"{'map': 'all-maps', 'role': 'All', 'rq': '1', 'input': 'Console', 'region': 'Asia', 'tier': 'Silver'}",All,,Asia,,,hanzo,Hanzo,11.8,50.7,DAMAGE,2026-05-16 15:18:25.728179+00:00,2026_05_16
16,2025-08-29 14:38:56.989614487,https://overwatch.blizzard.com/en-us/rates/data/?map=all-maps&role=All&rq=1&input=Console&region=Asia&tier=Silver,"{'map': 'all-maps', 'role': 'All', 'rq': '1', 'input': 'Console', 'region': 'Asia', 'tier': 'Silver'}",All,,Asia,,,hazard,Hazard,3.4,46.6,TANK,2026-05-16 15:18:25.728179+00:00,2026_05_16
16,2025-08-29 14:38:56.989614487,https://overwatch.blizzard.com/en-us/rates/data/?map=all-maps&role=All&rq=1&input=Console&region=Asia&tier=Silver,"{'map': 'all-maps', 'role': 'All', 'rq': '1', 'input': 'Console', 'region': 'Asia', 'tier': 'Silver'}",All,,Asia,,,illari,Illari,10.1,53.5,SUPPORT,2026-05-16 15:18:25.728179+00:00,2026_05_16
16,2025-08-29 14:38:56.989614487,https://overwatch.blizzard.com/en-us/rates/data/?map=all-maps&role=All&rq=1&input=Console&region=Asia&tier=Silver,"{'map': 'all-maps', 'role': 'All', 'rq': '1', 'input': 'Console', 'region': 'Asia', 'tier': 'Silver'}",All,,Asia,,,junker-queen,Junker Queen,6.3,50.9,TANK,2026-05-16 15:18:25.728179+00:00,2026_05_16
16,2025-08-29 14:38:56.989614487,https://overwatch.blizzard.com/en-us/rates/data/?map=all-maps&role=All&rq=1&input=Console&region=Asia&tier=Silver,"{'map': 'all-maps', 'role': 'All', 'rq': '1', 'input': 'Console', 'region': 'Asia', 'tier': 'Silver'}",All,,Asia,,,junkrat,Junkrat,8.0,50.0,DAMAGE,2026-05-16 15:18:25.728179+00:00,2026_05_16
16,2025-08-29 14:38:56.989614487,https://overwatch.blizzard.com/en-us/rates/data/?map=all-maps&role=All&rq=1&input=Console&region=Asia&tier=Silver,"{'map': 'all-maps', 'role': 'All', 'rq': '1', 'input': 'Console', 'region': 'Asia', 'tier': 'Silver'}",All,,Asia,,,juno,Juno,18.7,49.7,SUPPORT,2026-05-16 15:18:25.728179+00:00,2026_05_16
16,2025-08-29 14:38:56.989614487,https://overwatch.blizzard.com/en-us/rates/data/?map=all-maps&role=All&rq=1&input=Console&region=Asia&tier=Silver,"{'map': 'all-maps', 'role': 'All', 'rq': '1', 'input': 'Console', 'region': 'Asia', 'tier': 'Silver'}",All,,Asia,,,kiriko,Kiriko,37.0,47.0,SUPPORT,2026-05-16 15:18:25.728179+00:00,2026_05_16
16,2025-08-29 14:38:56.989614487,https://overwatch.blizzard.com/en-us/rates/data/?map=all-maps&role=All&rq=1&input=Console&region=Asia&tier=Silver,"{'map': 'all-maps', 'role': 'All', 'rq': '1', 'input': 'Console', 'region': 'Asia', 'tier': 'Silver'}",All,,Asia,,,lifeweaver,Lifeweaver,6.6,42.7,SUPPORT,2026-05-16 15:18:25.728179+00:00,2026_05_16
16,2025-08-29 14:38:56.989614487,https://overwatch.blizzard.com/en-us/rates/data/?map=all-maps&role=All&rq=1&input=Console&region=Asia&tier=Silver,"{'map': 'all-maps', 'role': 'All', 'rq': '1', 'input': 'Console', 'region': 'Asia', 'tier': 'Silver'}",All,,Asia,,,lucio,Lúcio,9.7,54.2,SUPPORT,2026-05-16 15:18:25.728179+00:00,2026_05_16
16,2025-08-29 14:38:56.989614487,https://overwatch.blizzard.com/en-us/rates/data/?map=all-maps&role=All&rq=1&input=Console&region=Asia&tier=Silver,"{'map': 'all-maps', 'role': 'All', 'rq': '1', 'input': 'Console', 'region': 'Asia', 'tier': 'Silver'}",All,,Asia,,,mauga,Mauga,4.7,45.4,TANK,2026-05-16 15:18:25.728179+00:00,2026_05_16
16,2025-08-29 14:38:56.989614487,https://overwatch.blizzard.com/en-us/rates/data/?map=all-maps&role=All&rq=1&input=Console&region=Asia&tier=Silver,"{'map': 'all-maps', 'role': 'All', 'rq': '1', 'input': 'Console', 'region': 'Asia', 'tier': 'Silver'}",All,,Asia,,,mei,Mei,8.6,47.9,DAMAGE,2026-05-16 15:18:25.728179+00:00,2026_05_16
16,2025-08-29 14:38:56.989614487,https://overwatch.blizzard.com/en-us/rates/data/?map=all-maps&role=All&rq=1&input=Console&region=Asia&tier=Silver,"{'map': 'all-maps', 'role': 'All', 'rq': '1', 'input': 'Console', 'region': 'Asia', 'tier': 'Silver'}",All,,Asia,,,mercy,Mercy,6.4,48.6,SUPPORT,2026-05-16 15:18:25.728179+00:00,2026_05_16
16,2025-08-29 14:38:56.989614487,https://overwatch.blizzard.com/en-us/rates/data/?map=all-maps&role=All&rq=1&input=Console&region=Asia&tier=Silver,"{'map': 'all-maps', 'role': 'All', 'rq': '1', 'input': 'Console', 'region': 'Asia', 'tier': 'Silver'}",All,,Asia,,,moira,Moira,21.4,50.4,SUPPORT,2026-05-16 15:18:25.728179+00:00,2026_05_16
16,2025-08-29 14:38:56.989614487,https://overwatch.blizzard.com/en-us/rates/data/?map=all-maps&role=All&rq=1&input=Console&region=Asia&tier=Silver,"{'map': 'all-maps', 'role': 'All', 'rq': '1', 'input': 'Console', 'region': 'Asia', 'tier': 'Silver'}",All,,Asia,,,orisa,Orisa,20.4,48.3,TANK,2026-05-16 15:18:25.728179+00:00,2026_05_16
16,2025-08-29 14:38:56.989614487,https://overwatch.blizzard.com/en-us/rates/data/?map=all-maps&role=All&rq=1&input=Console&region=Asia&tier=Silver,"{'map': 'all-maps', 'role': 'All', 'rq': '1', 'input': 'Console', 'region': 'Asia', 'tier': 'Silver'}",All,,Asia,,,pharah,Pharah,7.2,49.6,DAMAGE,2026-05-16 15:18:25.728179+00:00,2026_05_16
16,2025-08-29 14:38:56.989614487,https://overwatch.blizzard.com/en-us/rates/data/?map=all-maps&role=All&rq=1&input=Console&region=Asia&tier=Silver,"{'map': 'all-maps', 'role': 'All', 'rq': '1', 'input': 'Console', 'region': 'Asia', 'tier': 'Silver'}",All,,Asia,,,ramattra,Ramattra,9.6,47.8,TANK,2026-05-16 15:18:25.728179+00:00,2026_05_16
16,2025-08-29 14:38:56.989614487,https://overwatch.blizzard.com/en-us/rates/data/?map=all-maps&role=All&rq=1&input=Console&region=Asia&tier=Silver,"{'map': 'all-maps', 'role': 'All', 'rq': '1', 'input': 'Console', 'region': 'Asia', 'tier': 'Silver'}",All,,Asia,,,reaper,Reaper,13.9,54.8,DAMAGE,2026-05-16 15:18:25.728179+00:00,2026_05_16
16,2025-08-29 14:38:56.989614487,https://overwatch.blizzard.com/en-us/rates/data/?map=all-maps&role=All&rq=1&input=Console&region=Asia&tier=Silver,"{'map': 'all-maps', 'role': 'All', 'rq': '1', 'input': 'Console', 'region': 'Asia', 'tier': 'Silver'}",All,,Asia,,,reinhardt,Reinhardt,8.6,52.5,TANK,2026-05-16 15:18:25.728179+00:00,2026_05_16
16,2025-08-29 14:38:56.989614487,https://overwatch.blizzard.com/en-us/rates/data/?map=all-maps&role=All&rq=1&input=Console&region=Asia&tier=Silver,"{'map': 'all-maps', 'role': 'All', 'rq': '1', 'input': 'Console', 'region': 'Asia', 'tier': 'Silver'}",All,,Asia,,,roadhog,Roadhog,3.2,31.6,TANK,2026-05-16 15:18:25.728179+00:00,2026_05_16
16,2025-08-29 14:38:56.989614487,https://overwatch.blizzard.com/en-us/rates/data/?map=all-maps&role=All&rq=1&input=Console&region=Asia&tier=Silver,"{'map': 'all-maps', 'role': 'All', 'rq': '1', 'input': 'Console', 'region': 'Asia', 'tier': 'Silver'}",All,,Asia,,,sigma,Sigma,13.8,53.5,TANK,2026-05-16 15:18:25.728179+00:00,2026_05_16
16,2025-08-29 14:38:56.989614487,https://overwatch.blizzard.com/en-us/rates/data/?map=all-maps&role=All&rq=1&input=Console&region=Asia&tier=Silver,"{'map': 'all-maps', 'role': 'All', 'rq': '1', 'input': 'Console', 'region': 'Asia', 'tier': 'Silver'}",All,,Asia,,,sojourn,Sojourn,29.1,44.4,DAMAGE,2026-05-16 15:18:25.728179+00:00,2026_05_16
16,2025-08-29 14:38:56.989614487,https://overwatch.blizzard.com/en-us/rates/data/?map=all-maps&role=All&rq=1&input=Console&region=Asia&tier=Silver,"{'map': 'all-maps', 'role': 'All', 'rq': '1', 'input': 'Console', 'region': 'Asia', 'tier': 'Silver'}",All,,Asia,,,soldier-76,Soldier: 76,18.1,49.4,DAMAGE,2026-05-16 15:18:25.728179+00:00,2026_05_16
16,2025-08-29 14:38:56.989614487,https://overwatch.blizzard.com/en-us/rates/data/?map=all-maps&role=All&rq=1&input=Console&region=Asia&tier=Silver,"{'map': 'all-maps', 'role': 'All', 'rq': '1', 'input': 'Console', 'region': 'Asia', 'tier': 'Silver'}",All,,Asia,,,sombra,Sombra,2.3,55.3,DAMAGE,2026-05-16 15:18:25.728179+00:00,2026_05_16
16,2025-08-29 14:38:56.989614487,https://overwatch.blizzard.com/en-us/rates/data/?map=all-maps&role=All&rq=1&input=Console&region=Asia&tier=Silver,"{'map': 'all-maps', 'role': 'All', 'rq': '1', 'input': 'Console', 'region': 'Asia', 'tier': 'Silver'}",All,,Asia,,,symmetra,Symmetra,6.9,56.1,DAMAGE,2026-05-16 15:18:25.728179+00:00,2026_05_16
16,2025-08-29 14:38:56.989614487,https://overwatch.blizzard.com/en-us/rates/data/?map=all-maps&role=All&rq=1&input=Console&region=Asia&tier=Silver,"{'map': 'all-maps', 'role': 'All', 'rq': '1', 'input': 'Console', 'region': 'Asia', 'tier': 'Silver'}",All,,Asia,,,torbjorn,Torbjörn,11.8,53.5,DAMAGE,2026-05-16 15:18:25.728179+00:00,2026_05_16
16,2025-08-29 14:38:56.989614487,https://overwatch.blizzard.com/en-us/rates/data/?map=all-maps&role=All&rq=1&input=Console&region=Asia&tier=Silver,"{'map': 'all-maps', 'role': 'All', 'rq': '1', 'input': 'Console', 'region': 'Asia', 'tier': 'Silver'}",All,,Asia,,,tracer,Tracer,7.4,50.8,DAMAGE,2026-05-16 15:18:25.728179+00:00,2026_05_16
16,2025-08-29 14:38:56.989614487,https://overwatch.blizzard.com/en-us/rates/data/?map=all-maps&role=All&rq=1&input=Console&region=Asia&tier=Silver,"{'map': 'all-maps', 'role': 'All', 'rq': '1', 'input': 'Console', 'region': 'Asia', 'tier': 'Silver'}",All,,Asia,,,venture,Venture,5.4,55.2,DAMAGE,2026-05-16 15:18:25.728179+00:00,2026_05_16
16,2025-08-29 14:38:56.989614487,https://overwatch.blizzard.com/en-us/rates/data/?map=all-maps&role=All&rq=1&input=Console&region=Asia&tier=Silver,"{'map': 'all-maps', 'role': 'All', 'rq': '1', 'input': 'Console', 'region': 'Asia', 'tier': 'Silver'}",All,,Asia,,,widowmaker,Widowmaker,4.0,47.0,DAMAGE,2026-05-16 15:18:25.728179+00:00,2026_05_16
16,2025-08-29 14:38:56.989614487,https://overwatch.blizzard.com/en-us/rates/data/?map=all-maps&role=All&rq=1&input=Console&region=Asia&tier=Silver,"{'map': 'all-maps', 'role': 'All', 'rq': '1', 'input': 'Console', 'region': 'Asia', 'tier': 'Silver'}",All,,Asia,,,winston,Winston,4.4,49.3,TANK,2026-05-16 15:18:25.728179+00:00,2026_05_16
16,2025-08-29 14:38:56.989614487,https://overwatch.blizzard.com/en-us/rates/data/?map=all-maps&role=All&rq=1&input=Console&region=Asia&tier=Silver,"{'map': 'all-maps', 'role': 'All', 'rq': '1', 'input': 'Console', 'region': 'Asia', 'tier': 'Silver'}",All,,Asia,,,wrecking-ball,Wrecking Ball,2.0,64.2,TANK,2026-05-16 15:18:25.728179+00:00,2026_05_16
16,2025-08-29 14:38:56.989614487,https://overwatch.blizzard.com/en-us/rates/data/?map=all-maps&role=All&rq=1&input=Console&region=Asia&tier=Silver,"{'map': 'all-maps', 'role': 'All', 'rq': '1', 'input': 'Console', 'region': 'Asia', 'tier': 'Silver'}",All,,Asia,,,wuyang,Wuyang,31.0,55.8,SUPPORT,2026-05-16 15:18:25.728179+00:00,2026_05_16
16,2025-08-29 14:38:56.989614487,https://overwatch.blizzard.com/en-us/rates/data/?map=all-maps&role=All&rq=1&input=Console&region=Asia&tier=Silver,"{'map': 'all-maps', 'role': 'All', 'rq': '1', 'input': 'Console', 'region': 'Asia', 'tier': 'Silver'}",All,,Asia,,,zarya,Zarya,3.9,52.5,TANK,2026-05-16 15:18:25.728179+00:00,2026_05_16
16,2025-08-29 14:38:56.989614487,https://overwatch.blizzard.com/en-us/rates/data/?map=all-maps&role=All&rq=1&input=Console&region=Asia&tier=Silver,"{'map': 'all-maps', 'role': 'All', 'rq': '1', 'input': 'Console', 'region': 'Asia', 'tier': 'Silver'}",All,,Asia,,,zenyatta,Zenyatta,15.6,51.1,SUPPORT,2026-05-16 15:18:25.728179+00:00,2026_05_16
17,2025-08-29 14:38:57.253231287,https://overwatch.blizzard.com/en-us/rates/data/?map=all-maps&role=All&rq=1&input=Console&region=Asia&tier=Gold,"{'map': 'all-maps', 'role': 'All', 'rq': '1', 'input': 'Console', 'region': 'Asia', 'tier': 'Gold'}",All,,Asia,,,ana,Ana,33.1,46.5,SUPPORT,2026-05-16 15:18:25.728179+00:00,2026_05_16
17,2025-08-29 14:38:57.253231287,https://overwatch.blizzard.com/en-us/rates/data/?map=all-maps&role=All&rq=1&input=Console&region=Asia&tier=Gold,"{'map': 'all-maps', 'role': 'All', 'rq': '1', 'input': 'Console', 'region': 'Asia', 'tier': 'Gold'}",All,,Asia,,,ashe,Ashe,14.1,51.2,DAMAGE,2026-05-16 15:18:25.728179+00:00,2026_05_16
17,2025-08-29 14:38:57.253231287,https://overwatch.blizzard.com/en-us/rates/data/?map=all-maps&role=All&rq=1&input=Console&region=Asia&tier=Gold,"{'map': 'all-maps', 'role': 'All', 'rq': '1', 'input': 'Console', 'region': 'Asia', 'tier': 'Gold'}",All,,Asia,,,baptiste,Baptiste,14.5,47.6,SUPPORT,2026-05-16 15:18:25.728179+00:00,2026_05_16
17,2025-08-29 14:38:57.253231287,https://overwatch.blizzard.com/en-us/rates/data/?map=all-maps&role=All&rq=1&input=Console&region=Asia&tier=Gold,"{'map': 'all-maps', 'role': 'All', 'rq': '1', 'input': 'Console', 'region': 'Asia', 'tier': 'Gold'}",All,,Asia,,,bastion,Bastion,7.5,47.1,DAMAGE,2026-05-16 15:18:25.728179+00:00,2026_05_16
17,2025-08-29 14:38:57.253231287,https://overwatch.blizzard.com/en-us/rates/data/?map=all-maps&role=All&rq=1&input=Console&region=Asia&tier=Gold,"{'map': 'all-maps', 'role': 'All', 'rq': '1', 'input': 'Console', 'region': 'Asia', 'tier': 'Gold'}",All,,Asia,,,brigitte,Brigitte,6.3,47.6,SUPPORT,2026-05-16 15:18:25.728179+00:00,2026_05_16
17,2025-08-29 14:38:57.253231287,https://overwatch.blizzard.com/en-us/rates/data/?map=all-maps&role=All&rq=1&input=Console&region=Asia&tier=Gold,"{'map': 'all-maps', 'role': 'All', 'rq': '1', 'input': 'Console', 'region': 'Asia', 'tier': 'Gold'}",All,,Asia,,,cassidy,Cassidy,23.2,45.5,DAMAGE,2026-05-16 15:18:25.728179+00:00,2026_05_16
17,2025-08-29 14:38:57.253231287,https://overwatch.blizzard.com/en-us/rates/data/?map=all-maps&role=All&rq=1&input=Console&region=Asia&tier=Gold,"{'map': 'all-maps', 'role': 'All', 'rq': '1', 'input': 'Console', 'region': 'Asia', 'tier': 'Gold'}",All,,Asia,,,dva,D.Va,14.0,51.8,TANK,2026-05-16 15:18:25.728179+00:00,2026_05_16
17,2025-08-29 14:38:57.253231287,https://overwatch.blizzard.com/en-us/rates/data/?map=all-maps&role=All&rq=1&input=Console&region=Asia&tier=Gold,"{'map': 'all-maps', 'role': 'All', 'rq': '1', 'input': 'Console', 'region': 'Asia', 'tier': 'Gold'}",All,,Asia,,,doomfist,Doomfist,6.8,49.6,TANK,2026-05-16 15:18:25.728179+00:00,2026_05_16
17,2025-08-29 14:38:57.253231287,https://overwatch.blizzard.com/en-us/rates/data/?map=all-maps&role=All&rq=1&input=Console&region=Asia&tier=Gold,"{'map': 'all-maps', 'role': 'All', 'rq': '1', 'input': 'Console', 'region': 'Asia', 'tier': 'Gold'}",All,,Asia,,,echo,Echo,4.7,51.1,DAMAGE,2026-05-16 15:18:25.728179+00:00,2026_05_16
17,2025-08-29 14:38:57.253231287,https://overwatch.blizzard.com/en-us/rates/data/?map=all-maps&role=All&rq=1&input=Console&region=Asia&tier=Gold,"{'map': 'all-maps', 'role': 'All', 'rq': '1', 'input': 'Console', 'region': 'Asia', 'tier': 'Gold'}",All,,Asia,,,freja,Freja,5.4,44.7,DAMAGE,2026-05-16 15:18:25.728179+00:00,2026_05_16
17,2025-08-29 14:38:57.253231287,https://overwatch.blizzard.com/en-us/rates/data/?map=all-maps&role=All&rq=1&input=Console&region=Asia&tier=Gold,"{'map': 'all-maps', 'role': 'All', 'rq': '1', 'input': 'Console', 'region': 'Asia', 'tier': 'Gold'}",All,,Asia,,,genji,Genji,14.2,52.5,DAMAGE,2026-05-16 15:18:25.728179+00:00,2026_05_16
17,2025-08-29 14:38:57.253231287,https://overwatch.blizzard.com/en-us/rates/data/?map=all-maps&role=All&rq=1&input=Console&region=Asia&tier=Gold,"{'map': 'all-maps', 'role': 'All', 'rq': '1', 'input': 'Console', 'region': 'Asia', 'tier': 'Gold'}",All,,Asia,,,hanzo,Hanzo,11.9,48.5,DAMAGE,2026-05-16 15:18:25.728179+00:00,2026_05_16
17,2025-08-29 14:38:57.253231287,https://overwatch.blizzard.com/en-us/rates/data/?map=all-maps&role=All&rq=1&input=Console&region=Asia&tier=Gold,"{'map': 'all-maps', 'role': 'All', 'rq': '1', 'input': 'Console', 'region': 'Asia', 'tier': 'Gold'}",All,,Asia,,,hazard,Hazard,3.9,48.8,TANK,2026-05-16 15:18:25.728179+00:00,2026_05_16
17,2025-08-29 14:38:57.253231287,https://overwatch.blizzard.com/en-us/rates/data/?map=all-maps&role=All&rq=1&input=Console&region=Asia&tier=Gold,"{'map': 'all-maps', 'role': 'All', 'rq': '1', 'input': 'Console', 'region': 'Asia', 'tier': 'Gold'}",All,,Asia,,,illari,Illari,8.0,51.3,SUPPORT,2026-05-16 15:18:25.728179+00:00,2026_05_16
17,2025-08-29 14:38:57.253231287,https://overwatch.blizzard.com/en-us/rates/data/?map=all-maps&role=All&rq=1&input=Console&region=Asia&tier=Gold,"{'map': 'all-maps', 'role': 'All', 'rq': '1', 'input': 'Console', 'region': 'Asia', 'tier': 'Gold'}",All,,Asia,,,junker-queen,Junker Queen,7.5,53.8,TANK,2026-05-16 15:18:25.728179+00:00,2026_05_16
17,2025-08-29 14:38:57.253231287,https://overwatch.blizzard.com/en-us/rates/data/?map=all-maps&role=All&rq=1&input=Console&region=Asia&tier=Gold,"{'map': 'all-maps', 'role': 'All', 'rq': '1', 'input': 'Console', 'region': 'Asia', 'tier': 'Gold'}",All,,Asia,,,junkrat,Junkrat,6.6,47.9,DAMAGE,2026-05-16 15:18:25.728179+00:00,2026_05_16
17,2025-08-29 14:38:57.253231287,https://overwatch.blizzard.com/en-us/rates/data/?map=all-maps&role=All&rq=1&input=Console&region=Asia&tier=Gold,"{'map': 'all-maps', 'role': 'All', 'rq': '1', 'input': 'Console', 'region': 'Asia', 'tier': 'Gold'}",All,,Asia,,,juno,Juno,17.9,49.8,SUPPORT,2026-05-16 15:18:25.728179+00:00,2026_05_16
17,2025-08-29 14:38:57.253231287,https://overwatch.blizzard.com/en-us/rates/data/?map=all-maps&role=All&rq=1&input=Console&region=Asia&tier=Gold,"{'map': 'all-maps', 'role': 'All', 'rq': '1', 'input': 'Console', 'region': 'Asia', 'tier': 'Gold'}",All,,Asia,,,kiriko,Kiriko,34.4,47.0,SUPPORT,2026-05-16 15:18:25.728179+00:00,2026_05_16
17,2025-08-29 14:38:57.253231287,https://overwatch.blizzard.com/en-us/rates/data/?map=all-maps&role=All&rq=1&input=Console&region=Asia&tier=Gold,"{'map': 'all-maps', 'role': 'All', 'rq': '1', 'input': 'Console', 'region': 'Asia', 'tier': 'Gold'}",All,,Asia,,,lifeweaver,Lifeweaver,6.0,41.4,SUPPORT,2026-05-16 15:18:25.728179+00:00,2026_05_16
17,2025-08-29 14:38:57.253231287,https://overwatch.blizzard.com/en-us/rates/data/?map=all-maps&role=All&rq=1&input=Console&region=Asia&tier=Gold,"{'map': 'all-maps', 'role': 'All', 'rq': '1', 'input': 'Console', 'region': 'Asia', 'tier': 'Gold'}",All,,Asia,,,lucio,Lúcio,9.3,54.9,SUPPORT,2026-05-16 15:18:25.728179+00:00,2026_05_16
17,2025-08-29 14:38:57.253231287,https://overwatch.blizzard.com/en-us/rates/data/?map=all-maps&role=All&rq=1&input=Console&region=Asia&tier=Gold,"{'map': 'all-maps', 'role': 'All', 'rq': '1', 'input': 'Console', 'region': 'Asia', 'tier': 'Gold'}",All,,Asia,,,mauga,Mauga,4.3,46.8,TANK,2026-05-16 15:18:25.728179+00:00,2026_05_16
17,2025-08-29 14:38:57.253231287,https://overwatch.blizzard.com/en-us/rates/data/?map=all-maps&role=All&rq=1&input=Console&region=Asia&tier=Gold,"{'map': 'all-maps', 'role': 'All', 'rq': '1', 'input': 'Console', 'region': 'Asia', 'tier': 'Gold'}",All,,Asia,,,mei,Mei,8.3,45.7,DAMAGE,2026-05-16 15:18:25.728179+00:00,2026_05_16
17,2025-08-29 14:38:57.253231287,https://overwatch.blizzard.com/en-us/rates/data/?map=all-maps&role=All&rq=1&input=Console&region=Asia&tier=Gold,"{'map': 'all-maps', 'role': 'All', 'rq': '1', 'input': 'Console', 'region': 'Asia', 'tier': 'Gold'}",All,,Asia,,,mercy,Mercy,5.7,49.9,SUPPORT,2026-05-16 15:18:25.728179+00:00,2026_05_16
17,2025-08-29 14:38:57.253231287,https://overwatch.blizzard.com/en-us/rates/data/?map=all-maps&role=All&rq=1&input=Console&region=Asia&tier=Gold,"{'map': 'all-maps', 'role': 'All', 'rq': '1', 'input': 'Console', 'region': 'Asia', 'tier': 'Gold'}",All,,Asia,,,moira,Moira,19.7,47.4,SUPPORT,2026-05-16 15:18:25.728179+00:00,2026_05_16
17,2025-08-29 14:38:57.253231287,https://overwatch.blizzard.com/en-us/rates/data/?map=all-maps&role=All&rq=1&input=Console&region=Asia&tier=Gold,"{'map': 'all-maps', 'role': 'All', 'rq': '1', 'input': 'Console', 'region': 'Asia', 'tier': 'Gold'}",All,,Asia,,,orisa,Orisa,16.3,47.6,TANK,2026-05-16 15:18:25.728179+00:00,2026_05_16
17,2025-08-29 14:38:57.253231287,https://overwatch.blizzard.com/en-us/rates/data/?map=all-maps&role=All&rq=1&input=Console&region=Asia&tier=Gold,"{'map': 'all-maps', 'role': 'All', 'rq': '1', 'input': 'Console', 'region': 'Asia', 'tier': 'Gold'}",All,,Asia,,,pharah,Pharah,6.9,48.7,DAMAGE,2026-05-16 15:18:25.728179+00:00,2026_05_16
17,2025-08-29 14:38:57.253231287,https://overwatch.blizzard.com/en-us/rates/data/?map=all-maps&role=All&rq=1&input=Console&region=Asia&tier=Gold,"{'map': 'all-maps', 'role': 'All', 'rq': '1', 'input': 'Console', 'region': 'Asia', 'tier': 'Gold'}",All,,Asia,,,ramattra,Ramattra,8.1,45.8,TANK,2026-05-16 15:18:25.728179+00:00,2026_05_16
17,2025-08-29 14:38:57.253231287,https://overwatch.blizzard.com/en-us/rates/data/?map=all-maps&role=All&rq=1&input=Console&region=Asia&tier=Gold,"{'map': 'all-maps', 'role': 'All', 'rq': '1', 'input': 'Console', 'region': 'Asia', 'tier': 'Gold'}",All,,Asia,,,reaper,Reaper,14.6,55.2,DAMAGE,2026-05-16 15:18:25.728179+00:00,2026_05_16
17,2025-08-29 14:38:57.253231287,https://overwatch.blizzard.com/en-us/rates/data/?map=all-maps&role=All&rq=1&input=Console&region=Asia&tier=Gold,"{'map': 'all-maps', 'role': 'All', 'rq': '1', 'input': 'Console', 'region': 'Asia', 'tier': 'Gold'}",All,,Asia,,,reinhardt,Reinhardt,9.3,52.1,TANK,2026-05-16 15:18:25.728179+00:00,2026_05_16
17,2025-08-29 14:38:57.253231287,https://overwatch.blizzard.com/en-us/rates/data/?map=all-maps&role=All&rq=1&input=Console&region=Asia&tier=Gold,"{'map': 'all-maps', 'role': 'All', 'rq': '1', 'input': 'Console', 'region': 'Asia', 'tier': 'Gold'}",All,,Asia,,,roadhog,Roadhog,3.1,30.8,TANK,2026-05-16 15:18:25.728179+00:00,2026_05_16
17,2025-08-29 14:38:57.253231287,https://overwatch.blizzard.com/en-us/rates/data/?map=all-maps&role=All&rq=1&input=Console&region=Asia&tier=Gold,"{'map': 'all-maps', 'role': 'All', 'rq': '1', 'input': 'Console', 'region': 'Asia', 'tier': 'Gold'}",All,,Asia,,,sigma,Sigma,13.3,53.7,TANK,2026-05-16 15:18:25.728179+00:00,2026_05_16
17,2025-08-29 14:38:57.253231287,https://overwatch.blizzard.com/en-us/rates/data/?map=all-maps&role=All&rq=1&input=Console&region=Asia&tier=Gold,"{'map': 'all-maps', 'role': 'All', 'rq': '1', 'input': 'Console', 'region': 'Asia', 'tier': 'Gold'}",All,,Asia,,,sojourn,Sojourn,25.6,46.6,DAMAGE,2026-05-16 15:18:25.728179+00:00,2026_05_16
17,2025-08-29 14:38:57.253231287,https://overwatch.blizzard.com/en-us/rates/data/?map=all-maps&role=All&rq=1&input=Console&region=Asia&tier=Gold,"{'map': 'all-maps', 'role': 'All', 'rq': '1', 'input': 'Console', 'region': 'Asia', 'tier': 'Gold'}",All,,Asia,,,soldier-76,Soldier: 76,18.3,48.9,DAMAGE,2026-05-16 15:18:25.728179+00:00,2026_05_16
17,2025-08-29 14:38:57.253231287,https://overwatch.blizzard.com/en-us/rates/data/?map=all-maps&role=All&rq=1&input=Console&region=Asia&tier=Gold,"{'map': 'all-maps', 'role': 'All', 'rq': '1', 'input': 'Console', 'region': 'Asia', 'tier': 'Gold'}",All,,Asia,,,sombra,Sombra,3.2,51.2,DAMAGE,2026-05-16 15:18:25.728179+00:00,2026_05_16
17,2025-08-29 14:38:57.253231287,https://overwatch.blizzard.com/en-us/rates/data/?map=all-maps&role=All&rq=1&input=Console&region=Asia&tier=Gold,"{'map': 'all-maps', 'role': 'All', 'rq': '1', 'input': 'Console', 'region': 'Asia', 'tier': 'Gold'}",All,,Asia,,,symmetra,Symmetra,6.9,55.1,DAMAGE,2026-05-16 15:18:25.728179+00:00,2026_05_16
17,2025-08-29 14:38:57.253231287,https://overwatch.blizzard.com/en-us/rates/data/?map=all-maps&role=All&rq=1&input=Console&region=Asia&tier=Gold,"{'map': 'all-maps', 'role': 'All', 'rq': '1', 'input': 'Console', 'region': 'Asia', 'tier': 'Gold'}",All,,Asia,,,torbjorn,Torbjörn,9.0,50.4,DAMAGE,2026-05-16 15:18:25.728179+00:00,2026_05_16
17,2025-08-29 14:38:57.253231287,https://overwatch.blizzard.com/en-us/rates/data/?map=all-maps&role=All&rq=1&input=Console&region=Asia&tier=Gold,"{'map': 'all-maps', 'role': 'All', 'rq': '1', 'input': 'Console', 'region': 'Asia', 'tier': 'Gold'}",All,,Asia,,,tracer,Tracer,9.7,52.4,DAMAGE,2026-05-16 15:18:25.728179+00:00,2026_05_16
17,2025-08-29 14:38:57.253231287,https://overwatch.blizzard.com/en-us/rates/data/?map=all-maps&role=All&rq=1&input=Console&region=Asia&tier=Gold,"{'map': 'all-maps', 'role': 'All', 'rq': '1', 'input': 'Console', 'region': 'Asia', 'tier': 'Gold'}",All,,Asia,,,venture,Venture,6.0,54.0,DAMAGE,2026-05-16 15:18:25.728179+00:00,2026_05_16
17,2025-08-29 14:38:57.253231287,https://overwatch.blizzard.com/en-us/rates/data/?map=all-maps&role=All&rq=1&input=Console&region=Asia&tier=Gold,"{'map': 'all-maps', 'role': 'All', 'rq': '1', 'input': 'Console', 'region': 'Asia', 'tier': 'Gold'}",All,,Asia,,,widowmaker,Widowmaker,3.7,49.3,DAMAGE,2026-05-16 15:18:25.728179+00:00,2026_05_16
17,2025-08-29 14:38:57.253231287,https://overwatch.blizzard.com/en-us/rates/data/?map=all-maps&role=All&rq=1&input=Console&region=Asia&tier=Gold,"{'map': 'all-maps', 'role': 'All', 'rq': '1', 'input': 'Console', 'region': 'Asia', 'tier': 'Gold'}",All,,Asia,,,winston,Winston,5.0,46.9,TANK,2026-05-16 15:18:25.728179+00:00,2026_05_16
17,2025-08-29 14:38:57.253231287,https://overwatch.blizzard.com/en-us/rates/data/?map=all-maps&role=All&rq=1&input=Console&region=Asia&tier=Gold,"{'map': 'all-maps', 'role': 'All', 'rq': '1', 'input': 'Console', 'region': 'Asia', 'tier': 'Gold'}",All,,Asia,,,wrecking-ball,Wrecking Ball,2.3,58.0,TANK,2026-05-16 15:18:25.728179+00:00,2026_05_16
17,2025-08-29 14:38:57.253231287,https://overwatch.blizzard.com/en-us/rates/data/?map=all-maps&role=All&rq=1&input=Console&region=Asia&tier=Gold,"{'map': 'all-maps', 'role': 'All', 'rq': '1', 'input': 'Console', 'region': 'Asia', 'tier': 'Gold'}",All,,Asia,,,wuyang,Wuyang,31.4,55.6,SUPPORT,2026-05-16 15:18:25.728179+00:00,2026_05_16
17,2025-08-29 14:38:57.253231287,https://overwatch.blizzard.com/en-us/rates/data/?map=all-maps&role=All&rq=1&input=Console&region=Asia&tier=Gold,"{'map': 'all-maps', 'role': 'All', 'rq': '1', 'input': 'Console', 'region': 'Asia', 'tier': 'Gold'}",All,,Asia,,,zarya,Zarya,6.0,47.8,TANK,2026-05-16 15:18:25.728179+00:00,2026_05_16
17,2025-08-29 14:38:57.253231287,https://overwatch.blizzard.com/en-us/rates/data/?map=all-maps&role=All&rq=1&input=Console&region=Asia&tier=Gold,"{'map': 'all-maps', 'role': 'All', 'rq': '1', 'input': 'Console', 'region': 'Asia', 'tier': 'Gold'}",All,,Asia,,,zenyatta,Zenyatta,13.7,53.0,SUPPORT,2026-05-16 15:18:25.728179+00:00,2026_05_16
18,2025-08-29 14:38:58.392165422,https://overwatch.blizzard.com/en-us/rates/data/?map=all-maps&role=All&rq=1&input=Console&region=Asia&tier=Platinum,"{'map': 'all-maps', 'role': 'All', 'rq': '1', 'input': 'Console', 'region': 'Asia', 'tier': 'Platinum'}",All,,Asia,,,ana,Ana,37.5,47.0,SUPPORT,2026-05-16 15:18:25.728179+00:00,2026_05_16
18,2025-08-29 14:38:58.392165422,https://overwatch.blizzard.com/en-us/rates/data/?map=all-maps&role=All&rq=1&input=Console&region=Asia&tier=Platinum,"{'map': 'all-maps', 'role': 'All', 'rq': '1', 'input': 'Console', 'region': 'Asia', 'tier': 'Platinum'}",All,,Asia,,,ashe,Ashe,13.3,51.5,DAMAGE,2026-05-16 15:18:25.728179+00:00,2026_05_16
18,2025-08-29 14:38:58.392165422,https://overwatch.blizzard.com/en-us/rates/data/?map=all-maps&role=All&rq=1&input=Console&region=Asia&tier=Platinum,"{'map': 'all-maps', 'role': 'All', 'rq': '1', 'input': 'Console', 'region': 'Asia', 'tier': 'Platinum'}",All,,Asia,,,baptiste,Baptiste,18.2,49.9,SUPPORT,2026-05-16 15:18:25.728179+00:00,2026_05_16
18,2025-08-29 14:38:58.392165422,https://overwatch.blizzard.com/en-us/rates/data/?map=all-maps&role=All&rq=1&input=Console&region=Asia&tier=Platinum,"{'map': 'all-maps', 'role': 'All', 'rq': '1', 'input': 'Console', 'region': 'Asia', 'tier': 'Platinum'}",All,,Asia,,,bastion,Bastion,5.2,48.0,DAMAGE,2026-05-16 15:18:25.728179+00:00,2026_05_16
18,2025-08-29 14:38:58.392165422,https://overwatch.blizzard.com/en-us/rates/data/?map=all-maps&role=All&rq=1&input=Console&region=Asia&tier=Platinum,"{'map': 'all-maps', 'role': 'All', 'rq': '1', 'input': 'Console', 'region': 'Asia', 'tier': 'Platinum'}",All,,Asia,,,brigitte,Brigitte,8.2,45.2,SUPPORT,2026-05-16 15:18:25.728179+00:00,2026_05_16
18,2025-08-29 14:38:58.392165422,https://overwatch.blizzard.com/en-us/rates/data/?map=all-maps&role=All&rq=1&input=Console&region=Asia&tier=Platinum,"{'map': 'all-maps', 'role': 'All', 'rq': '1', 'input': 'Console', 'region': 'Asia', 'tier': 'Platinum'}",All,,Asia,,,cassidy,Cassidy,29.4,46.9,DAMAGE,2026-05-16 15:18:25.728179+00:00,2026_05_16
18,2025-08-29 14:38:58.392165422,https://overwatch.blizzard.com/en-us/rates/data/?map=all-maps&role=All&rq=1&input=Console&region=Asia&tier=Platinum,"{'map': 'all-maps', 'role': 'All', 'rq': '1', 'input': 'Console', 'region': 'Asia', 'tier': 'Platinum'}",All,,Asia,,,dva,D.Va,13.0,51.0,TANK,2026-05-16 15:18:25.728179+00:00,2026_05_16
18,2025-08-29 14:38:58.392165422,https://overwatch.blizzard.com/en-us/rates/data/?map=all-maps&role=All&rq=1&input=Console&region=Asia&tier=Platinum,"{'map': 'all-maps', 'role': 'All', 'rq': '1', 'input': 'Console', 'region': 'Asia', 'tier': 'Platinum'}",All,,Asia,,,doomfist,Doomfist,9.2,50.7,TANK,2026-05-16 15:18:25.728179+00:00,2026_05_16
18,2025-08-29 14:38:58.392165422,https://overwatch.blizzard.com/en-us/rates/data/?map=all-maps&role=All&rq=1&input=Console&region=Asia&tier=Platinum,"{'map': 'all-maps', 'role': 'All', 'rq': '1', 'input': 'Console', 'region': 'Asia', 'tier': 'Platinum'}",All,,Asia,,,echo,Echo,4.3,49.9,DAMAGE,2026-05-16 15:18:25.728179+00:00,2026_05_16
18,2025-08-29 14:38:58.392165422,https://overwatch.blizzard.com/en-us/rates/data/?map=all-maps&role=All&rq=1&input=Console&region=Asia&tier=Platinum,"{'map': 'all-maps', 'role': 'All', 'rq': '1', 'input': 'Console', 'region': 'Asia', 'tier': 'Platinum'}",All,,Asia,,,freja,Freja,5.1,45.4,DAMAGE,2026-05-16 15:18:25.728179+00:00,2026_05_16
18,2025-08-29 14:38:58.392165422,https://overwatch.blizzard.com/en-us/rates/data/?map=all-maps&role=All&rq=1&input=Console&region=Asia&tier=Platinum,"{'map': 'all-maps', 'role': 'All', 'rq': '1', 'input': 'Console', 'region': 'Asia', 'tier': 'Platinum'}",All,,Asia,,,genji,Genji,18.7,52.8,DAMAGE,2026-05-16 15:18:25.728179+00:00,2026_05_16
18,2025-08-29 14:38:58.392165422,https://overwatch.blizzard.com/en-us/rates/data/?map=all-maps&role=All&rq=1&input=Console&region=Asia&tier=Platinum,"{'map': 'all-maps', 'role': 'All', 'rq': '1', 'input': 'Console', 'region': 'Asia', 'tier': 'Platinum'}",All,,Asia,,,hanzo,Hanzo,10.1,48.7,DAMAGE,2026-05-16 15:18:25.728179+00:00,2026_05_16
18,2025-08-29 14:38:58.392165422,https://overwatch.blizzard.com/en-us/rates/data/?map=all-maps&role=All&rq=1&input=Console&region=Asia&tier=Platinum,"{'map': 'all-maps', 'role': 'All', 'rq': '1', 'input': 'Console', 'region': 'Asia', 'tier': 'Platinum'}",All,,Asia,,,hazard,Hazard,5.2,50.0,TANK,2026-05-16 15:18:25.728179+00:00,2026_05_16
18,2025-08-29 14:38:58.392165422,https://overwatch.blizzard.com/en-us/rates/data/?map=all-maps&role=All&rq=1&input=Console&region=Asia&tier=Platinum,"{'map': 'all-maps', 'role': 'All', 'rq': '1', 'input': 'Console', 'region': 'Asia', 'tier': 'Platinum'}",All,,Asia,,,illari,Illari,8.2,53.1,SUPPORT,2026-05-16 15:18:25.728179+00:00,2026_05_16
18,2025-08-29 14:38:58.392165422,https://overwatch.blizzard.com/en-us/rates/data/?map=all-maps&role=All&rq=1&input=Console&region=Asia&tier=Platinum,"{'map': 'all-maps', 'role': 'All', 'rq': '1', 'input': 'Console', 'region': 'Asia', 'tier': 'Platinum'}",All,,Asia,,,junker-queen,Junker Queen,8.2,57.1,TANK,2026-05-16 15:18:25.728179+00:00,2026_05_16
18,2025-08-29 14:38:58.392165422,https://overwatch.blizzard.com/en-us/rates/data/?map=all-maps&role=All&rq=1&input=Console&region=Asia&tier=Platinum,"{'map': 'all-maps', 'role': 'All', 'rq': '1', 'input': 'Console', 'region': 'Asia', 'tier': 'Platinum'}",All,,Asia,,,junkrat,Junkrat,4.3,47.9,DAMAGE,2026-05-16 15:18:25.728179+00:00,2026_05_16
18,2025-08-29 14:38:58.392165422,https://overwatch.blizzard.com/en-us/rates/data/?map=all-maps&role=All&rq=1&input=Console&region=Asia&tier=Platinum,"{'map': 'all-maps', 'role': 'All', 'rq': '1', 'input': 'Console', 'region': 'Asia', 'tier': 'Platinum'}",All,,Asia,,,juno,Juno,14.5,49.5,SUPPORT,2026-05-16 15:18:25.728179+00:00,2026_05_16
18,2025-08-29 14:38:58.392165422,https://overwatch.blizzard.com/en-us/rates/data/?map=all-maps&role=All&rq=1&input=Console&region=Asia&tier=Platinum,"{'map': 'all-maps', 'role': 'All', 'rq': '1', 'input': 'Console', 'region': 'Asia', 'tier': 'Platinum'}",All,,Asia,,,kiriko,Kiriko,31.8,46.5,SUPPORT,2026-05-16 15:18:25.728179+00:00,2026_05_16
18,2025-08-29 14:38:58.392165422,https://overwatch.blizzard.com/en-us/rates/data/?map=all-maps&role=All&rq=1&input=Console&region=Asia&tier=Platinum,"{'map': 'all-maps', 'role': 'All', 'rq': '1', 'input': 'Console', 'region': 'Asia', 'tier': 'Platinum'}",All,,Asia,,,lifeweaver,Lifeweaver,5.5,40.0,SUPPORT,2026-05-16 15:18:25.728179+00:00,2026_05_16
18,2025-08-29 14:38:58.392165422,https://overwatch.blizzard.com/en-us/rates/data/?map=all-maps&role=All&rq=1&input=Console&region=Asia&tier=Platinum,"{'map': 'all-maps', 'role': 'All', 'rq': '1', 'input': 'Console', 'region': 'Asia', 'tier': 'Platinum'}",All,,Asia,,,lucio,Lúcio,11.3,57.4,SUPPORT,2026-05-16 15:18:25.728179+00:00,2026_05_16
18,2025-08-29 14:38:58.392165422,https://overwatch.blizzard.com/en-us/rates/data/?map=all-maps&role=All&rq=1&input=Console&region=Asia&tier=Platinum,"{'map': 'all-maps', 'role': 'All', 'rq': '1', 'input': 'Console', 'region': 'Asia', 'tier': 'Platinum'}",All,,Asia,,,mauga,Mauga,4.0,44.5,TANK,2026-05-16 15:18:25.728179+00:00,2026_05_16
18,2025-08-29 14:38:58.392165422,https://overwatch.blizzard.com/en-us/rates/data/?map=all-maps&role=All&rq=1&input=Console&region=Asia&tier=Platinum,"{'map': 'all-maps', 'role': 'All', 'rq': '1', 'input': 'Console', 'region': 'Asia', 'tier': 'Platinum'}",All,,Asia,,,mei,Mei,7.1,47.8,DAMAGE,2026-05-16 15:18:25.728179+00:00,2026_05_16
18,2025-08-29 14:38:58.392165422,https://overwatch.blizzard.com/en-us/rates/data/?map=all-maps&role=All&rq=1&input=Console&region=Asia&tier=Platinum,"{'map': 'all-maps', 'role': 'All', 'rq': '1', 'input': 'Console', 'region': 'Asia', 'tier': 'Platinum'}",All,,Asia,,,mercy,Mercy,5.0,49.8,SUPPORT,2026-05-16 15:18:25.728179+00:00,2026_05_16
18,2025-08-29 14:38:58.392165422,https://overwatch.blizzard.com/en-us/rates/data/?map=all-maps&role=All&rq=1&input=Console&region=Asia&tier=Platinum,"{'map': 'all-maps', 'role': 'All', 'rq': '1', 'input': 'Console', 'region': 'Asia', 'tier': 'Platinum'}",All,,Asia,,,moira,Moira,16.3,47.8,SUPPORT,2026-05-16 15:18:25.728179+00:00,2026_05_16
18,2025-08-29 14:38:58.392165422,https://overwatch.blizzard.com/en-us/rates/data/?map=all-maps&role=All&rq=1&input=Console&region=Asia&tier=Platinum,"{'map': 'all-maps', 'role': 'All', 'rq': '1', 'input': 'Console', 'region': 'Asia', 'tier': 'Platinum'}",All,,Asia,,,orisa,Orisa,13.7,48.4,TANK,2026-05-16 15:18:25.728179+00:00,2026_05_16
18,2025-08-29 14:38:58.392165422,https://overwatch.blizzard.com/en-us/rates/data/?map=all-maps&role=All&rq=1&input=Console&region=Asia&tier=Platinum,"{'map': 'all-maps', 'role': 'All', 'rq': '1', 'input': 'Console', 'region': 'Asia', 'tier': 'Platinum'}",All,,Asia,,,pharah,Pharah,5.0,48.0,DAMAGE,2026-05-16 15:18:25.728179+00:00,2026_05_16
18,2025-08-29 14:38:58.392165422,https://overwatch.blizzard.com/en-us/rates/data/?map=all-maps&role=All&rq=1&input=Console&region=Asia&tier=Platinum,"{'map': 'all-maps', 'role': 'All', 'rq': '1', 'input': 'Console', 'region': 'Asia', 'tier': 'Platinum'}",All,,Asia,,,ramattra,Ramattra,5.9,42.4,TANK,2026-05-16 15:18:25.728179+00:00,2026_05_16
18,2025-08-29 14:38:58.392165422,https://overwatch.blizzard.com/en-us/rates/data/?map=all-maps&role=All&rq=1&input=Console&region=Asia&tier=Platinum,"{'map': 'all-maps', 'role': 'All', 'rq': '1', 'input': 'Console', 'region': 'Asia', 'tier': 'Platinum'}",All,,Asia,,,reaper,Reaper,12.2,52.5,DAMAGE,2026-05-16 15:18:25.728179+00:00,2026_05_16
18,2025-08-29 14:38:58.392165422,https://overwatch.blizzard.com/en-us/rates/data/?map=all-maps&role=All&rq=1&input=Console&region=Asia&tier=Platinum,"{'map': 'all-maps', 'role': 'All', 'rq': '1', 'input': 'Console', 'region': 'Asia', 'tier': 'Platinum'}",All,,Asia,,,reinhardt,Reinhardt,9.2,50.1,TANK,2026-05-16 15:18:25.728179+00:00,2026_05_16
18,2025-08-29 14:38:58.392165422,https://overwatch.blizzard.com/en-us/rates/data/?map=all-maps&role=All&rq=1&input=Console&region=Asia&tier=Platinum,"{'map': 'all-maps', 'role': 'All', 'rq': '1', 'input': 'Console', 'region': 'Asia', 'tier': 'Platinum'}",All,,Asia,,,roadhog,Roadhog,3.2,31.6,TANK,2026-05-16 15:18:25.728179+00:00,2026_05_16
18,2025-08-29 14:38:58.392165422,https://overwatch.blizzard.com/en-us/rates/data/?map=all-maps&role=All&rq=1&input=Console&region=Asia&tier=Platinum,"{'map': 'all-maps', 'role': 'All', 'rq': '1', 'input': 'Console', 'region': 'Asia', 'tier': 'Platinum'}",All,,Asia,,,sigma,Sigma,12.3,53.5,TANK,2026-05-16 15:18:25.728179+00:00,2026_05_16
18,2025-08-29 14:38:58.392165422,https://overwatch.blizzard.com/en-us/rates/data/?map=all-maps&role=All&rq=1&input=Console&region=Asia&tier=Platinum,"{'map': 'all-maps', 'role': 'All', 'rq': '1', 'input': 'Console', 'region': 'Asia', 'tier': 'Platinum'}",All,,Asia,,,sojourn,Sojourn,25.1,46.1,DAMAGE,2026-05-16 15:18:25.728179+00:00,2026_05_16
18,2025-08-29 14:38:58.392165422,https://overwatch.blizzard.com/en-us/rates/data/?map=all-maps&role=All&rq=1&input=Console&region=Asia&tier=Platinum,"{'map': 'all-maps', 'role': 'All', 'rq': '1', 'input': 'Console', 'region': 'Asia', 'tier': 'Platinum'}",All,,Asia,,,soldier-76,Soldier: 76,18.0,50.2,DAMAGE,2026-05-16 15:18:25.728179+00:00,2026_05_16
18,2025-08-29 14:38:58.392165422,https://overwatch.blizzard.com/en-us/rates/data/?map=all-maps&role=All&rq=1&input=Console&region=Asia&tier=Platinum,"{'map': 'all-maps', 'role': 'All', 'rq': '1', 'input': 'Console', 'region': 'Asia', 'tier': 'Platinum'}",All,,Asia,,,sombra,Sombra,4.5,52.1,DAMAGE,2026-05-16 15:18:25.728179+00:00,2026_05_16
18,2025-08-29 14:38:58.392165422,https://overwatch.blizzard.com/en-us/rates/data/?map=all-maps&role=All&rq=1&input=Console&region=Asia&tier=Platinum,"{'map': 'all-maps', 'role': 'All', 'rq': '1', 'input': 'Console', 'region': 'Asia', 'tier': 'Platinum'}",All,,Asia,,,symmetra,Symmetra,6.9,55.3,DAMAGE,2026-05-16 15:18:25.728179+00:00,2026_05_16
18,2025-08-29 14:38:58.392165422,https://overwatch.blizzard.com/en-us/rates/data/?map=all-maps&role=All&rq=1&input=Console&region=Asia&tier=Platinum,"{'map': 'all-maps', 'role': 'All', 'rq': '1', 'input': 'Console', 'region': 'Asia', 'tier': 'Platinum'}",All,,Asia,,,torbjorn,Torbjörn,8.3,48.7,DAMAGE,2026-05-16 15:18:25.728179+00:00,2026_05_16
18,2025-08-29 14:38:58.392165422,https://overwatch.blizzard.com/en-us/rates/data/?map=all-maps&role=All&rq=1&input=Console&region=Asia&tier=Platinum,"{'map': 'all-maps', 'role': 'All', 'rq': '1', 'input': 'Console', 'region': 'Asia', 'tier': 'Platinum'}",All,,Asia,,,tracer,Tracer,13.0,51.3,DAMAGE,2026-05-16 15:18:25.728179+00:00,2026_05_16
18,2025-08-29 14:38:58.392165422,https://overwatch.blizzard.com/en-us/rates/data/?map=all-maps&role=All&rq=1&input=Console&region=Asia&tier=Platinum,"{'map': 'all-maps', 'role': 'All', 'rq': '1', 'input': 'Console', 'region': 'Asia', 'tier': 'Platinum'}",All,,Asia,,,venture,Venture,5.8,50.9,DAMAGE,2026-05-16 15:18:25.728179+00:00,2026_05_16
18,2025-08-29 14:38:58.392165422,https://overwatch.blizzard.com/en-us/rates/data/?map=all-maps&role=All&rq=1&input=Console&region=Asia&tier=Platinum,"{'map': 'all-maps', 'role': 'All', 'rq': '1', 'input': 'Console', 'region': 'Asia', 'tier': 'Platinum'}",All,,Asia,,,widowmaker,Widowmaker,4.0,49.0,DAMAGE,2026-05-16 15:18:25.728179+00:00,2026_05_16
18,2025-08-29 14:38:58.392165422,https://overwatch.blizzard.com/en-us/rates/data/?map=all-maps&role=All&rq=1&input=Console&region=Asia&tier=Platinum,"{'map': 'all-maps', 'role': 'All', 'rq': '1', 'input': 'Console', 'region': 'Asia', 'tier': 'Platinum'}",All,,Asia,,,winston,Winston,6.2,49.2,TANK,2026-05-16 15:18:25.728179+00:00,2026_05_16
18,2025-08-29 14:38:58.392165422,https://overwatch.blizzard.com/en-us/rates/data/?map=all-maps&role=All&rq=1&input=Console&region=Asia&tier=Platinum,"{'map': 'all-maps', 'role': 'All', 'rq': '1', 'input': 'Console', 'region': 'Asia', 'tier': 'Platinum'}",All,,Asia,,,wrecking-ball,Wrecking Ball,3.5,57.1,TANK,2026-05-16 15:18:25.728179+00:00,2026_05_16
18,2025-08-29 14:38:58.392165422,https://overwatch.blizzard.com/en-us/rates/data/?map=all-maps&role=All&rq=1&input=Console&region=Asia&tier=Platinum,"{'map': 'all-maps', 'role': 'All', 'rq': '1', 'input': 'Console', 'region': 'Asia', 'tier': 'Platinum'}",All,,Asia,,,wuyang,Wuyang,29.8,54.6,SUPPORT,2026-05-16 15:18:25.728179+00:00,2026_05_16
18,2025-08-29 14:38:58.392165422,https://overwatch.blizzard.com/en-us/rates/data/?map=all-maps&role=All&rq=1&input=Console&region=Asia&tier=Platinum,"{'map': 'all-maps', 'role': 'All', 'rq': '1', 'input': 'Console', 'region': 'Asia', 'tier': 'Platinum'}",All,,Asia,,,zarya,Zarya,6.5,45.6,TANK,2026-05-16 15:18:25.728179+00:00,2026_05_16
18,2025-08-29 14:38:58.392165422,https://overwatch.blizzard.com/en-us/rates/data/?map=all-maps&role=All&rq=1&input=Console&region=Asia&tier=Platinum,"{'map': 'all-maps', 'role': 'All', 'rq': '1', 'input': 'Console', 'region': 'Asia', 'tier': 'Platinum'}",All,,Asia,,,zenyatta,Zenyatta,13.7,50.9,SUPPORT,2026-05-16 15:18:25.728179+00:00,2026_05_16
19,2025-08-29 14:38:58.699732542,https://overwatch.blizzard.com/en-us/rates/data/?map=all-maps&role=All&rq=1&input=Console&region=Asia&tier=Diamond,"{'map': 'all-maps', 'role': 'All', 'rq': '1', 'input': 'Console', 'region': 'Asia', 'tier': 'Diamond'}",All,,Asia,,,ana,Ana,41.3,48.6,SUPPORT,2026-05-16 15:18:25.728179+00:00,2026_05_16
19,2025-08-29 14:38:58.699732542,https://overwatch.blizzard.com/en-us/rates/data/?map=all-maps&role=All&rq=1&input=Console&region=Asia&tier=Diamond,"{'map': 'all-maps', 'role': 'All', 'rq': '1', 'input': 'Console', 'region': 'Asia', 'tier': 'Diamond'}",All,,Asia,,,ashe,Ashe,13.9,56.3,DAMAGE,2026-05-16 15:18:25.728179+00:00,2026_05_16
19,2025-08-29 14:38:58.699732542,https://overwatch.blizzard.com/en-us/rates/data/?map=all-maps&role=All&rq=1&input=Console&region=Asia&tier=Diamond,"{'map': 'all-maps', 'role': 'All', 'rq': '1', 'input': 'Console', 'region': 'Asia', 'tier': 'Diamond'}",All,,Asia,,,baptiste,Baptiste,27.3,47.0,SUPPORT,2026-05-16 15:18:25.728179+00:00,2026_05_16
19,2025-08-29 14:38:58.699732542,https://overwatch.blizzard.com/en-us/rates/data/?map=all-maps&role=All&rq=1&input=Console&region=Asia&tier=Diamond,"{'map': 'all-maps', 'role': 'All', 'rq': '1', 'input': 'Console', 'region': 'Asia', 'tier': 'Diamond'}",All,,Asia,,,bastion,Bastion,3.8,54.4,DAMAGE,2026-05-16 15:18:25.728179+00:00,2026_05_16
19,2025-08-29 14:38:58.699732542,https://overwatch.blizzard.com/en-us/rates/data/?map=all-maps&role=All&rq=1&input=Console&region=Asia&tier=Diamond,"{'map': 'all-maps', 'role': 'All', 'rq': '1', 'input': 'Console', 'region': 'Asia', 'tier': 'Diamond'}",All,,Asia,,,brigitte,Brigitte,11.4,43.8,SUPPORT,2026-05-16 15:18:25.728179+00:00,2026_05_16
19,2025-08-29 14:38:58.699732542,https://overwatch.blizzard.com/en-us/rates/data/?map=all-maps&role=All&rq=1&input=Console&region=Asia&tier=Diamond,"{'map': 'all-maps', 'role': 'All', 'rq': '1', 'input': 'Console', 'region': 'Asia', 'tier': 'Diamond'}",All,,Asia,,,cassidy,Cassidy,35.1,47.3,DAMAGE,2026-05-16 15:18:25.728179+00:00,2026_05_16
19,2025-08-29 14:38:58.699732542,https://overwatch.blizzard.com/en-us/rates/data/?map=all-maps&role=All&rq=1&input=Console&region=Asia&tier=Diamond,"{'map': 'all-maps', 'role': 'All', 'rq': '1', 'input': 'Console', 'region': 'Asia', 'tier': 'Diamond'}",All,,Asia,,,dva,D.Va,13.8,54.3,TANK,2026-05-16 15:18:25.728179+00:00,2026_05_16
19,2025-08-29 14:38:58.699732542,https://overwatch.blizzard.com/en-us/rates/data/?map=all-maps&role=All&rq=1&input=Console&region=Asia&tier=Diamond,"{'map': 'all-maps', 'role': 'All', 'rq': '1', 'input': 'Console', 'region': 'Asia', 'tier': 'Diamond'}",All,,Asia,,,doomfist,Doomfist,11.5,46.8,TANK,2026-05-16 15:18:25.728179+00:00,2026_05_16
19,2025-08-29 14:38:58.699732542,https://overwatch.blizzard.com/en-us/rates/data/?map=all-maps&role=All&rq=1&input=Console&region=Asia&tier=Diamond,"{'map': 'all-maps', 'role': 'All', 'rq': '1', 'input': 'Console', 'region': 'Asia', 'tier': 'Diamond'}",All,,Asia,,,echo,Echo,2.9,50.0,DAMAGE,2026-05-16 15:18:25.728179+00:00,2026_05_16
19,2025-08-29 14:38:58.699732542,https://overwatch.blizzard.com/en-us/rates/data/?map=all-maps&role=All&rq=1&input=Console&region=Asia&tier=Diamond,"{'map': 'all-maps', 'role': 'All', 'rq': '1', 'input': 'Console', 'region': 'Asia', 'tier': 'Diamond'}",All,,Asia,,,freja,Freja,4.1,44.3,DAMAGE,2026-05-16 15:18:25.728179+00:00,2026_05_16
19,2025-08-29 14:38:58.699732542,https://overwatch.blizzard.com/en-us/rates/data/?map=all-maps&role=All&rq=1&input=Console&region=Asia&tier=Diamond,"{'map': 'all-maps', 'role': 'All', 'rq': '1', 'input': 'Console', 'region': 'Asia', 'tier': 'Diamond'}",All,,Asia,,,genji,Genji,17.4,49.5,DAMAGE,2026-05-16 15:18:25.728179+00:00,2026_05_16
19,2025-08-29 14:38:58.699732542,https://overwatch.blizzard.com/en-us/rates/data/?map=all-maps&role=All&rq=1&input=Console&region=Asia&tier=Diamond,"{'map': 'all-maps', 'role': 'All', 'rq': '1', 'input': 'Console', 'region': 'Asia', 'tier': 'Diamond'}",All,,Asia,,,hanzo,Hanzo,8.8,48.1,DAMAGE,2026-05-16 15:18:25.728179+00:00,2026_05_16
19,2025-08-29 14:38:58.699732542,https://overwatch.blizzard.com/en-us/rates/data/?map=all-maps&role=All&rq=1&input=Console&region=Asia&tier=Diamond,"{'map': 'all-maps', 'role': 'All', 'rq': '1', 'input': 'Console', 'region': 'Asia', 'tier': 'Diamond'}",All,,Asia,,,hazard,Hazard,9.2,53.5,TANK,2026-05-16 15:18:25.728179+00:00,2026_05_16
19,2025-08-29 14:38:58.699732542,https://overwatch.blizzard.com/en-us/rates/data/?map=all-maps&role=All&rq=1&input=Console&region=Asia&tier=Diamond,"{'map': 'all-maps', 'role': 'All', 'rq': '1', 'input': 'Console', 'region': 'Asia', 'tier': 'Diamond'}",All,,Asia,,,illari,Illari,12.0,56.5,SUPPORT,2026-05-16 15:18:25.728179+00:00,2026_05_16
19,2025-08-29 14:38:58.699732542,https://overwatch.blizzard.com/en-us/rates/data/?map=all-maps&role=All&rq=1&input=Console&region=Asia&tier=Diamond,"{'map': 'all-maps', 'role': 'All', 'rq': '1', 'input': 'Console', 'region': 'Asia', 'tier': 'Diamond'}",All,,Asia,,,junker-queen,Junker Queen,8.0,56.8,TANK,2026-05-16 15:18:25.728179+00:00,2026_05_16
19,2025-08-29 14:38:58.699732542,https://overwatch.blizzard.com/en-us/rates/data/?map=all-maps&role=All&rq=1&input=Console&region=Asia&tier=Diamond,"{'map': 'all-maps', 'role': 'All', 'rq': '1', 'input': 'Console', 'region': 'Asia', 'tier': 'Diamond'}",All,,Asia,,,junkrat,Junkrat,2.8,41.6,DAMAGE,2026-05-16 15:18:25.728179+00:00,2026_05_16
19,2025-08-29 14:38:58.699732542,https://overwatch.blizzard.com/en-us/rates/data/?map=all-maps&role=All&rq=1&input=Console&region=Asia&tier=Diamond,"{'map': 'all-maps', 'role': 'All', 'rq': '1', 'input': 'Console', 'region': 'Asia', 'tier': 'Diamond'}",All,,Asia,,,juno,Juno,9.3,50.9,SUPPORT,2026-05-16 15:18:25.728179+00:00,2026_05_16
19,2025-08-29 14:38:58.699732542,https://overwatch.blizzard.com/en-us/rates/data/?map=all-maps&role=All&rq=1&input=Console&region=Asia&tier=Diamond,"{'map': 'all-maps', 'role': 'All', 'rq': '1', 'input': 'Console', 'region': 'Asia', 'tier': 'Diamond'}",All,,Asia,,,kiriko,Kiriko,29.1,46.9,SUPPORT,2026-05-16 15:18:25.728179+00:00,2026_05_16
19,2025-08-29 14:38:58.699732542,https://overwatch.blizzard.com/en-us/rates/data/?map=all-maps&role=All&rq=1&input=Console&region=Asia&tier=Diamond,"{'map': 'all-maps', 'role': 'All', 'rq': '1', 'input': 'Console', 'region': 'Asia', 'tier': 'Diamond'}",All,,Asia,,,lifeweaver,Lifeweaver,3.3,42.5,SUPPORT,2026-05-16 15:18:25.728179+00:00,2026_05_16
19,2025-08-29 14:38:58.699732542,https://overwatch.blizzard.com/en-us/rates/data/?map=all-maps&role=All&rq=1&input=Console&region=Asia&tier=Diamond,"{'map': 'all-maps', 'role': 'All', 'rq': '1', 'input': 'Console', 'region': 'Asia', 'tier': 'Diamond'}",All,,Asia,,,lucio,Lúcio,13.0,56.8,SUPPORT,2026-05-16 15:18:25.728179+00:00,2026_05_16
19,2025-08-29 14:38:58.699732542,https://overwatch.blizzard.com/en-us/rates/data/?map=all-maps&role=All&rq=1&input=Console&region=Asia&tier=Diamond,"{'map': 'all-maps', 'role': 'All', 'rq': '1', 'input': 'Console', 'region': 'Asia', 'tier': 'Diamond'}",All,,Asia,,,mauga,Mauga,4.5,46.2,TANK,2026-05-16 15:18:25.728179+00:00,2026_05_16
19,2025-08-29 14:38:58.699732542,https://overwatch.blizzard.com/en-us/rates/data/?map=all-maps&role=All&rq=1&input=Console&region=Asia&tier=Diamond,"{'map': 'all-maps', 'role': 'All', 'rq': '1', 'input': 'Console', 'region': 'Asia', 'tier': 'Diamond'}",All,,Asia,,,mei,Mei,6.1,50.9,DAMAGE,2026-05-16 15:18:25.728179+00:00,2026_05_16
19,2025-08-29 14:38:58.699732542,https://overwatch.blizzard.com/en-us/rates/data/?map=all-maps&role=All&rq=1&input=Console&region=Asia&tier=Diamond,"{'map': 'all-maps', 'role': 'All', 'rq': '1', 'input': 'Console', 'region': 'Asia', 'tier': 'Diamond'}",All,,Asia,,,mercy,Mercy,5.4,49.8,SUPPORT,2026-05-16 15:18:25.728179+00:00,2026_05_16
19,2025-08-29 14:38:58.699732542,https://overwatch.blizzard.com/en-us/rates/data/?map=all-maps&role=All&rq=1&input=Console&region=Asia&tier=Diamond,"{'map': 'all-maps', 'role': 'All', 'rq': '1', 'input': 'Console', 'region': 'Asia', 'tier': 'Diamond'}",All,,Asia,,,moira,Moira,14.2,45.6,SUPPORT,2026-05-16 15:18:25.728179+00:00,2026_05_16
19,2025-08-29 14:38:58.699732542,https://overwatch.blizzard.com/en-us/rates/data/?map=all-maps&role=All&rq=1&input=Console&region=Asia&tier=Diamond,"{'map': 'all-maps', 'role': 'All', 'rq': '1', 'input': 'Console', 'region': 'Asia', 'tier': 'Diamond'}",All,,Asia,,,orisa,Orisa,11.9,52.4,TANK,2026-05-16 15:18:25.728179+00:00,2026_05_16
19,2025-08-29 14:38:58.699732542,https://overwatch.blizzard.com/en-us/rates/data/?map=all-maps&role=All&rq=1&input=Console&region=Asia&tier=Diamond,"{'map': 'all-maps', 'role': 'All', 'rq': '1', 'input': 'Console', 'region': 'Asia', 'tier': 'Diamond'}",All,,Asia,,,pharah,Pharah,3.7,48.2,DAMAGE,2026-05-16 15:18:25.728179+00:00,2026_05_16
19,2025-08-29 14:38:58.699732542,https://overwatch.blizzard.com/en-us/rates/data/?map=all-maps&role=All&rq=1&input=Console&region=Asia&tier=Diamond,"{'map': 'all-maps', 'role': 'All', 'rq': '1', 'input': 'Console', 'region': 'Asia', 'tier': 'Diamond'}",All,,Asia,,,ramattra,Ramattra,4.0,42.1,TANK,2026-05-16 15:18:25.728179+00:00,2026_05_16
19,2025-08-29 14:38:58.699732542,https://overwatch.blizzard.com/en-us/rates/data/?map=all-maps&role=All&rq=1&input=Console&region=Asia&tier=Diamond,"{'map': 'all-maps', 'role': 'All', 'rq': '1', 'input': 'Console', 'region': 'Asia', 'tier': 'Diamond'}",All,,Asia,,,reaper,Reaper,9.0,48.9,DAMAGE,2026-05-16 15:18:25.728179+00:00,2026_05_16
19,2025-08-29 14:38:58.699732542,https://overwatch.blizzard.com/en-us/rates/data/?map=all-maps&role=All&rq=1&input=Console&region=Asia&tier=Diamond,"{'map': 'all-maps', 'role': 'All', 'rq': '1', 'input': 'Console', 'region': 'Asia', 'tier': 'Diamond'}",All,,Asia,,,reinhardt,Reinhardt,5.9,49.1,TANK,2026-05-16 15:18:25.728179+00:00,2026_05_16
19,2025-08-29 14:38:58.699732542,https://overwatch.blizzard.com/en-us/rates/data/?map=all-maps&role=All&rq=1&input=Console&region=Asia&tier=Diamond,"{'map': 'all-maps', 'role': 'All', 'rq': '1', 'input': 'Console', 'region': 'Asia', 'tier': 'Diamond'}",All,,Asia,,,roadhog,Roadhog,2.1,22.9,TANK,2026-05-16 15:18:25.728179+00:00,2026_05_16
19,2025-08-29 14:38:58.699732542,https://overwatch.blizzard.com/en-us/rates/data/?map=all-maps&role=All&rq=1&input=Console&region=Asia&tier=Diamond,"{'map': 'all-maps', 'role': 'All', 'rq': '1', 'input': 'Console', 'region': 'Asia', 'tier': 'Diamond'}",All,,Asia,,,sigma,Sigma,11.8,47.0,TANK,2026-05-16 15:18:25.728179+00:00,2026_05_16
19,2025-08-29 14:38:58.699732542,https://overwatch.blizzard.com/en-us/rates/data/?map=all-maps&role=All&rq=1&input=Console&region=Asia&tier=Diamond,"{'map': 'all-maps', 'role': 'All', 'rq': '1', 'input': 'Console', 'region': 'Asia', 'tier': 'Diamond'}",All,,Asia,,,sojourn,Sojourn,27.0,42.3,DAMAGE,2026-05-16 15:18:25.728179+00:00,2026_05_16
19,2025-08-29 14:38:58.699732542,https://overwatch.blizzard.com/en-us/rates/data/?map=all-maps&role=All&rq=1&input=Console&region=Asia&tier=Diamond,"{'map': 'all-maps', 'role': 'All', 'rq': '1', 'input': 'Console', 'region': 'Asia', 'tier': 'Diamond'}",All,,Asia,,,soldier-76,Soldier: 76,17.3,51.2,DAMAGE,2026-05-16 15:18:25.728179+00:00,2026_05_16
19,2025-08-29 14:38:58.699732542,https://overwatch.blizzard.com/en-us/rates/data/?map=all-maps&role=All&rq=1&input=Console&region=Asia&tier=Diamond,"{'map': 'all-maps', 'role': 'All', 'rq': '1', 'input': 'Console', 'region': 'Asia', 'tier': 'Diamond'}",All,,Asia,,,sombra,Sombra,5.5,52.3,DAMAGE,2026-05-16 15:18:25.728179+00:00,2026_05_16
19,2025-08-29 14:38:58.699732542,https://overwatch.blizzard.com/en-us/rates/data/?map=all-maps&role=All&rq=1&input=Console&region=Asia&tier=Diamond,"{'map': 'all-maps', 'role': 'All', 'rq': '1', 'input': 'Console', 'region': 'Asia', 'tier': 'Diamond'}",All,,Asia,,,symmetra,Symmetra,5.5,60.2,DAMAGE,2026-05-16 15:18:25.728179+00:00,2026_05_16
19,2025-08-29 14:38:58.699732542,https://overwatch.blizzard.com/en-us/rates/data/?map=all-maps&role=All&rq=1&input=Console&region=Asia&tier=Diamond,"{'map': 'all-maps', 'role': 'All', 'rq': '1', 'input': 'Console', 'region': 'Asia', 'tier': 'Diamond'}",All,,Asia,,,torbjorn,Torbjörn,6.9,50.9,DAMAGE,2026-05-16 15:18:25.728179+00:00,2026_05_16
19,2025-08-29 14:38:58.699732542,https://overwatch.blizzard.com/en-us/rates/data/?map=all-maps&role=All&rq=1&input=Console&region=Asia&tier=Diamond,"{'map': 'all-maps', 'role': 'All', 'rq': '1', 'input': 'Console', 'region': 'Asia', 'tier': 'Diamond'}",All,,Asia,,,tracer,Tracer,20.5,53.6,DAMAGE,2026-05-16 15:18:25.728179+00:00,2026_05_16
19,2025-08-29 14:38:58.699732542,https://overwatch.blizzard.com/en-us/rates/data/?map=all-maps&role=All&rq=1&input=Console&region=Asia&tier=Diamond,"{'map': 'all-maps', 'role': 'All', 'rq': '1', 'input': 'Console', 'region': 'Asia', 'tier': 'Diamond'}",All,,Asia,,,venture,Venture,5.9,51.8,DAMAGE,2026-05-16 15:18:25.728179+00:00,2026_05_16
19,2025-08-29 14:38:58.699732542,https://overwatch.blizzard.com/en-us/rates/data/?map=all-maps&role=All&rq=1&input=Console&region=Asia&tier=Diamond,"{'map': 'all-maps', 'role': 'All', 'rq': '1', 'input': 'Console', 'region': 'Asia', 'tier': 'Diamond'}",All,,Asia,,,widowmaker,Widowmaker,3.8,48.3,DAMAGE,2026-05-16 15:18:25.728179+00:00,2026_05_16
19,2025-08-29 14:38:58.699732542,https://overwatch.blizzard.com/en-us/rates/data/?map=all-maps&role=All&rq=1&input=Console&region=Asia&tier=Diamond,"{'map': 'all-maps', 'role': 'All', 'rq': '1', 'input': 'Console', 'region': 'Asia', 'tier': 'Diamond'}",All,,Asia,,,winston,Winston,6.2,45.5,TANK,2026-05-16 15:18:25.728179+00:00,2026_05_16
19,2025-08-29 14:38:58.699732542,https://overwatch.blizzard.com/en-us/rates/data/?map=all-maps&role=All&rq=1&input=Console&region=Asia&tier=Diamond,"{'map': 'all-maps', 'role': 'All', 'rq': '1', 'input': 'Console', 'region': 'Asia', 'tier': 'Diamond'}",All,,Asia,,,wrecking-ball,Wrecking Ball,4.6,52.7,TANK,2026-05-16 15:18:25.728179+00:00,2026_05_16
19,2025-08-29 14:38:58.699732542,https://overwatch.blizzard.com/en-us/rates/data/?map=all-maps&role=All&rq=1&input=Console&region=Asia&tier=Diamond,"{'map': 'all-maps', 'role': 'All', 'rq': '1', 'input': 'Console', 'region': 'Asia', 'tier': 'Diamond'}",All,,Asia,,,wuyang,Wuyang,22.3,55.6,SUPPORT,2026-05-16 15:18:25.728179+00:00,2026_05_16
19,2025-08-29 14:38:58.699732542,https://overwatch.blizzard.com/en-us/rates/data/?map=all-maps&role=All&rq=1&input=Console&region=Asia&tier=Diamond,"{'map': 'all-maps', 'role': 'All', 'rq': '1', 'input': 'Console', 'region': 'Asia', 'tier': 'Diamond'}",All,,Asia,,,zarya,Zarya,6.4,52.0,TANK,2026-05-16 15:18:25.728179+00:00,2026_05_16
19,2025-08-29 14:38:58.699732542,https://overwatch.blizzard.com/en-us/rates/data/?map=all-maps&role=All&rq=1&input=Console&region=Asia&tier=Diamond,"{'map': 'all-maps', 'role': 'All', 'rq': '1', 'input': 'Console', 'region': 'Asia', 'tier': 'Diamond'}",All,,Asia,,,zenyatta,Zenyatta,11.5,49.1,SUPPORT,2026-05-16 15:18:25.728179+00:00,2026_05_16
20,2025-08-29 14:38:58.958441496,https://overwatch.blizzard.com/en-us/rates/data/?map=all-maps&role=All&rq=1&input=Console&region=Asia&tier=Master,"{'map': 'all-maps', 'role': 'All', 'rq': '1', 'input': 'Console', 'region': 'Asia', 'tier': 'Master'}",All,,Asia,,,ana,Ana,47.3,48.1,SUPPORT,2026-05-16 15:18:25.728179+00:00,2026_05_16
20,2025-08-29 14:38:58.958441496,https://overwatch.blizzard.com/en-us/rates/data/?map=all-maps&role=All&rq=1&input=Console&region=Asia&tier=Master,"{'map': 'all-maps', 'role': 'All', 'rq': '1', 'input': 'Console', 'region': 'Asia', 'tier': 'Master'}",All,,Asia,,,ashe,Ashe,16.7,56.8,DAMAGE,2026-05-16 15:18:25.728179+00:00,2026_05_16
20,2025-08-29 14:38:58.958441496,https://overwatch.blizzard.com/en-us/rates/data/?map=all-maps&role=All&rq=1&input=Console&region=Asia&tier=Master,"{'map': 'all-maps', 'role': 'All', 'rq': '1', 'input': 'Console', 'region': 'Asia', 'tier': 'Master'}",All,,Asia,,,baptiste,Baptiste,36.5,57.9,SUPPORT,2026-05-16 15:18:25.728179+00:00,2026_05_16
20,2025-08-29 14:38:58.958441496,https://overwatch.blizzard.com/en-us/rates/data/?map=all-maps&role=All&rq=1&input=Console&region=Asia&tier=Master,"{'map': 'all-maps', 'role': 'All', 'rq': '1', 'input': 'Console', 'region': 'Asia', 'tier': 'Master'}",All,,Asia,,,bastion,Bastion,4.9,33.6,DAMAGE,2026-05-16 15:18:25.728179+00:00,2026_05_16
20,2025-08-29 14:38:58.958441496,https://overwatch.blizzard.com/en-us/rates/data/?map=all-maps&role=All&rq=1&input=Console&region=Asia&tier=Master,"{'map': 'all-maps', 'role': 'All', 'rq': '1', 'input': 'Console', 'region': 'Asia', 'tier': 'Master'}",All,,Asia,,,brigitte,Brigitte,16.7,48.3,SUPPORT,2026-05-16 15:18:25.728179+00:00,2026_05_16
20,2025-08-29 14:38:58.958441496,https://overwatch.blizzard.com/en-us/rates/data/?map=all-maps&role=All&rq=1&input=Console&region=Asia&tier=Master,"{'map': 'all-maps', 'role': 'All', 'rq': '1', 'input': 'Console', 'region': 'Asia', 'tier': 'Master'}",All,,Asia,,,cassidy,Cassidy,25.6,60.3,DAMAGE,2026-05-16 15:18:25.728179+00:00,2026_05_16
20,2025-08-29 14:38:58.958441496,https://overwatch.blizzard.com/en-us/rates/data/?map=all-maps&role=All&rq=1&input=Console&region=Asia&tier=Master,"{'map': 'all-maps', 'role': 'All', 'rq': '1', 'input': 'Console', 'region': 'Asia', 'tier': 'Master'}",All,,Asia,,,dva,D.Va,14.2,64.8,TANK,2026-05-16 15:18:25.728179+00:00,2026_05_16
20,2025-08-29 14:38:58.958441496,https://overwatch.blizzard.com/en-us/rates/data/?map=all-maps&role=All&rq=1&input=Console&region=Asia&tier=Master,"{'map': 'all-maps', 'role': 'All', 'rq': '1', 'input': 'Console', 'region': 'Asia', 'tier': 'Master'}",All,,Asia,,,doomfist,Doomfist,14.5,45.9,TANK,2026-05-16 15:18:25.728179+00:00,2026_05_16
20,2025-08-29 14:38:58.958441496,https://overwatch.blizzard.com/en-us/rates/data/?map=all-maps&role=All&rq=1&input=Console&region=Asia&tier=Master,"{'map': 'all-maps', 'role': 'All', 'rq': '1', 'input': 'Console', 'region': 'Asia', 'tier': 'Master'}",All,,Asia,,,echo,Echo,5.6,43.5,DAMAGE,2026-05-16 15:18:25.728179+00:00,2026_05_16
20,2025-08-29 14:38:58.958441496,https://overwatch.blizzard.com/en-us/rates/data/?map=all-maps&role=All&rq=1&input=Console&region=Asia&tier=Master,"{'map': 'all-maps', 'role': 'All', 'rq': '1', 'input': 'Console', 'region': 'Asia', 'tier': 'Master'}",All,,Asia,,,freja,Freja,6.8,18.0,DAMAGE,2026-05-16 15:18:25.728179+00:00,2026_05_16
20,2025-08-29 14:38:58.958441496,https://overwatch.blizzard.com/en-us/rates/data/?map=all-maps&role=All&rq=1&input=Console&region=Asia&tier=Master,"{'map': 'all-maps', 'role': 'All', 'rq': '1', 'input': 'Console', 'region': 'Asia', 'tier': 'Master'}",All,,Asia,,,genji,Genji,16.7,31.7,DAMAGE,2026-05-16 15:18:25.728179+00:00,2026_05_16
20,2025-08-29 14:38:58.958441496,https://overwatch.blizzard.com/en-us/rates/data/?map=all-maps&role=All&rq=1&input=Console&region=Asia&tier=Master,"{'map': 'all-maps', 'role': 'All', 'rq': '1', 'input': 'Console', 'region': 'Asia', 'tier': 'Master'}",All,,Asia,,,hanzo,Hanzo,18.4,39.1,DAMAGE,2026-05-16 15:18:25.728179+00:00,2026_05_16
20,2025-08-29 14:38:58.958441496,https://overwatch.blizzard.com/en-us/rates/data/?map=all-maps&role=All&rq=1&input=Console&region=Asia&tier=Master,"{'map': 'all-maps', 'role': 'All', 'rq': '1', 'input': 'Console', 'region': 'Asia', 'tier': 'Master'}",All,,Asia,,,hazard,Hazard,18.7,62.6,TANK,2026-05-16 15:18:25.728179+00:00,2026_05_16
20,2025-08-29 14:38:58.958441496,https://overwatch.blizzard.com/en-us/rates/data/?map=all-maps&role=All&rq=1&input=Console&region=Asia&tier=Master,"{'map': 'all-maps', 'role': 'All', 'rq': '1', 'input': 'Console', 'region': 'Asia', 'tier': 'Master'}",All,,Asia,,,illari,Illari,19.1,59.7,SUPPORT,2026-05-16 15:18:25.728179+00:00,2026_05_16
20,2025-08-29 14:38:58.958441496,https://overwatch.blizzard.com/en-us/rates/data/?map=all-maps&role=All&rq=1&input=Console&region=Asia&tier=Master,"{'map': 'all-maps', 'role': 'All', 'rq': '1', 'input': 'Console', 'region': 'Asia', 'tier': 'Master'}",All,,Asia,,,junker-queen,Junker Queen,5.0,14.8,TANK,2026-05-16 15:18:25.728179+00:00,2026_05_16
20,2025-08-29 14:38:58.958441496,https://overwatch.blizzard.com/en-us/rates/data/?map=all-maps&role=All&rq=1&input=Console&region=Asia&tier=Master,"{'map': 'all-maps', 'role': 'All', 'rq': '1', 'input': 'Console', 'region': 'Asia', 'tier': 'Master'}",All,,Asia,,,junkrat,Junkrat,1.9,0.0,DAMAGE,2026-05-16 15:18:25.728179+00:00,2026_05_16
20,2025-08-29 14:38:58.958441496,https://overwatch.blizzard.com/en-us/rates/data/?map=all-maps&role=All&rq=1&input=Console&region=Asia&tier=Master,"{'map': 'all-maps', 'role': 'All', 'rq': '1', 'input': 'Console', 'region': 'Asia', 'tier': 'Master'}",All,,Asia,,,juno,Juno,6.9,14.7,SUPPORT,2026-05-16 15:18:25.728179+00:00,2026_05_16
20,2025-08-29 14:38:58.958441496,https://overwatch.blizzard.com/en-us/rates/data/?map=all-maps&role=All&rq=1&input=Console&region=Asia&tier=Master,"{'map': 'all-maps', 'role': 'All', 'rq': '1', 'input': 'Console', 'region': 'Asia', 'tier': 'Master'}",All,,Asia,,,kiriko,Kiriko,28.8,43.6,SUPPORT,2026-05-16 15:18:25.728179+00:00,2026_05_16
20,2025-08-29 14:38:58.958441496,https://overwatch.blizzard.com/en-us/rates/data/?map=all-maps&role=All&rq=1&input=Console&region=Asia&tier=Master,"{'map': 'all-maps', 'role': 'All', 'rq': '1', 'input': 'Console', 'region': 'Asia', 'tier': 'Master'}",All,,Asia,,,lifeweaver,Lifeweaver,6.2,36.7,SUPPORT,2026-05-16 15:18:25.728179+00:00,2026_05_16
20,2025-08-29 14:38:58.958441496,https://overwatch.blizzard.com/en-us/rates/data/?map=all-maps&role=All&rq=1&input=Console&region=Asia&tier=Master,"{'map': 'all-maps', 'role': 'All', 'rq': '1', 'input': 'Console', 'region': 'Asia', 'tier': 'Master'}",All,,Asia,,,lucio,Lúcio,10.5,46.7,SUPPORT,2026-05-16 15:18:25.728179+00:00,2026_05_16
20,2025-08-29 14:38:58.958441496,https://overwatch.blizzard.com/en-us/rates/data/?map=all-maps&role=All&rq=1&input=Console&region=Asia&tier=Master,"{'map': 'all-maps', 'role': 'All', 'rq': '1', 'input': 'Console', 'region': 'Asia', 'tier': 'Master'}",All,,Asia,,,mauga,Mauga,7.4,61.2,TANK,2026-05-16 15:18:25.728179+00:00,2026_05_16
20,2025-08-29 14:38:58.958441496,https://overwatch.blizzard.com/en-us/rates/data/?map=all-maps&role=All&rq=1&input=Console&region=Asia&tier=Master,"{'map': 'all-maps', 'role': 'All', 'rq': '1', 'input': 'Console', 'region': 'Asia', 'tier': 'Master'}",All,,Asia,,,mei,Mei,15.0,69.7,DAMAGE,2026-05-16 15:18:25.728179+00:00,2026_05_16
20,2025-08-29 14:38:58.958441496,https://overwatch.blizzard.com/en-us/rates/data/?map=all-maps&role=All&rq=1&input=Console&region=Asia&tier=Master,"{'map': 'all-maps', 'role': 'All', 'rq': '1', 'input': 'Console', 'region': 'Asia', 'tier': 'Master'}",All,,Asia,,,mercy,Mercy,11.2,44.2,SUPPORT,2026-05-16 15:18:25.728179+00:00,2026_05_16
20,2025-08-29 14:38:58.958441496,https://overwatch.blizzard.com/en-us/rates/data/?map=all-maps&role=All&rq=1&input=Console&region=Asia&tier=Master,"{'map': 'all-maps', 'role': 'All', 'rq': '1', 'input': 'Console', 'region': 'Asia', 'tier': 'Master'}",All,,Asia,,,moira,Moira,13.2,46.5,SUPPORT,2026-05-16 15:18:25.728179+00:00,2026_05_16
20,2025-08-29 14:38:58.958441496,https://overwatch.blizzard.com/en-us/rates/data/?map=all-maps&role=All&rq=1&input=Console&region=Asia&tier=Master,"{'map': 'all-maps', 'role': 'All', 'rq': '1', 'input': 'Console', 'region': 'Asia', 'tier': 'Master'}",All,,Asia,,,orisa,Orisa,16.4,42.0,TANK,2026-05-16 15:18:25.728179+00:00,2026_05_16
20,2025-08-29 14:38:58.958441496,https://overwatch.blizzard.com/en-us/rates/data/?map=all-maps&role=All&rq=1&input=Console&region=Asia&tier=Master,"{'map': 'all-maps', 'role': 'All', 'rq': '1', 'input': 'Console', 'region': 'Asia', 'tier': 'Master'}",All,,Asia,,,pharah,Pharah,3.9,50.8,DAMAGE,2026-05-16 15:18:25.728179+00:00,2026_05_16
20,2025-08-29 14:38:58.958441496,https://overwatch.blizzard.com/en-us/rates/data/?map=all-maps&role=All&rq=1&input=Console&region=Asia&tier=Master,"{'map': 'all-maps', 'role': 'All', 'rq': '1', 'input': 'Console', 'region': 'Asia', 'tier': 'Master'}",All,,Asia,,,ramattra,Ramattra,7.6,40.4,TANK,2026-05-16 15:18:25.728179+00:00,2026_05_16
20,2025-08-29 14:38:58.958441496,https://overwatch.blizzard.com/en-us/rates/data/?map=all-maps&role=All&rq=1&input=Console&region=Asia&tier=Master,"{'map': 'all-maps', 'role': 'All', 'rq': '1', 'input': 'Console', 'region': 'Asia', 'tier': 'Master'}",All,,Asia,,,reaper,Reaper,8.5,70.4,DAMAGE,2026-05-16 15:18:25.728179+00:00,2026_05_16
20,2025-08-29 14:38:58.958441496,https://overwatch.blizzard.com/en-us/rates/data/?map=all-maps&role=All&rq=1&input=Console&region=Asia&tier=Master,"{'map': 'all-maps', 'role': 'All', 'rq': '1', 'input': 'Console', 'region': 'Asia', 'tier': 'Master'}",All,,Asia,,,reinhardt,Reinhardt,9.9,53.0,TANK,2026-05-16 15:18:25.728179+00:00,2026_05_16
20,2025-08-29 14:38:58.958441496,https://overwatch.blizzard.com/en-us/rates/data/?map=all-maps&role=All&rq=1&input=Console&region=Asia&tier=Master,"{'map': 'all-maps', 'role': 'All', 'rq': '1', 'input': 'Console', 'region': 'Asia', 'tier': 'Master'}",All,,Asia,,,roadhog,Roadhog,4.7,54.8,TANK,2026-05-16 15:18:25.728179+00:00,2026_05_16
20,2025-08-29 14:38:58.958441496,https://overwatch.blizzard.com/en-us/rates/data/?map=all-maps&role=All&rq=1&input=Console&region=Asia&tier=Master,"{'map': 'all-maps', 'role': 'All', 'rq': '1', 'input': 'Console', 'region': 'Asia', 'tier': 'Master'}",All,,Asia,,,sigma,Sigma,21.2,47.5,TANK,2026-05-16 15:18:25.728179+00:00,2026_05_16
20,2025-08-29 14:38:58.958441496,https://overwatch.blizzard.com/en-us/rates/data/?map=all-maps&role=All&rq=1&input=Console&region=Asia&tier=Master,"{'map': 'all-maps', 'role': 'All', 'rq': '1', 'input': 'Console', 'region': 'Asia', 'tier': 'Master'}",All,,Asia,,,sojourn,Sojourn,24.7,43.4,DAMAGE,2026-05-16 15:18:25.728179+00:00,2026_05_16
20,2025-08-29 14:38:58.958441496,https://overwatch.blizzard.com/en-us/rates/data/?map=all-maps&role=All&rq=1&input=Console&region=Asia&tier=Master,"{'map': 'all-maps', 'role': 'All', 'rq': '1', 'input': 'Console', 'region': 'Asia', 'tier': 'Master'}",All,,Asia,,,soldier-76,Soldier: 76,16.7,56.5,DAMAGE,2026-05-16 15:18:25.728179+00:00,2026_05_16
20,2025-08-29 14:38:58.958441496,https://overwatch.blizzard.com/en-us/rates/data/?map=all-maps&role=All&rq=1&input=Console&region=Asia&tier=Master,"{'map': 'all-maps', 'role': 'All', 'rq': '1', 'input': 'Console', 'region': 'Asia', 'tier': 'Master'}",All,,Asia,,,sombra,Sombra,10.0,39.4,DAMAGE,2026-05-16 15:18:25.728179+00:00,2026_05_16
20,2025-08-29 14:38:58.958441496,https://overwatch.blizzard.com/en-us/rates/data/?map=all-maps&role=All&rq=1&input=Console&region=Asia&tier=Master,"{'map': 'all-maps', 'role': 'All', 'rq': '1', 'input': 'Console', 'region': 'Asia', 'tier': 'Master'}",All,,Asia,,,symmetra,Symmetra,3.8,51.1,DAMAGE,2026-05-16 15:18:25.728179+00:00,2026_05_16
20,2025-08-29 14:38:58.958441496,https://overwatch.blizzard.com/en-us/rates/data/?map=all-maps&role=All&rq=1&input=Console&region=Asia&tier=Master,"{'map': 'all-maps', 'role': 'All', 'rq': '1', 'input': 'Console', 'region': 'Asia', 'tier': 'Master'}",All,,Asia,,,torbjorn,Torbjörn,6.8,48.5,DAMAGE,2026-05-16 15:18:25.728179+00:00,2026_05_16
20,2025-08-29 14:38:58.958441496,https://overwatch.blizzard.com/en-us/rates/data/?map=all-maps&role=All&rq=1&input=Console&region=Asia&tier=Master,"{'map': 'all-maps', 'role': 'All', 'rq': '1', 'input': 'Console', 'region': 'Asia', 'tier': 'Master'}",All,,Asia,,,tracer,Tracer,46.0,60.0,DAMAGE,2026-05-16 15:18:25.728179+00:00,2026_05_16
20,2025-08-29 14:38:58.958441496,https://overwatch.blizzard.com/en-us/rates/data/?map=all-maps&role=All&rq=1&input=Console&region=Asia&tier=Master,"{'map': 'all-maps', 'role': 'All', 'rq': '1', 'input': 'Console', 'region': 'Asia', 'tier': 'Master'}",All,,Asia,,,venture,Venture,7.8,41.1,DAMAGE,2026-05-16 15:18:25.728179+00:00,2026_05_16
20,2025-08-29 14:38:58.958441496,https://overwatch.blizzard.com/en-us/rates/data/?map=all-maps&role=All&rq=1&input=Console&region=Asia&tier=Master,"{'map': 'all-maps', 'role': 'All', 'rq': '1', 'input': 'Console', 'region': 'Asia', 'tier': 'Master'}",All,,Asia,,,widowmaker,Widowmaker,9.1,54.8,DAMAGE,2026-05-16 15:18:25.728179+00:00,2026_05_16
20,2025-08-29 14:38:58.958441496,https://overwatch.blizzard.com/en-us/rates/data/?map=all-maps&role=All&rq=1&input=Console&region=Asia&tier=Master,"{'map': 'all-maps', 'role': 'All', 'rq': '1', 'input': 'Console', 'region': 'Asia', 'tier': 'Master'}",All,,Asia,,,winston,Winston,9.4,45.9,TANK,2026-05-16 15:18:25.728179+00:00,2026_05_16
20,2025-08-29 14:38:58.958441496,https://overwatch.blizzard.com/en-us/rates/data/?map=all-maps&role=All&rq=1&input=Console&region=Asia&tier=Master,"{'map': 'all-maps', 'role': 'All', 'rq': '1', 'input': 'Console', 'region': 'Asia', 'tier': 'Master'}",All,,Asia,,,wrecking-ball,Wrecking Ball,4.7,22.2,TANK,2026-05-16 15:18:25.728179+00:00,2026_05_16
20,2025-08-29 14:38:58.958441496,https://overwatch.blizzard.com/en-us/rates/data/?map=all-maps&role=All&rq=1&input=Console&region=Asia&tier=Master,"{'map': 'all-maps', 'role': 'All', 'rq': '1', 'input': 'Console', 'region': 'Asia', 'tier': 'Master'}",All,,Asia,,,wuyang,Wuyang,19.8,60.7,SUPPORT,2026-05-16 15:18:25.728179+00:00,2026_05_16
20,2025-08-29 14:38:58.958441496,https://overwatch.blizzard.com/en-us/rates/data/?map=all-maps&role=All&rq=1&input=Console&region=Asia&tier=Master,"{'map': 'all-maps', 'role': 'All', 'rq': '1', 'input': 'Console', 'region': 'Asia', 'tier': 'Master'}",All,,Asia,,,zarya,Zarya,6.4,40.3,TANK,2026-05-16 15:18:25.728179+00:00,2026_05_16
20,2025-08-29 14:38:58.958441496,https://overwatch.blizzard.com/en-us/rates/data/?map=all-maps&role=All&rq=1&input=Console&region=Asia&tier=Master,"{'map': 'all-maps', 'role': 'All', 'rq': '1', 'input': 'Console', 'region': 'Asia', 'tier': 'Master'}",All,,Asia,,,zenyatta,Zenyatta,10.7,39.8,SUPPORT,2026-05-16 15:18:25.728179+00:00,2026_05_16
21,2025-08-29 14:38:59.213867903,https://overwatch.blizzard.com/en-us/rates/data/?map=all-maps&role=All&rq=1&input=Console&region=Asia&tier=Grandmaster,"{'map': 'all-maps', 'role': 'All', 'rq': '1', 'input': 'Console', 'region': 'Asia', 'tier': 'Grandmaster'}",All,,Asia,,,ana,Ana,-1.0,-1.0,SUPPORT,2026-05-16 15:18:25.728179+00:00,2026_05_16
21,2025-08-29 14:38:59.213867903,https://overwatch.blizzard.com/en-us/rates/data/?map=all-maps&role=All&rq=1&input=Console&region=Asia&tier=Grandmaster,"{'map': 'all-maps', 'role': 'All', 'rq': '1', 'input': 'Console', 'region': 'Asia', 'tier': 'Grandmaster'}",All,,Asia,,,ashe,Ashe,-1.0,-1.0,DAMAGE,2026-05-16 15:18:25.728179+00:00,2026_05_16
21,2025-08-29 14:38:59.213867903,https://overwatch.blizzard.com/en-us/rates/data/?map=all-maps&role=All&rq=1&input=Console&region=Asia&tier=Grandmaster,"{'map': 'all-maps', 'role': 'All', 'rq': '1', 'input': 'Console', 'region': 'Asia', 'tier': 'Grandmaster'}",All,,Asia,,,baptiste,Baptiste,-1.0,-1.0,SUPPORT,2026-05-16 15:18:25.728179+00:00,2026_05_16
21,2025-08-29 14:38:59.213867903,https://overwatch.blizzard.com/en-us/rates/data/?map=all-maps&role=All&rq=1&input=Console&region=Asia&tier=Grandmaster,"{'map': 'all-maps', 'role': 'All', 'rq': '1', 'input': 'Console', 'region': 'Asia', 'tier': 'Grandmaster'}",All,,Asia,,,bastion,Bastion,-1.0,-1.0,DAMAGE,2026-05-16 15:18:25.728179+00:00,2026_05_16
21,2025-08-29 14:38:59.213867903,https://overwatch.blizzard.com/en-us/rates/data/?map=all-maps&role=All&rq=1&input=Console&region=Asia&tier=Grandmaster,"{'map': 'all-maps', 'role': 'All', 'rq': '1', 'input': 'Console', 'region': 'Asia', 'tier': 'Grandmaster'}",All,,Asia,,,brigitte,Brigitte,-1.0,-1.0,SUPPORT,2026-05-16 15:18:25.728179+00:00,2026_05_16
21,2025-08-29 14:38:59.213867903,https://overwatch.blizzard.com/en-us/rates/data/?map=all-maps&role=All&rq=1&input=Console&region=Asia&tier=Grandmaster,"{'map': 'all-maps', 'role': 'All', 'rq': '1', 'input': 'Console', 'region': 'Asia', 'tier': 'Grandmaster'}",All,,Asia,,,cassidy,Cassidy,-1.0,-1.0,DAMAGE,2026-05-16 15:18:25.728179+00:00,2026_05_16
21,2025-08-29 14:38:59.213867903,https://overwatch.blizzard.com/en-us/rates/data/?map=all-maps&role=All&rq=1&input=Console&region=Asia&tier=Grandmaster,"{'map': 'all-maps', 'role': 'All', 'rq': '1', 'input': 'Console', 'region': 'Asia', 'tier': 'Grandmaster'}",All,,Asia,,,dva,D.Va,-1.0,-1.0,TANK,2026-05-16 15:18:25.728179+00:00,2026_05_16
21,2025-08-29 14:38:59.213867903,https://overwatch.blizzard.com/en-us/rates/data/?map=all-maps&role=All&rq=1&input=Console&region=Asia&tier=Grandmaster,"{'map': 'all-maps', 'role': 'All', 'rq': '1', 'input': 'Console', 'region': 'Asia', 'tier': 'Grandmaster'}",All,,Asia,,,doomfist,Doomfist,-1.0,-1.0,TANK,2026-05-16 15:18:25.728179+00:00,2026_05_16
21,2025-08-29 14:38:59.213867903,https://overwatch.blizzard.com/en-us/rates/data/?map=all-maps&role=All&rq=1&input=Console&region=Asia&tier=Grandmaster,"{'map': 'all-maps', 'role': 'All', 'rq': '1', 'input': 'Console', 'region': 'Asia', 'tier': 'Grandmaster'}",All,,Asia,,,echo,Echo,-1.0,-1.0,DAMAGE,2026-05-16 15:18:25.728179+00:00,2026_05_16
21,2025-08-29 14:38:59.213867903,https://overwatch.blizzard.com/en-us/rates/data/?map=all-maps&role=All&rq=1&input=Console&region=Asia&tier=Grandmaster,"{'map': 'all-maps', 'role': 'All', 'rq': '1', 'input': 'Console', 'region': 'Asia', 'tier': 'Grandmaster'}",All,,Asia,,,freja,Freja,-1.0,-1.0,DAMAGE,2026-05-16 15:18:25.728179+00:00,2026_05_16
21,2025-08-29 14:38:59.213867903,https://overwatch.blizzard.com/en-us/rates/data/?map=all-maps&role=All&rq=1&input=Console&region=Asia&tier=Grandmaster,"{'map': 'all-maps', 'role': 'All', 'rq': '1', 'input': 'Console', 'region': 'Asia', 'tier': 'Grandmaster'}",All,,Asia,,,genji,Genji,-1.0,-1.0,DAMAGE,2026-05-16 15:18:25.728179+00:00,2026_05_16
21,2025-08-29 14:38:59.213867903,https://overwatch.blizzard.com/en-us/rates/data/?map=all-maps&role=All&rq=1&input=Console&region=Asia&tier=Grandmaster,"{'map': 'all-maps', 'role': 'All', 'rq': '1', 'input': 'Console', 'region': 'Asia', 'tier': 'Grandmaster'}",All,,Asia,,,hanzo,Hanzo,-1.0,-1.0,DAMAGE,2026-05-16 15:18:25.728179+00:00,2026_05_16
21,2025-08-29 14:38:59.213867903,https://overwatch.blizzard.com/en-us/rates/data/?map=all-maps&role=All&rq=1&input=Console&region=Asia&tier=Grandmaster,"{'map': 'all-maps', 'role': 'All', 'rq': '1', 'input': 'Console', 'region': 'Asia', 'tier': 'Grandmaster'}",All,,Asia,,,hazard,Hazard,-1.0,-1.0,TANK,2026-05-16 15:18:25.728179+00:00,2026_05_16
21,2025-08-29 14:38:59.213867903,https://overwatch.blizzard.com/en-us/rates/data/?map=all-maps&role=All&rq=1&input=Console&region=Asia&tier=Grandmaster,"{'map': 'all-maps', 'role': 'All', 'rq': '1', 'input': 'Console', 'region': 'Asia', 'tier': 'Grandmaster'}",All,,Asia,,,illari,Illari,-1.0,-1.0,SUPPORT,2026-05-16 15:18:25.728179+00:00,2026_05_16
21,2025-08-29 14:38:59.213867903,https://overwatch.blizzard.com/en-us/rates/data/?map=all-maps&role=All&rq=1&input=Console&region=Asia&tier=Grandmaster,"{'map': 'all-maps', 'role': 'All', 'rq': '1', 'input': 'Console', 'region': 'Asia', 'tier': 'Grandmaster'}",All,,Asia,,,junker-queen,Junker Queen,-1.0,-1.0,TANK,2026-05-16 15:18:25.728179+00:00,2026_05_16
21,2025-08-29 14:38:59.213867903,https://overwatch.blizzard.com/en-us/rates/data/?map=all-maps&role=All&rq=1&input=Console&region=Asia&tier=Grandmaster,"{'map': 'all-maps', 'role': 'All', 'rq': '1', 'input': 'Console', 'region': 'Asia', 'tier': 'Grandmaster'}",All,,Asia,,,junkrat,Junkrat,-1.0,-1.0,DAMAGE,2026-05-16 15:18:25.728179+00:00,2026_05_16
21,2025-08-29 14:38:59.213867903,https://overwatch.blizzard.com/en-us/rates/data/?map=all-maps&role=All&rq=1&input=Console&region=Asia&tier=Grandmaster,"{'map': 'all-maps', 'role': 'All', 'rq': '1', 'input': 'Console', 'region': 'Asia', 'tier': 'Grandmaster'}",All,,Asia,,,juno,Juno,-1.0,-1.0,SUPPORT,2026-05-16 15:18:25.728179+00:00,2026_05_16
21,2025-08-29 14:38:59.213867903,https://overwatch.blizzard.com/en-us/rates/data/?map=all-maps&role=All&rq=1&input=Console&region=Asia&tier=Grandmaster,"{'map': 'all-maps', 'role': 'All', 'rq': '1', 'input': 'Console', 'region': 'Asia', 'tier': 'Grandmaster'}",All,,Asia,,,kiriko,Kiriko,-1.0,-1.0,SUPPORT,2026-05-16 15:18:25.728179+00:00,2026_05_16
21,2025-08-29 14:38:59.213867903,https://overwatch.blizzard.com/en-us/rates/data/?map=all-maps&role=All&rq=1&input=Console&region=Asia&tier=Grandmaster,"{'map': 'all-maps', 'role': 'All', 'rq': '1', 'input': 'Console', 'region': 'Asia', 'tier': 'Grandmaster'}",All,,Asia,,,lifeweaver,Lifeweaver,-1.0,-1.0,SUPPORT,2026-05-16 15:18:25.728179+00:00,2026_05_16
21,2025-08-29 14:38:59.213867903,https://overwatch.blizzard.com/en-us/rates/data/?map=all-maps&role=All&rq=1&input=Console&region=Asia&tier=Grandmaster,"{'map': 'all-maps', 'role': 'All', 'rq': '1', 'input': 'Console', 'region': 'Asia', 'tier': 'Grandmaster'}",All,,Asia,,,lucio,Lúcio,-1.0,-1.0,SUPPORT,2026-05-16 15:18:25.728179+00:00,2026_05_16
21,2025-08-29 14:38:59.213867903,https://overwatch.blizzard.com/en-us/rates/data/?map=all-maps&role=All&rq=1&input=Console&region=Asia&tier=Grandmaster,"{'map': 'all-maps', 'role': 'All', 'rq': '1', 'input': 'Console', 'region': 'Asia', 'tier': 'Grandmaster'}",All,,Asia,,,mauga,Mauga,-1.0,-1.0,TANK,2026-05-16 15:18:25.728179+00:00,2026_05_16
21,2025-08-29 14:38:59.213867903,https://overwatch.blizzard.com/en-us/rates/data/?map=all-maps&role=All&rq=1&input=Console&region=Asia&tier=Grandmaster,"{'map': 'all-maps', 'role': 'All', 'rq': '1', 'input': 'Console', 'region': 'Asia', 'tier': 'Grandmaster'}",All,,Asia,,,mei,Mei,-1.0,-1.0,DAMAGE,2026-05-16 15:18:25.728179+00:00,2026_05_16
21,2025-08-29 14:38:59.213867903,https://overwatch.blizzard.com/en-us/rates/data/?map=all-maps&role=All&rq=1&input=Console&region=Asia&tier=Grandmaster,"{'map': 'all-maps', 'role': 'All', 'rq': '1', 'input': 'Console', 'region': 'Asia', 'tier': 'Grandmaster'}",All,,Asia,,,mercy,Mercy,-1.0,-1.0,SUPPORT,2026-05-16 15:18:25.728179+00:00,2026_05_16
21,2025-08-29 14:38:59.213867903,https://overwatch.blizzard.com/en-us/rates/data/?map=all-maps&role=All&rq=1&input=Console&region=Asia&tier=Grandmaster,"{'map': 'all-maps', 'role': 'All', 'rq': '1', 'input': 'Console', 'region': 'Asia', 'tier': 'Grandmaster'}",All,,Asia,,,moira,Moira,-1.0,-1.0,SUPPORT,2026-05-16 15:18:25.728179+00:00,2026_05_16
21,2025-08-29 14:38:59.213867903,https://overwatch.blizzard.com/en-us/rates/data/?map=all-maps&role=All&rq=1&input=Console&region=Asia&tier=Grandmaster,"{'map': 'all-maps', 'role': 'All', 'rq': '1', 'input': 'Console', 'region': 'Asia', 'tier': 'Grandmaster'}",All,,Asia,,,orisa,Orisa,-1.0,-1.0,TANK,2026-05-16 15:18:25.728179+00:00,2026_05_16
21,2025-08-29 14:38:59.213867903,https://overwatch.blizzard.com/en-us/rates/data/?map=all-maps&role=All&rq=1&input=Console&region=Asia&tier=Grandmaster,"{'map': 'all-maps', 'role': 'All', 'rq': '1', 'input': 'Console', 'region': 'Asia', 'tier': 'Grandmaster'}",All,,Asia,,,pharah,Pharah,-1.0,-1.0,DAMAGE,2026-05-16 15:18:25.728179+00:00,2026_05_16
21,2025-08-29 14:38:59.213867903,https://overwatch.blizzard.com/en-us/rates/data/?map=all-maps&role=All&rq=1&input=Console&region=Asia&tier=Grandmaster,"{'map': 'all-maps', 'role': 'All', 'rq': '1', 'input': 'Console', 'region': 'Asia', 'tier': 'Grandmaster'}",All,,Asia,,,ramattra,Ramattra,-1.0,-1.0,TANK,2026-05-16 15:18:25.728179+00:00,2026_05_16
21,2025-08-29 14:38:59.213867903,https://overwatch.blizzard.com/en-us/rates/data/?map=all-maps&role=All&rq=1&input=Console&region=Asia&tier=Grandmaster,"{'map': 'all-maps', 'role': 'All', 'rq': '1', 'input': 'Console', 'region': 'Asia', 'tier': 'Grandmaster'}",All,,Asia,,,reaper,Reaper,-1.0,-1.0,DAMAGE,2026-05-16 15:18:25.728179+00:00,2026_05_16
21,2025-08-29 14:38:59.213867903,https://overwatch.blizzard.com/en-us/rates/data/?map=all-maps&role=All&rq=1&input=Console&region=Asia&tier=Grandmaster,"{'map': 'all-maps', 'role': 'All', 'rq': '1', 'input': 'Console', 'region': 'Asia', 'tier': 'Grandmaster'}",All,,Asia,,,reinhardt,Reinhardt,-1.0,-1.0,TANK,2026-05-16 15:18:25.728179+00:00,2026_05_16
21,2025-08-29 14:38:59.213867903,https://overwatch.blizzard.com/en-us/rates/data/?map=all-maps&role=All&rq=1&input=Console&region=Asia&tier=Grandmaster,"{'map': 'all-maps', 'role': 'All', 'rq': '1', 'input': 'Console', 'region': 'Asia', 'tier': 'Grandmaster'}",All,,Asia,,,roadhog,Roadhog,-1.0,-1.0,TANK,2026-05-16 15:18:25.728179+00:00,2026_05_16
21,2025-08-29 14:38:59.213867903,https://overwatch.blizzard.com/en-us/rates/data/?map=all-maps&role=All&rq=1&input=Console&region=Asia&tier=Grandmaster,"{'map': 'all-maps', 'role': 'All', 'rq': '1', 'input': 'Console', 'region': 'Asia', 'tier': 'Grandmaster'}",All,,Asia,,,sigma,Sigma,-1.0,-1.0,TANK,2026-05-16 15:18:25.728179+00:00,2026_05_16
21,2025-08-29 14:38:59.213867903,https://overwatch.blizzard.com/en-us/rates/data/?map=all-maps&role=All&rq=1&input=Console&region=Asia&tier=Grandmaster,"{'map': 'all-maps', 'role': 'All', 'rq': '1', 'input': 'Console', 'region': 'Asia', 'tier': 'Grandmaster'}",All,,Asia,,,sojourn,Sojourn,-1.0,-1.0,DAMAGE,2026-05-16 15:18:25.728179+00:00,2026_05_16
21,2025-08-29 14:38:59.213867903,https://overwatch.blizzard.com/en-us/rates/data/?map=all-maps&role=All&rq=1&input=Console&region=Asia&tier=Grandmaster,"{'map': 'all-maps', 'role': 'All', 'rq': '1', 'input': 'Console', 'region': 'Asia', 'tier': 'Grandmaster'}",All,,Asia,,,soldier-76,Soldier: 76,-1.0,-1.0,DAMAGE,2026-05-16 15:18:25.728179+00:00,2026_05_16
21,2025-08-29 14:38:59.213867903,https://overwatch.blizzard.com/en-us/rates/data/?map=all-maps&role=All&rq=1&input=Console&region=Asia&tier=Grandmaster,"{'map': 'all-maps', 'role': 'All', 'rq': '1', 'input': 'Console', 'region': 'Asia', 'tier': 'Grandmaster'}",All,,Asia,,,sombra,Sombra,-1.0,-1.0,DAMAGE,2026-05-16 15:18:25.728179+00:00,2026_05_16
21,2025-08-29 14:38:59.213867903,https://overwatch.blizzard.com/en-us/rates/data/?map=all-maps&role=All&rq=1&input=Console&region=Asia&tier=Grandmaster,"{'map': 'all-maps', 'role': 'All', 'rq': '1', 'input': 'Console', 'region': 'Asia', 'tier': 'Grandmaster'}",All,,Asia,,,symmetra,Symmetra,-1.0,-1.0,DAMAGE,2026-05-16 15:18:25.728179+00:00,2026_05_16
21,2025-08-29 14:38:59.213867903,https://overwatch.blizzard.com/en-us/rates/data/?map=all-maps&role=All&rq=1&input=Console&region=Asia&tier=Grandmaster,"{'map': 'all-maps', 'role': 'All', 'rq': '1', 'input': 'Console', 'region': 'Asia', 'tier': 'Grandmaster'}",All,,Asia,,,torbjorn,Torbjörn,-1.0,-1.0,DAMAGE,2026-05-16 15:18:25.728179+00:00,2026_05_16
21,2025-08-29 14:38:59.213867903,https://overwatch.blizzard.com/en-us/rates/data/?map=all-maps&role=All&rq=1&input=Console&region=Asia&tier=Grandmaster,"{'map': 'all-maps', 'role': 'All', 'rq': '1', 'input': 'Console', 'region': 'Asia', 'tier': 'Grandmaster'}",All,,Asia,,,tracer,Tracer,-1.0,-1.0,DAMAGE,2026-05-16 15:18:25.728179+00:00,2026_05_16
21,2025-08-29 14:38:59.213867903,https://overwatch.blizzard.com/en-us/rates/data/?map=all-maps&role=All&rq=1&input=Console&region=Asia&tier=Grandmaster,"{'map': 'all-maps', 'role': 'All', 'rq': '1', 'input': 'Console', 'region': 'Asia', 'tier': 'Grandmaster'}",All,,Asia,,,venture,Venture,-1.0,-1.0,DAMAGE,2026-05-16 15:18:25.728179+00:00,2026_05_16
21,2025-08-29 14:38:59.213867903,https://overwatch.blizzard.com/en-us/rates/data/?map=all-maps&role=All&rq=1&input=Console&region=Asia&tier=Grandmaster,"{'map': 'all-maps', 'role': 'All', 'rq': '1', 'input': 'Console', 'region': 'Asia', 'tier': 'Grandmaster'}",All,,Asia,,,widowmaker,Widowmaker,-1.0,-1.0,DAMAGE,2026-05-16 15:18:25.728179+00:00,2026_05_16
21,2025-08-29 14:38:59.213867903,https://overwatch.blizzard.com/en-us/rates/data/?map=all-maps&role=All&rq=1&input=Console&region=Asia&tier=Grandmaster,"{'map': 'all-maps', 'role': 'All', 'rq': '1', 'input': 'Console', 'region': 'Asia', 'tier': 'Grandmaster'}",All,,Asia,,,winston,Winston,-1.0,-1.0,TANK,2026-05-16 15:18:25.728179+00:00,2026_05_16
21,2025-08-29 14:38:59.213867903,https://overwatch.blizzard.com/en-us/rates/data/?map=all-maps&role=All&rq=1&input=Console&region=Asia&tier=Grandmaster,"{'map': 'all-maps', 'role': 'All', 'rq': '1', 'input': 'Console', 'region': 'Asia', 'tier': 'Grandmaster'}",All,,Asia,,,wrecking-ball,Wrecking Ball,-1.0,-1.0,TANK,2026-05-16 15:18:25.728179+00:00,2026_05_16
21,2025-08-29 14:38:59.213867903,https://overwatch.blizzard.com/en-us/rates/data/?map=all-maps&role=All&rq=1&input=Console&region=Asia&tier=Grandmaster,"{'map': 'all-maps', 'role': 'All', 'rq': '1', 'input': 'Console', 'region': 'Asia', 'tier': 'Grandmaster'}",All,,Asia,,,wuyang,Wuyang,-1.0,-1.0,SUPPORT,2026-05-16 15:18:25.728179+00:00,2026_05_16
21,2025-08-29 14:38:59.213867903,https://overwatch.blizzard.com/en-us/rates/data/?map=all-maps&role=All&rq=1&input=Console&region=Asia&tier=Grandmaster,"{'map': 'all-maps', 'role': 'All', 'rq': '1', 'input': 'Console', 'region': 'Asia', 'tier': 'Grandmaster'}",All,,Asia,,,zarya,Zarya,-1.0,-1.0,TANK,2026-05-16 15:18:25.728179+00:00,2026_05_16
21,2025-08-29 14:38:59.213867903,https://overwatch.blizzard.com/en-us/rates/data/?map=all-maps&role=All&rq=1&input=Console&region=Asia&tier=Grandmaster,"{'map': 'all-maps', 'role': 'All', 'rq': '1', 'input': 'Console', 'region': 'Asia', 'tier': 'Grandmaster'}",All,,Asia,,,zenyatta,Zenyatta,-1.0,-1.0,SUPPORT,2026-05-16 15:18:25.728179+00:00,2026_05_16
22,2025-08-29 14:38:59.494163275,https://overwatch.blizzard.com/en-us/rates/data/?map=all-maps&role=All&rq=1&input=Console&region=Europe&tier=All,"{'map': 'all-maps', 'role': 'All', 'rq': '1', 'input': 'Console', 'region': 'Europe', 'tier': 'All'}",All,,Europe,,,ana,Ana,20.8,47.1,SUPPORT,2026-05-16 15:18:25.728179+00:00,2026_05_16
22,2025-08-29 14:38:59.494163275,https://overwatch.blizzard.com/en-us/rates/data/?map=all-maps&role=All&rq=1&input=Console&region=Europe&tier=All,"{'map': 'all-maps', 'role': 'All', 'rq': '1', 'input': 'Console', 'region': 'Europe', 'tier': 'All'}",All,,Europe,,,ashe,Ashe,17.2,52.3,DAMAGE,2026-05-16 15:18:25.728179+00:00,2026_05_16
22,2025-08-29 14:38:59.494163275,https://overwatch.blizzard.com/en-us/rates/data/?map=all-maps&role=All&rq=1&input=Console&region=Europe&tier=All,"{'map': 'all-maps', 'role': 'All', 'rq': '1', 'input': 'Console', 'region': 'Europe', 'tier': 'All'}",All,,Europe,,,baptiste,Baptiste,13.6,49.8,SUPPORT,2026-05-16 15:18:25.728179+00:00,2026_05_16
22,2025-08-29 14:38:59.494163275,https://overwatch.blizzard.com/en-us/rates/data/?map=all-maps&role=All&rq=1&input=Console&region=Europe&tier=All,"{'map': 'all-maps', 'role': 'All', 'rq': '1', 'input': 'Console', 'region': 'Europe', 'tier': 'All'}",All,,Europe,,,bastion,Bastion,13.0,46.5,DAMAGE,2026-05-16 15:18:25.728179+00:00,2026_05_16
22,2025-08-29 14:38:59.494163275,https://overwatch.blizzard.com/en-us/rates/data/?map=all-maps&role=All&rq=1&input=Console&region=Europe&tier=All,"{'map': 'all-maps', 'role': 'All', 'rq': '1', 'input': 'Console', 'region': 'Europe', 'tier': 'All'}",All,,Europe,,,brigitte,Brigitte,4.5,50.2,SUPPORT,2026-05-16 15:18:25.728179+00:00,2026_05_16
22,2025-08-29 14:38:59.494163275,https://overwatch.blizzard.com/en-us/rates/data/?map=all-maps&role=All&rq=1&input=Console&region=Europe&tier=All,"{'map': 'all-maps', 'role': 'All', 'rq': '1', 'input': 'Console', 'region': 'Europe', 'tier': 'All'}",All,,Europe,,,cassidy,Cassidy,27.0,49.1,DAMAGE,2026-05-16 15:18:25.728179+00:00,2026_05_16
22,2025-08-29 14:38:59.494163275,https://overwatch.blizzard.com/en-us/rates/data/?map=all-maps&role=All&rq=1&input=Console&region=Europe&tier=All,"{'map': 'all-maps', 'role': 'All', 'rq': '1', 'input': 'Console', 'region': 'Europe', 'tier': 'All'}",All,,Europe,,,dva,D.Va,15.1,53.2,TANK,2026-05-16 15:18:25.728179+00:00,2026_05_16
22,2025-08-29 14:38:59.494163275,https://overwatch.blizzard.com/en-us/rates/data/?map=all-maps&role=All&rq=1&input=Console&region=Europe&tier=All,"{'map': 'all-maps', 'role': 'All', 'rq': '1', 'input': 'Console', 'region': 'Europe', 'tier': 'All'}",All,,Europe,,,doomfist,Doomfist,7.9,53.4,TANK,2026-05-16 15:18:25.728179+00:00,2026_05_16
22,2025-08-29 14:38:59.494163275,https://overwatch.blizzard.com/en-us/rates/data/?map=all-maps&role=All&rq=1&input=Console&region=Europe&tier=All,"{'map': 'all-maps', 'role': 'All', 'rq': '1', 'input': 'Console', 'region': 'Europe', 'tier': 'All'}",All,,Europe,,,echo,Echo,3.8,49.2,DAMAGE,2026-05-16 15:18:25.728179+00:00,2026_05_16
22,2025-08-29 14:38:59.494163275,https://overwatch.blizzard.com/en-us/rates/data/?map=all-maps&role=All&rq=1&input=Console&region=Europe&tier=All,"{'map': 'all-maps', 'role': 'All', 'rq': '1', 'input': 'Console', 'region': 'Europe', 'tier': 'All'}",All,,Europe,,,freja,Freja,4.0,43.4,DAMAGE,2026-05-16 15:18:25.728179+00:00,2026_05_16
22,2025-08-29 14:38:59.494163275,https://overwatch.blizzard.com/en-us/rates/data/?map=all-maps&role=All&rq=1&input=Console&region=Europe&tier=All,"{'map': 'all-maps', 'role': 'All', 'rq': '1', 'input': 'Console', 'region': 'Europe', 'tier': 'All'}",All,,Europe,,,genji,Genji,13.4,52.0,DAMAGE,2026-05-16 15:18:25.728179+00:00,2026_05_16
22,2025-08-29 14:38:59.494163275,https://overwatch.blizzard.com/en-us/rates/data/?map=all-maps&role=All&rq=1&input=Console&region=Europe&tier=All,"{'map': 'all-maps', 'role': 'All', 'rq': '1', 'input': 'Console', 'region': 'Europe', 'tier': 'All'}",All,,Europe,,,hanzo,Hanzo,12.2,51.3,DAMAGE,2026-05-16 15:18:25.728179+00:00,2026_05_16
22,2025-08-29 14:38:59.494163275,https://overwatch.blizzard.com/en-us/rates/data/?map=all-maps&role=All&rq=1&input=Console&region=Europe&tier=All,"{'map': 'all-maps', 'role': 'All', 'rq': '1', 'input': 'Console', 'region': 'Europe', 'tier': 'All'}",All,,Europe,,,hazard,Hazard,2.6,52.4,TANK,2026-05-16 15:18:25.728179+00:00,2026_05_16
22,2025-08-29 14:38:59.494163275,https://overwatch.blizzard.com/en-us/rates/data/?map=all-maps&role=All&rq=1&input=Console&region=Europe&tier=All,"{'map': 'all-maps', 'role': 'All', 'rq': '1', 'input': 'Console', 'region': 'Europe', 'tier': 'All'}",All,,Europe,,,illari,Illari,11.0,51.3,SUPPORT,2026-05-16 15:18:25.728179+00:00,2026_05_16
22,2025-08-29 14:38:59.494163275,https://overwatch.blizzard.com/en-us/rates/data/?map=all-maps&role=All&rq=1&input=Console&region=Europe&tier=All,"{'map': 'all-maps', 'role': 'All', 'rq': '1', 'input': 'Console', 'region': 'Europe', 'tier': 'All'}",All,,Europe,,,junker-queen,Junker Queen,5.1,53.1,TANK,2026-05-16 15:18:25.728179+00:00,2026_05_16
22,2025-08-29 14:38:59.494163275,https://overwatch.blizzard.com/en-us/rates/data/?map=all-maps&role=All&rq=1&input=Console&region=Europe&tier=All,"{'map': 'all-maps', 'role': 'All', 'rq': '1', 'input': 'Console', 'region': 'Europe', 'tier': 'All'}",All,,Europe,,,junkrat,Junkrat,8.1,47.5,DAMAGE,2026-05-16 15:18:25.728179+00:00,2026_05_16
22,2025-08-29 14:38:59.494163275,https://overwatch.blizzard.com/en-us/rates/data/?map=all-maps&role=All&rq=1&input=Console&region=Europe&tier=All,"{'map': 'all-maps', 'role': 'All', 'rq': '1', 'input': 'Console', 'region': 'Europe', 'tier': 'All'}",All,,Europe,,,juno,Juno,9.1,49.3,SUPPORT,2026-05-16 15:18:25.728179+00:00,2026_05_16
22,2025-08-29 14:38:59.494163275,https://overwatch.blizzard.com/en-us/rates/data/?map=all-maps&role=All&rq=1&input=Console&region=Europe&tier=All,"{'map': 'all-maps', 'role': 'All', 'rq': '1', 'input': 'Console', 'region': 'Europe', 'tier': 'All'}",All,,Europe,,,kiriko,Kiriko,18.8,44.8,SUPPORT,2026-05-16 15:18:25.728179+00:00,2026_05_16
22,2025-08-29 14:38:59.494163275,https://overwatch.blizzard.com/en-us/rates/data/?map=all-maps&role=All&rq=1&input=Console&region=Europe&tier=All,"{'map': 'all-maps', 'role': 'All', 'rq': '1', 'input': 'Console', 'region': 'Europe', 'tier': 'All'}",All,,Europe,,,lifeweaver,Lifeweaver,13.1,44.0,SUPPORT,2026-05-16 15:18:25.728179+00:00,2026_05_16
22,2025-08-29 14:38:59.494163275,https://overwatch.blizzard.com/en-us/rates/data/?map=all-maps&role=All&rq=1&input=Console&region=Europe&tier=All,"{'map': 'all-maps', 'role': 'All', 'rq': '1', 'input': 'Console', 'region': 'Europe', 'tier': 'All'}",All,,Europe,,,lucio,Lúcio,11.4,55.1,SUPPORT,2026-05-16 15:18:25.728179+00:00,2026_05_16
22,2025-08-29 14:38:59.494163275,https://overwatch.blizzard.com/en-us/rates/data/?map=all-maps&role=All&rq=1&input=Console&region=Europe&tier=All,"{'map': 'all-maps', 'role': 'All', 'rq': '1', 'input': 'Console', 'region': 'Europe', 'tier': 'All'}",All,,Europe,,,mauga,Mauga,6.0,48.2,TANK,2026-05-16 15:18:25.728179+00:00,2026_05_16
22,2025-08-29 14:38:59.494163275,https://overwatch.blizzard.com/en-us/rates/data/?map=all-maps&role=All&rq=1&input=Console&region=Europe&tier=All,"{'map': 'all-maps', 'role': 'All', 'rq': '1', 'input': 'Console', 'region': 'Europe', 'tier': 'All'}",All,,Europe,,,mei,Mei,7.3,46.2,DAMAGE,2026-05-16 15:18:25.728179+00:00,2026_05_16
22,2025-08-29 14:38:59.494163275,https://overwatch.blizzard.com/en-us/rates/data/?map=all-maps&role=All&rq=1&input=Console&region=Europe&tier=All,"{'map': 'all-maps', 'role': 'All', 'rq': '1', 'input': 'Console', 'region': 'Europe', 'tier': 'All'}",All,,Europe,,,mercy,Mercy,32.2,51.4,SUPPORT,2026-05-16 15:18:25.728179+00:00,2026_05_16
22,2025-08-29 14:38:59.494163275,https://overwatch.blizzard.com/en-us/rates/data/?map=all-maps&role=All&rq=1&input=Console&region=Europe&tier=All,"{'map': 'all-maps', 'role': 'All', 'rq': '1', 'input': 'Console', 'region': 'Europe', 'tier': 'All'}",All,,Europe,,,moira,Moira,25.5,46.4,SUPPORT,2026-05-16 15:18:25.728179+00:00,2026_05_16
22,2025-08-29 14:38:59.494163275,https://overwatch.blizzard.com/en-us/rates/data/?map=all-maps&role=All&rq=1&input=Console&region=Europe&tier=All,"{'map': 'all-maps', 'role': 'All', 'rq': '1', 'input': 'Console', 'region': 'Europe', 'tier': 'All'}",All,,Europe,,,orisa,Orisa,13.9,45.9,TANK,2026-05-16 15:18:25.728179+00:00,2026_05_16
22,2025-08-29 14:38:59.494163275,https://overwatch.blizzard.com/en-us/rates/data/?map=all-maps&role=All&rq=1&input=Console&region=Europe&tier=All,"{'map': 'all-maps', 'role': 'All', 'rq': '1', 'input': 'Console', 'region': 'Europe', 'tier': 'All'}",All,,Europe,,,pharah,Pharah,3.7,49.1,DAMAGE,2026-05-16 15:18:25.728179+00:00,2026_05_16
22,2025-08-29 14:38:59.494163275,https://overwatch.blizzard.com/en-us/rates/data/?map=all-maps&role=All&rq=1&input=Console&region=Europe&tier=All,"{'map': 'all-maps', 'role': 'All', 'rq': '1', 'input': 'Console', 'region': 'Europe', 'tier': 'All'}",All,,Europe,,,ramattra,Ramattra,8.9,45.3,TANK,2026-05-16 15:18:25.728179+00:00,2026_05_16
22,2025-08-29 14:38:59.494163275,https://overwatch.blizzard.com/en-us/rates/data/?map=all-maps&role=All&rq=1&input=Console&region=Europe&tier=All,"{'map': 'all-maps', 'role': 'All', 'rq': '1', 'input': 'Console', 'region': 'Europe', 'tier': 'All'}",All,,Europe,,,reaper,Reaper,13.6,52.8,DAMAGE,2026-05-16 15:18:25.728179+00:00,2026_05_16
22,2025-08-29 14:38:59.494163275,https://overwatch.blizzard.com/en-us/rates/data/?map=all-maps&role=All&rq=1&input=Console&region=Europe&tier=All,"{'map': 'all-maps', 'role': 'All', 'rq': '1', 'input': 'Console', 'region': 'Europe', 'tier': 'All'}",All,,Europe,,,reinhardt,Reinhardt,13.5,54.4,TANK,2026-05-16 15:18:25.728179+00:00,2026_05_16
22,2025-08-29 14:38:59.494163275,https://overwatch.blizzard.com/en-us/rates/data/?map=all-maps&role=All&rq=1&input=Console&region=Europe&tier=All,"{'map': 'all-maps', 'role': 'All', 'rq': '1', 'input': 'Console', 'region': 'Europe', 'tier': 'All'}",All,,Europe,,,roadhog,Roadhog,7.5,40.0,TANK,2026-05-16 15:18:25.728179+00:00,2026_05_16
22,2025-08-29 14:38:59.494163275,https://overwatch.blizzard.com/en-us/rates/data/?map=all-maps&role=All&rq=1&input=Console&region=Europe&tier=All,"{'map': 'all-maps', 'role': 'All', 'rq': '1', 'input': 'Console', 'region': 'Europe', 'tier': 'All'}",All,,Europe,,,sigma,Sigma,9.8,50.8,TANK,2026-05-16 15:18:25.728179+00:00,2026_05_16
22,2025-08-29 14:38:59.494163275,https://overwatch.blizzard.com/en-us/rates/data/?map=all-maps&role=All&rq=1&input=Console&region=Europe&tier=All,"{'map': 'all-maps', 'role': 'All', 'rq': '1', 'input': 'Console', 'region': 'Europe', 'tier': 'All'}",All,,Europe,,,sojourn,Sojourn,18.5,46.4,DAMAGE,2026-05-16 15:18:25.728179+00:00,2026_05_16
22,2025-08-29 14:38:59.494163275,https://overwatch.blizzard.com/en-us/rates/data/?map=all-maps&role=All&rq=1&input=Console&region=Europe&tier=All,"{'map': 'all-maps', 'role': 'All', 'rq': '1', 'input': 'Console', 'region': 'Europe', 'tier': 'All'}",All,,Europe,,,soldier-76,Soldier: 76,28.1,50.5,DAMAGE,2026-05-16 15:18:25.728179+00:00,2026_05_16
22,2025-08-29 14:38:59.494163275,https://overwatch.blizzard.com/en-us/rates/data/?map=all-maps&role=All&rq=1&input=Console&region=Europe&tier=All,"{'map': 'all-maps', 'role': 'All', 'rq': '1', 'input': 'Console', 'region': 'Europe', 'tier': 'All'}",All,,Europe,,,sombra,Sombra,2.3,48.7,DAMAGE,2026-05-16 15:18:25.728179+00:00,2026_05_16
22,2025-08-29 14:38:59.494163275,https://overwatch.blizzard.com/en-us/rates/data/?map=all-maps&role=All&rq=1&input=Console&region=Europe&tier=All,"{'map': 'all-maps', 'role': 'All', 'rq': '1', 'input': 'Console', 'region': 'Europe', 'tier': 'All'}",All,,Europe,,,symmetra,Symmetra,4.0,50.4,DAMAGE,2026-05-16 15:18:25.728179+00:00,2026_05_16
22,2025-08-29 14:38:59.494163275,https://overwatch.blizzard.com/en-us/rates/data/?map=all-maps&role=All&rq=1&input=Console&region=Europe&tier=All,"{'map': 'all-maps', 'role': 'All', 'rq': '1', 'input': 'Console', 'region': 'Europe', 'tier': 'All'}",All,,Europe,,,torbjorn,Torbjörn,5.5,49.9,DAMAGE,2026-05-16 15:18:25.728179+00:00,2026_05_16
22,2025-08-29 14:38:59.494163275,https://overwatch.blizzard.com/en-us/rates/data/?map=all-maps&role=All&rq=1&input=Console&region=Europe&tier=All,"{'map': 'all-maps', 'role': 'All', 'rq': '1', 'input': 'Console', 'region': 'Europe', 'tier': 'All'}",All,,Europe,,,tracer,Tracer,8.0,51.8,DAMAGE,2026-05-16 15:18:25.728179+00:00,2026_05_16
22,2025-08-29 14:38:59.494163275,https://overwatch.blizzard.com/en-us/rates/data/?map=all-maps&role=All&rq=1&input=Console&region=Europe&tier=All,"{'map': 'all-maps', 'role': 'All', 'rq': '1', 'input': 'Console', 'region': 'Europe', 'tier': 'All'}",All,,Europe,,,venture,Venture,3.9,51.2,DAMAGE,2026-05-16 15:18:25.728179+00:00,2026_05_16
22,2025-08-29 14:38:59.494163275,https://overwatch.blizzard.com/en-us/rates/data/?map=all-maps&role=All&rq=1&input=Console&region=Europe&tier=All,"{'map': 'all-maps', 'role': 'All', 'rq': '1', 'input': 'Console', 'region': 'Europe', 'tier': 'All'}",All,,Europe,,,widowmaker,Widowmaker,6.3,49.7,DAMAGE,2026-05-16 15:18:25.728179+00:00,2026_05_16
22,2025-08-29 14:38:59.494163275,https://overwatch.blizzard.com/en-us/rates/data/?map=all-maps&role=All&rq=1&input=Console&region=Europe&tier=All,"{'map': 'all-maps', 'role': 'All', 'rq': '1', 'input': 'Console', 'region': 'Europe', 'tier': 'All'}",All,,Europe,,,winston,Winston,3.3,48.5,TANK,2026-05-16 15:18:25.728179+00:00,2026_05_16
22,2025-08-29 14:38:59.494163275,https://overwatch.blizzard.com/en-us/rates/data/?map=all-maps&role=All&rq=1&input=Console&region=Europe&tier=All,"{'map': 'all-maps', 'role': 'All', 'rq': '1', 'input': 'Console', 'region': 'Europe', 'tier': 'All'}",All,,Europe,,,wrecking-ball,Wrecking Ball,1.6,55.8,TANK,2026-05-16 15:18:25.728179+00:00,2026_05_16
22,2025-08-29 14:38:59.494163275,https://overwatch.blizzard.com/en-us/rates/data/?map=all-maps&role=All&rq=1&input=Console&region=Europe&tier=All,"{'map': 'all-maps', 'role': 'All', 'rq': '1', 'input': 'Console', 'region': 'Europe', 'tier': 'All'}",All,,Europe,,,wuyang,Wuyang,30.4,55.5,SUPPORT,2026-05-16 15:18:25.728179+00:00,2026_05_16
22,2025-08-29 14:38:59.494163275,https://overwatch.blizzard.com/en-us/rates/data/?map=all-maps&role=All&rq=1&input=Console&region=Europe&tier=All,"{'map': 'all-maps', 'role': 'All', 'rq': '1', 'input': 'Console', 'region': 'Europe', 'tier': 'All'}",All,,Europe,,,zarya,Zarya,4.8,47.7,TANK,2026-05-16 15:18:25.728179+00:00,2026_05_16
22,2025-08-29 14:38:59.494163275,https://overwatch.blizzard.com/en-us/rates/data/?map=all-maps&role=All&rq=1&input=Console&region=Europe&tier=All,"{'map': 'all-maps', 'role': 'All', 'rq': '1', 'input': 'Console', 'region': 'Europe', 'tier': 'All'}",All,,Europe,,,zenyatta,Zenyatta,9.7,51.5,SUPPORT,2026-05-16 15:18:25.728179+00:00,2026_05_16
23,2025-08-29 14:38:59.781106234,https://overwatch.blizzard.com/en-us/rates/data/?map=all-maps&role=All&rq=1&input=Console&region=Europe&tier=Bronze,"{'map': 'all-maps', 'role': 'All', 'rq': '1', 'input': 'Console', 'region': 'Europe', 'tier': 'Bronze'}",All,,Europe,,,ana,Ana,12.2,44.5,SUPPORT,2026-05-16 15:18:25.728179+00:00,2026_05_16
23,2025-08-29 14:38:59.781106234,https://overwatch.blizzard.com/en-us/rates/data/?map=all-maps&role=All&rq=1&input=Console&region=Europe&tier=Bronze,"{'map': 'all-maps', 'role': 'All', 'rq': '1', 'input': 'Console', 'region': 'Europe', 'tier': 'Bronze'}",All,,Europe,,,ashe,Ashe,20.2,49.6,DAMAGE,2026-05-16 15:18:25.728179+00:00,2026_05_16
23,2025-08-29 14:38:59.781106234,https://overwatch.blizzard.com/en-us/rates/data/?map=all-maps&role=All&rq=1&input=Console&region=Europe&tier=Bronze,"{'map': 'all-maps', 'role': 'All', 'rq': '1', 'input': 'Console', 'region': 'Europe', 'tier': 'Bronze'}",All,,Europe,,,baptiste,Baptiste,7.7,53.0,SUPPORT,2026-05-16 15:18:25.728179+00:00,2026_05_16
23,2025-08-29 14:38:59.781106234,https://overwatch.blizzard.com/en-us/rates/data/?map=all-maps&role=All&rq=1&input=Console&region=Europe&tier=Bronze,"{'map': 'all-maps', 'role': 'All', 'rq': '1', 'input': 'Console', 'region': 'Europe', 'tier': 'Bronze'}",All,,Europe,,,bastion,Bastion,20.3,50.7,DAMAGE,2026-05-16 15:18:25.728179+00:00,2026_05_16
23,2025-08-29 14:38:59.781106234,https://overwatch.blizzard.com/en-us/rates/data/?map=all-maps&role=All&rq=1&input=Console&region=Europe&tier=Bronze,"{'map': 'all-maps', 'role': 'All', 'rq': '1', 'input': 'Console', 'region': 'Europe', 'tier': 'Bronze'}",All,,Europe,,,brigitte,Brigitte,2.6,49.4,SUPPORT,2026-05-16 15:18:25.728179+00:00,2026_05_16
23,2025-08-29 14:38:59.781106234,https://overwatch.blizzard.com/en-us/rates/data/?map=all-maps&role=All&rq=1&input=Console&region=Europe&tier=Bronze,"{'map': 'all-maps', 'role': 'All', 'rq': '1', 'input': 'Console', 'region': 'Europe', 'tier': 'Bronze'}",All,,Europe,,,cassidy,Cassidy,14.7,45.9,DAMAGE,2026-05-16 15:18:25.728179+00:00,2026_05_16
23,2025-08-29 14:38:59.781106234,https://overwatch.blizzard.com/en-us/rates/data/?map=all-maps&role=All&rq=1&input=Console&region=Europe&tier=Bronze,"{'map': 'all-maps', 'role': 'All', 'rq': '1', 'input': 'Console', 'region': 'Europe', 'tier': 'Bronze'}",All,,Europe,,,dva,D.Va,23.8,50.6,TANK,2026-05-16 15:18:25.728179+00:00,2026_05_16
23,2025-08-29 14:38:59.781106234,https://overwatch.blizzard.com/en-us/rates/data/?map=all-maps&role=All&rq=1&input=Console&region=Europe&tier=Bronze,"{'map': 'all-maps', 'role': 'All', 'rq': '1', 'input': 'Console', 'region': 'Europe', 'tier': 'Bronze'}",All,,Europe,,,doomfist,Doomfist,5.5,54.4,TANK,2026-05-16 15:18:25.728179+00:00,2026_05_16
23,2025-08-29 14:38:59.781106234,https://overwatch.blizzard.com/en-us/rates/data/?map=all-maps&role=All&rq=1&input=Console&region=Europe&tier=Bronze,"{'map': 'all-maps', 'role': 'All', 'rq': '1', 'input': 'Console', 'region': 'Europe', 'tier': 'Bronze'}",All,,Europe,,,echo,Echo,5.2,50.7,DAMAGE,2026-05-16 15:18:25.728179+00:00,2026_05_16
23,2025-08-29 14:38:59.781106234,https://overwatch.blizzard.com/en-us/rates/data/?map=all-maps&role=All&rq=1&input=Console&region=Europe&tier=Bronze,"{'map': 'all-maps', 'role': 'All', 'rq': '1', 'input': 'Console', 'region': 'Europe', 'tier': 'Bronze'}",All,,Europe,,,freja,Freja,5.5,44.0,DAMAGE,2026-05-16 15:18:25.728179+00:00,2026_05_16
23,2025-08-29 14:38:59.781106234,https://overwatch.blizzard.com/en-us/rates/data/?map=all-maps&role=All&rq=1&input=Console&region=Europe&tier=Bronze,"{'map': 'all-maps', 'role': 'All', 'rq': '1', 'input': 'Console', 'region': 'Europe', 'tier': 'Bronze'}",All,,Europe,,,genji,Genji,9.4,49.5,DAMAGE,2026-05-16 15:18:25.728179+00:00,2026_05_16
23,2025-08-29 14:38:59.781106234,https://overwatch.blizzard.com/en-us/rates/data/?map=all-maps&role=All&rq=1&input=Console&region=Europe&tier=Bronze,"{'map': 'all-maps', 'role': 'All', 'rq': '1', 'input': 'Console', 'region': 'Europe', 'tier': 'Bronze'}",All,,Europe,,,hanzo,Hanzo,16.0,54.1,DAMAGE,2026-05-16 15:18:25.728179+00:00,2026_05_16
23,2025-08-29 14:38:59.781106234,https://overwatch.blizzard.com/en-us/rates/data/?map=all-maps&role=All&rq=1&input=Console&region=Europe&tier=Bronze,"{'map': 'all-maps', 'role': 'All', 'rq': '1', 'input': 'Console', 'region': 'Europe', 'tier': 'Bronze'}",All,,Europe,,,hazard,Hazard,1.9,50.4,TANK,2026-05-16 15:18:25.728179+00:00,2026_05_16
23,2025-08-29 14:38:59.781106234,https://overwatch.blizzard.com/en-us/rates/data/?map=all-maps&role=All&rq=1&input=Console&region=Europe&tier=Bronze,"{'map': 'all-maps', 'role': 'All', 'rq': '1', 'input': 'Console', 'region': 'Europe', 'tier': 'Bronze'}",All,,Europe,,,illari,Illari,10.6,54.5,SUPPORT,2026-05-16 15:18:25.728179+00:00,2026_05_16
23,2025-08-29 14:38:59.781106234,https://overwatch.blizzard.com/en-us/rates/data/?map=all-maps&role=All&rq=1&input=Console&region=Europe&tier=Bronze,"{'map': 'all-maps', 'role': 'All', 'rq': '1', 'input': 'Console', 'region': 'Europe', 'tier': 'Bronze'}",All,,Europe,,,junker-queen,Junker Queen,3.9,52.0,TANK,2026-05-16 15:18:25.728179+00:00,2026_05_16
23,2025-08-29 14:38:59.781106234,https://overwatch.blizzard.com/en-us/rates/data/?map=all-maps&role=All&rq=1&input=Console&region=Europe&tier=Bronze,"{'map': 'all-maps', 'role': 'All', 'rq': '1', 'input': 'Console', 'region': 'Europe', 'tier': 'Bronze'}",All,,Europe,,,junkrat,Junkrat,10.9,45.8,DAMAGE,2026-05-16 15:18:25.728179+00:00,2026_05_16
23,2025-08-29 14:38:59.781106234,https://overwatch.blizzard.com/en-us/rates/data/?map=all-maps&role=All&rq=1&input=Console&region=Europe&tier=Bronze,"{'map': 'all-maps', 'role': 'All', 'rq': '1', 'input': 'Console', 'region': 'Europe', 'tier': 'Bronze'}",All,,Europe,,,juno,Juno,11.8,51.2,SUPPORT,2026-05-16 15:18:25.728179+00:00,2026_05_16
23,2025-08-29 14:38:59.781106234,https://overwatch.blizzard.com/en-us/rates/data/?map=all-maps&role=All&rq=1&input=Console&region=Europe&tier=Bronze,"{'map': 'all-maps', 'role': 'All', 'rq': '1', 'input': 'Console', 'region': 'Europe', 'tier': 'Bronze'}",All,,Europe,,,kiriko,Kiriko,22.6,47.5,SUPPORT,2026-05-16 15:18:25.728179+00:00,2026_05_16
23,2025-08-29 14:38:59.781106234,https://overwatch.blizzard.com/en-us/rates/data/?map=all-maps&role=All&rq=1&input=Console&region=Europe&tier=Bronze,"{'map': 'all-maps', 'role': 'All', 'rq': '1', 'input': 'Console', 'region': 'Europe', 'tier': 'Bronze'}",All,,Europe,,,lifeweaver,Lifeweaver,12.4,44.9,SUPPORT,2026-05-16 15:18:25.728179+00:00,2026_05_16
23,2025-08-29 14:38:59.781106234,https://overwatch.blizzard.com/en-us/rates/data/?map=all-maps&role=All&rq=1&input=Console&region=Europe&tier=Bronze,"{'map': 'all-maps', 'role': 'All', 'rq': '1', 'input': 'Console', 'region': 'Europe', 'tier': 'Bronze'}",All,,Europe,,,lucio,Lúcio,9.1,53.4,SUPPORT,2026-05-16 15:18:25.728179+00:00,2026_05_16
23,2025-08-29 14:38:59.781106234,https://overwatch.blizzard.com/en-us/rates/data/?map=all-maps&role=All&rq=1&input=Console&region=Europe&tier=Bronze,"{'map': 'all-maps', 'role': 'All', 'rq': '1', 'input': 'Console', 'region': 'Europe', 'tier': 'Bronze'}",All,,Europe,,,mauga,Mauga,6.4,49.1,TANK,2026-05-16 15:18:25.728179+00:00,2026_05_16
23,2025-08-29 14:38:59.781106234,https://overwatch.blizzard.com/en-us/rates/data/?map=all-maps&role=All&rq=1&input=Console&region=Europe&tier=Bronze,"{'map': 'all-maps', 'role': 'All', 'rq': '1', 'input': 'Console', 'region': 'Europe', 'tier': 'Bronze'}",All,,Europe,,,mei,Mei,5.7,48.7,DAMAGE,2026-05-16 15:18:25.728179+00:00,2026_05_16
23,2025-08-29 14:38:59.781106234,https://overwatch.blizzard.com/en-us/rates/data/?map=all-maps&role=All&rq=1&input=Console&region=Europe&tier=Bronze,"{'map': 'all-maps', 'role': 'All', 'rq': '1', 'input': 'Console', 'region': 'Europe', 'tier': 'Bronze'}",All,,Europe,,,mercy,Mercy,42.1,49.1,SUPPORT,2026-05-16 15:18:25.728179+00:00,2026_05_16
23,2025-08-29 14:38:59.781106234,https://overwatch.blizzard.com/en-us/rates/data/?map=all-maps&role=All&rq=1&input=Console&region=Europe&tier=Bronze,"{'map': 'all-maps', 'role': 'All', 'rq': '1', 'input': 'Console', 'region': 'Europe', 'tier': 'Bronze'}",All,,Europe,,,moira,Moira,31.1,50.8,SUPPORT,2026-05-16 15:18:25.728179+00:00,2026_05_16
23,2025-08-29 14:38:59.781106234,https://overwatch.blizzard.com/en-us/rates/data/?map=all-maps&role=All&rq=1&input=Console&region=Europe&tier=Bronze,"{'map': 'all-maps', 'role': 'All', 'rq': '1', 'input': 'Console', 'region': 'Europe', 'tier': 'Bronze'}",All,,Europe,,,orisa,Orisa,19.3,49.9,TANK,2026-05-16 15:18:25.728179+00:00,2026_05_16
23,2025-08-29 14:38:59.781106234,https://overwatch.blizzard.com/en-us/rates/data/?map=all-maps&role=All&rq=1&input=Console&region=Europe&tier=Bronze,"{'map': 'all-maps', 'role': 'All', 'rq': '1', 'input': 'Console', 'region': 'Europe', 'tier': 'Bronze'}",All,,Europe,,,pharah,Pharah,7.4,48.9,DAMAGE,2026-05-16 15:18:25.728179+00:00,2026_05_16
23,2025-08-29 14:38:59.781106234,https://overwatch.blizzard.com/en-us/rates/data/?map=all-maps&role=All&rq=1&input=Console&region=Europe&tier=Bronze,"{'map': 'all-maps', 'role': 'All', 'rq': '1', 'input': 'Console', 'region': 'Europe', 'tier': 'Bronze'}",All,,Europe,,,ramattra,Ramattra,10.8,50.0,TANK,2026-05-16 15:18:25.728179+00:00,2026_05_16
23,2025-08-29 14:38:59.781106234,https://overwatch.blizzard.com/en-us/rates/data/?map=all-maps&role=All&rq=1&input=Console&region=Europe&tier=Bronze,"{'map': 'all-maps', 'role': 'All', 'rq': '1', 'input': 'Console', 'region': 'Europe', 'tier': 'Bronze'}",All,,Europe,,,reaper,Reaper,12.6,54.2,DAMAGE,2026-05-16 15:18:25.728179+00:00,2026_05_16
23,2025-08-29 14:38:59.781106234,https://overwatch.blizzard.com/en-us/rates/data/?map=all-maps&role=All&rq=1&input=Console&region=Europe&tier=Bronze,"{'map': 'all-maps', 'role': 'All', 'rq': '1', 'input': 'Console', 'region': 'Europe', 'tier': 'Bronze'}",All,,Europe,,,reinhardt,Reinhardt,8.4,57.5,TANK,2026-05-16 15:18:25.728179+00:00,2026_05_16
23,2025-08-29 14:38:59.781106234,https://overwatch.blizzard.com/en-us/rates/data/?map=all-maps&role=All&rq=1&input=Console&region=Europe&tier=Bronze,"{'map': 'all-maps', 'role': 'All', 'rq': '1', 'input': 'Console', 'region': 'Europe', 'tier': 'Bronze'}",All,,Europe,,,roadhog,Roadhog,6.4,38.4,TANK,2026-05-16 15:18:25.728179+00:00,2026_05_16
23,2025-08-29 14:38:59.781106234,https://overwatch.blizzard.com/en-us/rates/data/?map=all-maps&role=All&rq=1&input=Console&region=Europe&tier=Bronze,"{'map': 'all-maps', 'role': 'All', 'rq': '1', 'input': 'Console', 'region': 'Europe', 'tier': 'Bronze'}",All,,Europe,,,sigma,Sigma,7.2,46.9,TANK,2026-05-16 15:18:25.728179+00:00,2026_05_16
23,2025-08-29 14:38:59.781106234,https://overwatch.blizzard.com/en-us/rates/data/?map=all-maps&role=All&rq=1&input=Console&region=Europe&tier=Bronze,"{'map': 'all-maps', 'role': 'All', 'rq': '1', 'input': 'Console', 'region': 'Europe', 'tier': 'Bronze'}",All,,Europe,,,sojourn,Sojourn,18.9,47.6,DAMAGE,2026-05-16 15:18:25.728179+00:00,2026_05_16
23,2025-08-29 14:38:59.781106234,https://overwatch.blizzard.com/en-us/rates/data/?map=all-maps&role=All&rq=1&input=Console&region=Europe&tier=Bronze,"{'map': 'all-maps', 'role': 'All', 'rq': '1', 'input': 'Console', 'region': 'Europe', 'tier': 'Bronze'}",All,,Europe,,,soldier-76,Soldier: 76,21.1,50.0,DAMAGE,2026-05-16 15:18:25.728179+00:00,2026_05_16
23,2025-08-29 14:38:59.781106234,https://overwatch.blizzard.com/en-us/rates/data/?map=all-maps&role=All&rq=1&input=Console&region=Europe&tier=Bronze,"{'map': 'all-maps', 'role': 'All', 'rq': '1', 'input': 'Console', 'region': 'Europe', 'tier': 'Bronze'}",All,,Europe,,,sombra,Sombra,2.9,50.4,DAMAGE,2026-05-16 15:18:25.728179+00:00,2026_05_16
23,2025-08-29 14:38:59.781106234,https://overwatch.blizzard.com/en-us/rates/data/?map=all-maps&role=All&rq=1&input=Console&region=Europe&tier=Bronze,"{'map': 'all-maps', 'role': 'All', 'rq': '1', 'input': 'Console', 'region': 'Europe', 'tier': 'Bronze'}",All,,Europe,,,symmetra,Symmetra,3.9,55.8,DAMAGE,2026-05-16 15:18:25.728179+00:00,2026_05_16
23,2025-08-29 14:38:59.781106234,https://overwatch.blizzard.com/en-us/rates/data/?map=all-maps&role=All&rq=1&input=Console&region=Europe&tier=Bronze,"{'map': 'all-maps', 'role': 'All', 'rq': '1', 'input': 'Console', 'region': 'Europe', 'tier': 'Bronze'}",All,,Europe,,,torbjorn,Torbjörn,7.2,51.9,DAMAGE,2026-05-16 15:18:25.728179+00:00,2026_05_16
23,2025-08-29 14:38:59.781106234,https://overwatch.blizzard.com/en-us/rates/data/?map=all-maps&role=All&rq=1&input=Console&region=Europe&tier=Bronze,"{'map': 'all-maps', 'role': 'All', 'rq': '1', 'input': 'Console', 'region': 'Europe', 'tier': 'Bronze'}",All,,Europe,,,tracer,Tracer,5.1,51.3,DAMAGE,2026-05-16 15:18:25.728179+00:00,2026_05_16
23,2025-08-29 14:38:59.781106234,https://overwatch.blizzard.com/en-us/rates/data/?map=all-maps&role=All&rq=1&input=Console&region=Europe&tier=Bronze,"{'map': 'all-maps', 'role': 'All', 'rq': '1', 'input': 'Console', 'region': 'Europe', 'tier': 'Bronze'}",All,,Europe,,,venture,Venture,3.2,56.5,DAMAGE,2026-05-16 15:18:25.728179+00:00,2026_05_16
23,2025-08-29 14:38:59.781106234,https://overwatch.blizzard.com/en-us/rates/data/?map=all-maps&role=All&rq=1&input=Console&region=Europe&tier=Bronze,"{'map': 'all-maps', 'role': 'All', 'rq': '1', 'input': 'Console', 'region': 'Europe', 'tier': 'Bronze'}",All,,Europe,,,widowmaker,Widowmaker,9.8,44.4,DAMAGE,2026-05-16 15:18:25.728179+00:00,2026_05_16
23,2025-08-29 14:38:59.781106234,https://overwatch.blizzard.com/en-us/rates/data/?map=all-maps&role=All&rq=1&input=Console&region=Europe&tier=Bronze,"{'map': 'all-maps', 'role': 'All', 'rq': '1', 'input': 'Console', 'region': 'Europe', 'tier': 'Bronze'}",All,,Europe,,,winston,Winston,2.0,39.3,TANK,2026-05-16 15:18:25.728179+00:00,2026_05_16
23,2025-08-29 14:38:59.781106234,https://overwatch.blizzard.com/en-us/rates/data/?map=all-maps&role=All&rq=1&input=Console&region=Europe&tier=Bronze,"{'map': 'all-maps', 'role': 'All', 'rq': '1', 'input': 'Console', 'region': 'Europe', 'tier': 'Bronze'}",All,,Europe,,,wrecking-ball,Wrecking Ball,1.6,46.8,TANK,2026-05-16 15:18:25.728179+00:00,2026_05_16
23,2025-08-29 14:38:59.781106234,https://overwatch.blizzard.com/en-us/rates/data/?map=all-maps&role=All&rq=1&input=Console&region=Europe&tier=Bronze,"{'map': 'all-maps', 'role': 'All', 'rq': '1', 'input': 'Console', 'region': 'Europe', 'tier': 'Bronze'}",All,,Europe,,,wuyang,Wuyang,24.8,50.4,SUPPORT,2026-05-16 15:18:25.728179+00:00,2026_05_16
23,2025-08-29 14:38:59.781106234,https://overwatch.blizzard.com/en-us/rates/data/?map=all-maps&role=All&rq=1&input=Console&region=Europe&tier=Bronze,"{'map': 'all-maps', 'role': 'All', 'rq': '1', 'input': 'Console', 'region': 'Europe', 'tier': 'Bronze'}",All,,Europe,,,zarya,Zarya,3.0,49.8,TANK,2026-05-16 15:18:25.728179+00:00,2026_05_16
23,2025-08-29 14:38:59.781106234,https://overwatch.blizzard.com/en-us/rates/data/?map=all-maps&role=All&rq=1&input=Console&region=Europe&tier=Bronze,"{'map': 'all-maps', 'role': 'All', 'rq': '1', 'input': 'Console', 'region': 'Europe', 'tier': 'Bronze'}",All,,Europe,,,zenyatta,Zenyatta,13.0,50.6,SUPPORT,2026-05-16 15:18:25.728179+00:00,2026_05_16
24,2025-08-29 14:39:00.040475130,https://overwatch.blizzard.com/en-us/rates/data/?map=all-maps&role=All&rq=1&input=Console&region=Europe&tier=Silver,"{'map': 'all-maps', 'role': 'All', 'rq': '1', 'input': 'Console', 'region': 'Europe', 'tier': 'Silver'}",All,,Europe,,,ana,Ana,14.0,46.4,SUPPORT,2026-05-16 15:18:25.728179+00:00,2026_05_16
24,2025-08-29 14:39:00.040475130,https://overwatch.blizzard.com/en-us/rates/data/?map=all-maps&role=All&rq=1&input=Console&region=Europe&tier=Silver,"{'map': 'all-maps', 'role': 'All', 'rq': '1', 'input': 'Console', 'region': 'Europe', 'tier': 'Silver'}",All,,Europe,,,ashe,Ashe,16.8,49.8,DAMAGE,2026-05-16 15:18:25.728179+00:00,2026_05_16
24,2025-08-29 14:39:00.040475130,https://overwatch.blizzard.com/en-us/rates/data/?map=all-maps&role=All&rq=1&input=Console&region=Europe&tier=Silver,"{'map': 'all-maps', 'role': 'All', 'rq': '1', 'input': 'Console', 'region': 'Europe', 'tier': 'Silver'}",All,,Europe,,,baptiste,Baptiste,8.4,48.8,SUPPORT,2026-05-16 15:18:25.728179+00:00,2026_05_16
24,2025-08-29 14:39:00.040475130,https://overwatch.blizzard.com/en-us/rates/data/?map=all-maps&role=All&rq=1&input=Console&region=Europe&tier=Silver,"{'map': 'all-maps', 'role': 'All', 'rq': '1', 'input': 'Console', 'region': 'Europe', 'tier': 'Silver'}",All,,Europe,,,bastion,Bastion,18.9,48.8,DAMAGE,2026-05-16 15:18:25.728179+00:00,2026_05_16
24,2025-08-29 14:39:00.040475130,https://overwatch.blizzard.com/en-us/rates/data/?map=all-maps&role=All&rq=1&input=Console&region=Europe&tier=Silver,"{'map': 'all-maps', 'role': 'All', 'rq': '1', 'input': 'Console', 'region': 'Europe', 'tier': 'Silver'}",All,,Europe,,,brigitte,Brigitte,2.8,50.7,SUPPORT,2026-05-16 15:18:25.728179+00:00,2026_05_16
24,2025-08-29 14:39:00.040475130,https://overwatch.blizzard.com/en-us/rates/data/?map=all-maps&role=All&rq=1&input=Console&region=Europe&tier=Silver,"{'map': 'all-maps', 'role': 'All', 'rq': '1', 'input': 'Console', 'region': 'Europe', 'tier': 'Silver'}",All,,Europe,,,cassidy,Cassidy,19.5,49.6,DAMAGE,2026-05-16 15:18:25.728179+00:00,2026_05_16
24,2025-08-29 14:39:00.040475130,https://overwatch.blizzard.com/en-us/rates/data/?map=all-maps&role=All&rq=1&input=Console&region=Europe&tier=Silver,"{'map': 'all-maps', 'role': 'All', 'rq': '1', 'input': 'Console', 'region': 'Europe', 'tier': 'Silver'}",All,,Europe,,,dva,D.Va,21.3,51.8,TANK,2026-05-16 15:18:25.728179+00:00,2026_05_16
24,2025-08-29 14:39:00.040475130,https://overwatch.blizzard.com/en-us/rates/data/?map=all-maps&role=All&rq=1&input=Console&region=Europe&tier=Silver,"{'map': 'all-maps', 'role': 'All', 'rq': '1', 'input': 'Console', 'region': 'Europe', 'tier': 'Silver'}",All,,Europe,,,doomfist,Doomfist,6.4,54.7,TANK,2026-05-16 15:18:25.728179+00:00,2026_05_16
24,2025-08-29 14:39:00.040475130,https://overwatch.blizzard.com/en-us/rates/data/?map=all-maps&role=All&rq=1&input=Console&region=Europe&tier=Silver,"{'map': 'all-maps', 'role': 'All', 'rq': '1', 'input': 'Console', 'region': 'Europe', 'tier': 'Silver'}",All,,Europe,,,echo,Echo,4.7,45.9,DAMAGE,2026-05-16 15:18:25.728179+00:00,2026_05_16
24,2025-08-29 14:39:00.040475130,https://overwatch.blizzard.com/en-us/rates/data/?map=all-maps&role=All&rq=1&input=Console&region=Europe&tier=Silver,"{'map': 'all-maps', 'role': 'All', 'rq': '1', 'input': 'Console', 'region': 'Europe', 'tier': 'Silver'}",All,,Europe,,,freja,Freja,4.2,42.0,DAMAGE,2026-05-16 15:18:25.728179+00:00,2026_05_16
24,2025-08-29 14:39:00.040475130,https://overwatch.blizzard.com/en-us/rates/data/?map=all-maps&role=All&rq=1&input=Console&region=Europe&tier=Silver,"{'map': 'all-maps', 'role': 'All', 'rq': '1', 'input': 'Console', 'region': 'Europe', 'tier': 'Silver'}",All,,Europe,,,genji,Genji,10.7,52.1,DAMAGE,2026-05-16 15:18:25.728179+00:00,2026_05_16
24,2025-08-29 14:39:00.040475130,https://overwatch.blizzard.com/en-us/rates/data/?map=all-maps&role=All&rq=1&input=Console&region=Europe&tier=Silver,"{'map': 'all-maps', 'role': 'All', 'rq': '1', 'input': 'Console', 'region': 'Europe', 'tier': 'Silver'}",All,,Europe,,,hanzo,Hanzo,15.1,50.6,DAMAGE,2026-05-16 15:18:25.728179+00:00,2026_05_16
24,2025-08-29 14:39:00.040475130,https://overwatch.blizzard.com/en-us/rates/data/?map=all-maps&role=All&rq=1&input=Console&region=Europe&tier=Silver,"{'map': 'all-maps', 'role': 'All', 'rq': '1', 'input': 'Console', 'region': 'Europe', 'tier': 'Silver'}",All,,Europe,,,hazard,Hazard,1.5,39.8,TANK,2026-05-16 15:18:25.728179+00:00,2026_05_16
24,2025-08-29 14:39:00.040475130,https://overwatch.blizzard.com/en-us/rates/data/?map=all-maps&role=All&rq=1&input=Console&region=Europe&tier=Silver,"{'map': 'all-maps', 'role': 'All', 'rq': '1', 'input': 'Console', 'region': 'Europe', 'tier': 'Silver'}",All,,Europe,,,illari,Illari,10.2,50.4,SUPPORT,2026-05-16 15:18:25.728179+00:00,2026_05_16
24,2025-08-29 14:39:00.040475130,https://overwatch.blizzard.com/en-us/rates/data/?map=all-maps&role=All&rq=1&input=Console&region=Europe&tier=Silver,"{'map': 'all-maps', 'role': 'All', 'rq': '1', 'input': 'Console', 'region': 'Europe', 'tier': 'Silver'}",All,,Europe,,,junker-queen,Junker Queen,4.2,52.7,TANK,2026-05-16 15:18:25.728179+00:00,2026_05_16
24,2025-08-29 14:39:00.040475130,https://overwatch.blizzard.com/en-us/rates/data/?map=all-maps&role=All&rq=1&input=Console&region=Europe&tier=Silver,"{'map': 'all-maps', 'role': 'All', 'rq': '1', 'input': 'Console', 'region': 'Europe', 'tier': 'Silver'}",All,,Europe,,,junkrat,Junkrat,11.1,48.4,DAMAGE,2026-05-16 15:18:25.728179+00:00,2026_05_16
24,2025-08-29 14:39:00.040475130,https://overwatch.blizzard.com/en-us/rates/data/?map=all-maps&role=All&rq=1&input=Console&region=Europe&tier=Silver,"{'map': 'all-maps', 'role': 'All', 'rq': '1', 'input': 'Console', 'region': 'Europe', 'tier': 'Silver'}",All,,Europe,,,juno,Juno,9.3,48.4,SUPPORT,2026-05-16 15:18:25.728179+00:00,2026_05_16
24,2025-08-29 14:39:00.040475130,https://overwatch.blizzard.com/en-us/rates/data/?map=all-maps&role=All&rq=1&input=Console&region=Europe&tier=Silver,"{'map': 'all-maps', 'role': 'All', 'rq': '1', 'input': 'Console', 'region': 'Europe', 'tier': 'Silver'}",All,,Europe,,,kiriko,Kiriko,18.2,46.4,SUPPORT,2026-05-16 15:18:25.728179+00:00,2026_05_16
24,2025-08-29 14:39:00.040475130,https://overwatch.blizzard.com/en-us/rates/data/?map=all-maps&role=All&rq=1&input=Console&region=Europe&tier=Silver,"{'map': 'all-maps', 'role': 'All', 'rq': '1', 'input': 'Console', 'region': 'Europe', 'tier': 'Silver'}",All,,Europe,,,lifeweaver,Lifeweaver,13.4,43.6,SUPPORT,2026-05-16 15:18:25.728179+00:00,2026_05_16
24,2025-08-29 14:39:00.040475130,https://overwatch.blizzard.com/en-us/rates/data/?map=all-maps&role=All&rq=1&input=Console&region=Europe&tier=Silver,"{'map': 'all-maps', 'role': 'All', 'rq': '1', 'input': 'Console', 'region': 'Europe', 'tier': 'Silver'}",All,,Europe,,,lucio,Lúcio,13.0,54.6,SUPPORT,2026-05-16 15:18:25.728179+00:00,2026_05_16
24,2025-08-29 14:39:00.040475130,https://overwatch.blizzard.com/en-us/rates/data/?map=all-maps&role=All&rq=1&input=Console&region=Europe&tier=Silver,"{'map': 'all-maps', 'role': 'All', 'rq': '1', 'input': 'Console', 'region': 'Europe', 'tier': 'Silver'}",All,,Europe,,,mauga,Mauga,6.1,46.1,TANK,2026-05-16 15:18:25.728179+00:00,2026_05_16
24,2025-08-29 14:39:00.040475130,https://overwatch.blizzard.com/en-us/rates/data/?map=all-maps&role=All&rq=1&input=Console&region=Europe&tier=Silver,"{'map': 'all-maps', 'role': 'All', 'rq': '1', 'input': 'Console', 'region': 'Europe', 'tier': 'Silver'}",All,,Europe,,,mei,Mei,7.4,48.1,DAMAGE,2026-05-16 15:18:25.728179+00:00,2026_05_16
24,2025-08-29 14:39:00.040475130,https://overwatch.blizzard.com/en-us/rates/data/?map=all-maps&role=All&rq=1&input=Console&region=Europe&tier=Silver,"{'map': 'all-maps', 'role': 'All', 'rq': '1', 'input': 'Console', 'region': 'Europe', 'tier': 'Silver'}",All,,Europe,,,mercy,Mercy,41.2,50.8,SUPPORT,2026-05-16 15:18:25.728179+00:00,2026_05_16
24,2025-08-29 14:39:00.040475130,https://overwatch.blizzard.com/en-us/rates/data/?map=all-maps&role=All&rq=1&input=Console&region=Europe&tier=Silver,"{'map': 'all-maps', 'role': 'All', 'rq': '1', 'input': 'Console', 'region': 'Europe', 'tier': 'Silver'}",All,,Europe,,,moira,Moira,29.2,48.3,SUPPORT,2026-05-16 15:18:25.728179+00:00,2026_05_16
24,2025-08-29 14:39:00.040475130,https://overwatch.blizzard.com/en-us/rates/data/?map=all-maps&role=All&rq=1&input=Console&region=Europe&tier=Silver,"{'map': 'all-maps', 'role': 'All', 'rq': '1', 'input': 'Console', 'region': 'Europe', 'tier': 'Silver'}",All,,Europe,,,orisa,Orisa,16.6,45.9,TANK,2026-05-16 15:18:25.728179+00:00,2026_05_16
24,2025-08-29 14:39:00.040475130,https://overwatch.blizzard.com/en-us/rates/data/?map=all-maps&role=All&rq=1&input=Console&region=Europe&tier=Silver,"{'map': 'all-maps', 'role': 'All', 'rq': '1', 'input': 'Console', 'region': 'Europe', 'tier': 'Silver'}",All,,Europe,,,pharah,Pharah,5.6,48.2,DAMAGE,2026-05-16 15:18:25.728179+00:00,2026_05_16
24,2025-08-29 14:39:00.040475130,https://overwatch.blizzard.com/en-us/rates/data/?map=all-maps&role=All&rq=1&input=Console&region=Europe&tier=Silver,"{'map': 'all-maps', 'role': 'All', 'rq': '1', 'input': 'Console', 'region': 'Europe', 'tier': 'Silver'}",All,,Europe,,,ramattra,Ramattra,9.9,49.6,TANK,2026-05-16 15:18:25.728179+00:00,2026_05_16
24,2025-08-29 14:39:00.040475130,https://overwatch.blizzard.com/en-us/rates/data/?map=all-maps&role=All&rq=1&input=Console&region=Europe&tier=Silver,"{'map': 'all-maps', 'role': 'All', 'rq': '1', 'input': 'Console', 'region': 'Europe', 'tier': 'Silver'}",All,,Europe,,,reaper,Reaper,15.0,55.9,DAMAGE,2026-05-16 15:18:25.728179+00:00,2026_05_16
24,2025-08-29 14:39:00.040475130,https://overwatch.blizzard.com/en-us/rates/data/?map=all-maps&role=All&rq=1&input=Console&region=Europe&tier=Silver,"{'map': 'all-maps', 'role': 'All', 'rq': '1', 'input': 'Console', 'region': 'Europe', 'tier': 'Silver'}",All,,Europe,,,reinhardt,Reinhardt,11.1,54.5,TANK,2026-05-16 15:18:25.728179+00:00,2026_05_16
24,2025-08-29 14:39:00.040475130,https://overwatch.blizzard.com/en-us/rates/data/?map=all-maps&role=All&rq=1&input=Console&region=Europe&tier=Silver,"{'map': 'all-maps', 'role': 'All', 'rq': '1', 'input': 'Console', 'region': 'Europe', 'tier': 'Silver'}",All,,Europe,,,roadhog,Roadhog,6.3,40.5,TANK,2026-05-16 15:18:25.728179+00:00,2026_05_16
24,2025-08-29 14:39:00.040475130,https://overwatch.blizzard.com/en-us/rates/data/?map=all-maps&role=All&rq=1&input=Console&region=Europe&tier=Silver,"{'map': 'all-maps', 'role': 'All', 'rq': '1', 'input': 'Console', 'region': 'Europe', 'tier': 'Silver'}",All,,Europe,,,sigma,Sigma,10.0,50.6,TANK,2026-05-16 15:18:25.728179+00:00,2026_05_16
24,2025-08-29 14:39:00.040475130,https://overwatch.blizzard.com/en-us/rates/data/?map=all-maps&role=All&rq=1&input=Console&region=Europe&tier=Silver,"{'map': 'all-maps', 'role': 'All', 'rq': '1', 'input': 'Console', 'region': 'Europe', 'tier': 'Silver'}",All,,Europe,,,sojourn,Sojourn,18.0,45.8,DAMAGE,2026-05-16 15:18:25.728179+00:00,2026_05_16
24,2025-08-29 14:39:00.040475130,https://overwatch.blizzard.com/en-us/rates/data/?map=all-maps&role=All&rq=1&input=Console&region=Europe&tier=Silver,"{'map': 'all-maps', 'role': 'All', 'rq': '1', 'input': 'Console', 'region': 'Europe', 'tier': 'Silver'}",All,,Europe,,,soldier-76,Soldier: 76,24.7,51.7,DAMAGE,2026-05-16 15:18:25.728179+00:00,2026_05_16
24,2025-08-29 14:39:00.040475130,https://overwatch.blizzard.com/en-us/rates/data/?map=all-maps&role=All&rq=1&input=Console&region=Europe&tier=Silver,"{'map': 'all-maps', 'role': 'All', 'rq': '1', 'input': 'Console', 'region': 'Europe', 'tier': 'Silver'}",All,,Europe,,,sombra,Sombra,2.0,46.7,DAMAGE,2026-05-16 15:18:25.728179+00:00,2026_05_16
24,2025-08-29 14:39:00.040475130,https://overwatch.blizzard.com/en-us/rates/data/?map=all-maps&role=All&rq=1&input=Console&region=Europe&tier=Silver,"{'map': 'all-maps', 'role': 'All', 'rq': '1', 'input': 'Console', 'region': 'Europe', 'tier': 'Silver'}",All,,Europe,,,symmetra,Symmetra,4.2,51.9,DAMAGE,2026-05-16 15:18:25.728179+00:00,2026_05_16
24,2025-08-29 14:39:00.040475130,https://overwatch.blizzard.com/en-us/rates/data/?map=all-maps&role=All&rq=1&input=Console&region=Europe&tier=Silver,"{'map': 'all-maps', 'role': 'All', 'rq': '1', 'input': 'Console', 'region': 'Europe', 'tier': 'Silver'}",All,,Europe,,,torbjorn,Torbjörn,6.7,53.2,DAMAGE,2026-05-16 15:18:25.728179+00:00,2026_05_16
24,2025-08-29 14:39:00.040475130,https://overwatch.blizzard.com/en-us/rates/data/?map=all-maps&role=All&rq=1&input=Console&region=Europe&tier=Silver,"{'map': 'all-maps', 'role': 'All', 'rq': '1', 'input': 'Console', 'region': 'Europe', 'tier': 'Silver'}",All,,Europe,,,tracer,Tracer,5.9,49.2,DAMAGE,2026-05-16 15:18:25.728179+00:00,2026_05_16
24,2025-08-29 14:39:00.040475130,https://overwatch.blizzard.com/en-us/rates/data/?map=all-maps&role=All&rq=1&input=Console&region=Europe&tier=Silver,"{'map': 'all-maps', 'role': 'All', 'rq': '1', 'input': 'Console', 'region': 'Europe', 'tier': 'Silver'}",All,,Europe,,,venture,Venture,3.1,50.4,DAMAGE,2026-05-16 15:18:25.728179+00:00,2026_05_16
24,2025-08-29 14:39:00.040475130,https://overwatch.blizzard.com/en-us/rates/data/?map=all-maps&role=All&rq=1&input=Console&region=Europe&tier=Silver,"{'map': 'all-maps', 'role': 'All', 'rq': '1', 'input': 'Console', 'region': 'Europe', 'tier': 'Silver'}",All,,Europe,,,widowmaker,Widowmaker,6.5,45.9,DAMAGE,2026-05-16 15:18:25.728179+00:00,2026_05_16
24,2025-08-29 14:39:00.040475130,https://overwatch.blizzard.com/en-us/rates/data/?map=all-maps&role=All&rq=1&input=Console&region=Europe&tier=Silver,"{'map': 'all-maps', 'role': 'All', 'rq': '1', 'input': 'Console', 'region': 'Europe', 'tier': 'Silver'}",All,,Europe,,,winston,Winston,2.4,49.7,TANK,2026-05-16 15:18:25.728179+00:00,2026_05_16
24,2025-08-29 14:39:00.040475130,https://overwatch.blizzard.com/en-us/rates/data/?map=all-maps&role=All&rq=1&input=Console&region=Europe&tier=Silver,"{'map': 'all-maps', 'role': 'All', 'rq': '1', 'input': 'Console', 'region': 'Europe', 'tier': 'Silver'}",All,,Europe,,,wrecking-ball,Wrecking Ball,0.9,52.6,TANK,2026-05-16 15:18:25.728179+00:00,2026_05_16
24,2025-08-29 14:39:00.040475130,https://overwatch.blizzard.com/en-us/rates/data/?map=all-maps&role=All&rq=1&input=Console&region=Europe&tier=Silver,"{'map': 'all-maps', 'role': 'All', 'rq': '1', 'input': 'Console', 'region': 'Europe', 'tier': 'Silver'}",All,,Europe,,,wuyang,Wuyang,29.6,55.4,SUPPORT,2026-05-16 15:18:25.728179+00:00,2026_05_16
24,2025-08-29 14:39:00.040475130,https://overwatch.blizzard.com/en-us/rates/data/?map=all-maps&role=All&rq=1&input=Console&region=Europe&tier=Silver,"{'map': 'all-maps', 'role': 'All', 'rq': '1', 'input': 'Console', 'region': 'Europe', 'tier': 'Silver'}",All,,Europe,,,zarya,Zarya,3.3,52.7,TANK,2026-05-16 15:18:25.728179+00:00,2026_05_16
24,2025-08-29 14:39:00.040475130,https://overwatch.blizzard.com/en-us/rates/data/?map=all-maps&role=All&rq=1&input=Console&region=Europe&tier=Silver,"{'map': 'all-maps', 'role': 'All', 'rq': '1', 'input': 'Console', 'region': 'Europe', 'tier': 'Silver'}",All,,Europe,,,zenyatta,Zenyatta,10.8,50.4,SUPPORT,2026-05-16 15:18:25.728179+00:00,2026_05_16
25,2025-08-29 14:39:00.290724516,https://overwatch.blizzard.com/en-us/rates/data/?map=all-maps&role=All&rq=1&input=Console&region=Europe&tier=Gold,"{'map': 'all-maps', 'role': 'All', 'rq': '1', 'input': 'Console', 'region': 'Europe', 'tier': 'Gold'}",All,,Europe,,,ana,Ana,18.9,47.1,SUPPORT,2026-05-16 15:18:25.728179+00:00,2026_05_16
25,2025-08-29 14:39:00.290724516,https://overwatch.blizzard.com/en-us/rates/data/?map=all-maps&role=All&rq=1&input=Console&region=Europe&tier=Gold,"{'map': 'all-maps', 'role': 'All', 'rq': '1', 'input': 'Console', 'region': 'Europe', 'tier': 'Gold'}",All,,Europe,,,ashe,Ashe,16.0,52.0,DAMAGE,2026-05-16 15:18:25.728179+00:00,2026_05_16
25,2025-08-29 14:39:00.290724516,https://overwatch.blizzard.com/en-us/rates/data/?map=all-maps&role=All&rq=1&input=Console&region=Europe&tier=Gold,"{'map': 'all-maps', 'role': 'All', 'rq': '1', 'input': 'Console', 'region': 'Europe', 'tier': 'Gold'}",All,,Europe,,,baptiste,Baptiste,11.5,48.9,SUPPORT,2026-05-16 15:18:25.728179+00:00,2026_05_16
25,2025-08-29 14:39:00.290724516,https://overwatch.blizzard.com/en-us/rates/data/?map=all-maps&role=All&rq=1&input=Console&region=Europe&tier=Gold,"{'map': 'all-maps', 'role': 'All', 'rq': '1', 'input': 'Console', 'region': 'Europe', 'tier': 'Gold'}",All,,Europe,,,bastion,Bastion,14.5,45.9,DAMAGE,2026-05-16 15:18:25.728179+00:00,2026_05_16
25,2025-08-29 14:39:00.290724516,https://overwatch.blizzard.com/en-us/rates/data/?map=all-maps&role=All&rq=1&input=Console&region=Europe&tier=Gold,"{'map': 'all-maps', 'role': 'All', 'rq': '1', 'input': 'Console', 'region': 'Europe', 'tier': 'Gold'}",All,,Europe,,,brigitte,Brigitte,3.4,50.2,SUPPORT,2026-05-16 15:18:25.728179+00:00,2026_05_16
25,2025-08-29 14:39:00.290724516,https://overwatch.blizzard.com/en-us/rates/data/?map=all-maps&role=All&rq=1&input=Console&region=Europe&tier=Gold,"{'map': 'all-maps', 'role': 'All', 'rq': '1', 'input': 'Console', 'region': 'Europe', 'tier': 'Gold'}",All,,Europe,,,cassidy,Cassidy,25.4,50.0,DAMAGE,2026-05-16 15:18:25.728179+00:00,2026_05_16
25,2025-08-29 14:39:00.290724516,https://overwatch.blizzard.com/en-us/rates/data/?map=all-maps&role=All&rq=1&input=Console&region=Europe&tier=Gold,"{'map': 'all-maps', 'role': 'All', 'rq': '1', 'input': 'Console', 'region': 'Europe', 'tier': 'Gold'}",All,,Europe,,,dva,D.Va,15.7,52.8,TANK,2026-05-16 15:18:25.728179+00:00,2026_05_16
25,2025-08-29 14:39:00.290724516,https://overwatch.blizzard.com/en-us/rates/data/?map=all-maps&role=All&rq=1&input=Console&region=Europe&tier=Gold,"{'map': 'all-maps', 'role': 'All', 'rq': '1', 'input': 'Console', 'region': 'Europe', 'tier': 'Gold'}",All,,Europe,,,doomfist,Doomfist,7.4,53.5,TANK,2026-05-16 15:18:25.728179+00:00,2026_05_16
25,2025-08-29 14:39:00.290724516,https://overwatch.blizzard.com/en-us/rates/data/?map=all-maps&role=All&rq=1&input=Console&region=Europe&tier=Gold,"{'map': 'all-maps', 'role': 'All', 'rq': '1', 'input': 'Console', 'region': 'Europe', 'tier': 'Gold'}",All,,Europe,,,echo,Echo,4.1,49.7,DAMAGE,2026-05-16 15:18:25.728179+00:00,2026_05_16
25,2025-08-29 14:39:00.290724516,https://overwatch.blizzard.com/en-us/rates/data/?map=all-maps&role=All&rq=1&input=Console&region=Europe&tier=Gold,"{'map': 'all-maps', 'role': 'All', 'rq': '1', 'input': 'Console', 'region': 'Europe', 'tier': 'Gold'}",All,,Europe,,,freja,Freja,4.0,42.7,DAMAGE,2026-05-16 15:18:25.728179+00:00,2026_05_16
25,2025-08-29 14:39:00.290724516,https://overwatch.blizzard.com/en-us/rates/data/?map=all-maps&role=All&rq=1&input=Console&region=Europe&tier=Gold,"{'map': 'all-maps', 'role': 'All', 'rq': '1', 'input': 'Console', 'region': 'Europe', 'tier': 'Gold'}",All,,Europe,,,genji,Genji,13.0,52.2,DAMAGE,2026-05-16 15:18:25.728179+00:00,2026_05_16
25,2025-08-29 14:39:00.290724516,https://overwatch.blizzard.com/en-us/rates/data/?map=all-maps&role=All&rq=1&input=Console&region=Europe&tier=Gold,"{'map': 'all-maps', 'role': 'All', 'rq': '1', 'input': 'Console', 'region': 'Europe', 'tier': 'Gold'}",All,,Europe,,,hanzo,Hanzo,12.7,51.6,DAMAGE,2026-05-16 15:18:25.728179+00:00,2026_05_16
25,2025-08-29 14:39:00.290724516,https://overwatch.blizzard.com/en-us/rates/data/?map=all-maps&role=All&rq=1&input=Console&region=Europe&tier=Gold,"{'map': 'all-maps', 'role': 'All', 'rq': '1', 'input': 'Console', 'region': 'Europe', 'tier': 'Gold'}",All,,Europe,,,hazard,Hazard,1.8,53.2,TANK,2026-05-16 15:18:25.728179+00:00,2026_05_16
25,2025-08-29 14:39:00.290724516,https://overwatch.blizzard.com/en-us/rates/data/?map=all-maps&role=All&rq=1&input=Console&region=Europe&tier=Gold,"{'map': 'all-maps', 'role': 'All', 'rq': '1', 'input': 'Console', 'region': 'Europe', 'tier': 'Gold'}",All,,Europe,,,illari,Illari,10.5,50.8,SUPPORT,2026-05-16 15:18:25.728179+00:00,2026_05_16
25,2025-08-29 14:39:00.290724516,https://overwatch.blizzard.com/en-us/rates/data/?map=all-maps&role=All&rq=1&input=Console&region=Europe&tier=Gold,"{'map': 'all-maps', 'role': 'All', 'rq': '1', 'input': 'Console', 'region': 'Europe', 'tier': 'Gold'}",All,,Europe,,,junker-queen,Junker Queen,4.9,53.0,TANK,2026-05-16 15:18:25.728179+00:00,2026_05_16
25,2025-08-29 14:39:00.290724516,https://overwatch.blizzard.com/en-us/rates/data/?map=all-maps&role=All&rq=1&input=Console&region=Europe&tier=Gold,"{'map': 'all-maps', 'role': 'All', 'rq': '1', 'input': 'Console', 'region': 'Europe', 'tier': 'Gold'}",All,,Europe,,,junkrat,Junkrat,9.4,47.4,DAMAGE,2026-05-16 15:18:25.728179+00:00,2026_05_16
25,2025-08-29 14:39:00.290724516,https://overwatch.blizzard.com/en-us/rates/data/?map=all-maps&role=All&rq=1&input=Console&region=Europe&tier=Gold,"{'map': 'all-maps', 'role': 'All', 'rq': '1', 'input': 'Console', 'region': 'Europe', 'tier': 'Gold'}",All,,Europe,,,juno,Juno,9.0,49.4,SUPPORT,2026-05-16 15:18:25.728179+00:00,2026_05_16
25,2025-08-29 14:39:00.290724516,https://overwatch.blizzard.com/en-us/rates/data/?map=all-maps&role=All&rq=1&input=Console&region=Europe&tier=Gold,"{'map': 'all-maps', 'role': 'All', 'rq': '1', 'input': 'Console', 'region': 'Europe', 'tier': 'Gold'}",All,,Europe,,,kiriko,Kiriko,17.7,45.3,SUPPORT,2026-05-16 15:18:25.728179+00:00,2026_05_16
25,2025-08-29 14:39:00.290724516,https://overwatch.blizzard.com/en-us/rates/data/?map=all-maps&role=All&rq=1&input=Console&region=Europe&tier=Gold,"{'map': 'all-maps', 'role': 'All', 'rq': '1', 'input': 'Console', 'region': 'Europe', 'tier': 'Gold'}",All,,Europe,,,lifeweaver,Lifeweaver,14.3,44.5,SUPPORT,2026-05-16 15:18:25.728179+00:00,2026_05_16
25,2025-08-29 14:39:00.290724516,https://overwatch.blizzard.com/en-us/rates/data/?map=all-maps&role=All&rq=1&input=Console&region=Europe&tier=Gold,"{'map': 'all-maps', 'role': 'All', 'rq': '1', 'input': 'Console', 'region': 'Europe', 'tier': 'Gold'}",All,,Europe,,,lucio,Lúcio,12.3,55.2,SUPPORT,2026-05-16 15:18:25.728179+00:00,2026_05_16
25,2025-08-29 14:39:00.290724516,https://overwatch.blizzard.com/en-us/rates/data/?map=all-maps&role=All&rq=1&input=Console&region=Europe&tier=Gold,"{'map': 'all-maps', 'role': 'All', 'rq': '1', 'input': 'Console', 'region': 'Europe', 'tier': 'Gold'}",All,,Europe,,,mauga,Mauga,5.8,46.9,TANK,2026-05-16 15:18:25.728179+00:00,2026_05_16
25,2025-08-29 14:39:00.290724516,https://overwatch.blizzard.com/en-us/rates/data/?map=all-maps&role=All&rq=1&input=Console&region=Europe&tier=Gold,"{'map': 'all-maps', 'role': 'All', 'rq': '1', 'input': 'Console', 'region': 'Europe', 'tier': 'Gold'}",All,,Europe,,,mei,Mei,8.0,46.8,DAMAGE,2026-05-16 15:18:25.728179+00:00,2026_05_16
25,2025-08-29 14:39:00.290724516,https://overwatch.blizzard.com/en-us/rates/data/?map=all-maps&role=All&rq=1&input=Console&region=Europe&tier=Gold,"{'map': 'all-maps', 'role': 'All', 'rq': '1', 'input': 'Console', 'region': 'Europe', 'tier': 'Gold'}",All,,Europe,,,mercy,Mercy,34.1,51.0,SUPPORT,2026-05-16 15:18:25.728179+00:00,2026_05_16
25,2025-08-29 14:39:00.290724516,https://overwatch.blizzard.com/en-us/rates/data/?map=all-maps&role=All&rq=1&input=Console&region=Europe&tier=Gold,"{'map': 'all-maps', 'role': 'All', 'rq': '1', 'input': 'Console', 'region': 'Europe', 'tier': 'Gold'}",All,,Europe,,,moira,Moira,27.6,46.8,SUPPORT,2026-05-16 15:18:25.728179+00:00,2026_05_16
25,2025-08-29 14:39:00.290724516,https://overwatch.blizzard.com/en-us/rates/data/?map=all-maps&role=All&rq=1&input=Console&region=Europe&tier=Gold,"{'map': 'all-maps', 'role': 'All', 'rq': '1', 'input': 'Console', 'region': 'Europe', 'tier': 'Gold'}",All,,Europe,,,orisa,Orisa,14.2,45.6,TANK,2026-05-16 15:18:25.728179+00:00,2026_05_16
25,2025-08-29 14:39:00.290724516,https://overwatch.blizzard.com/en-us/rates/data/?map=all-maps&role=All&rq=1&input=Console&region=Europe&tier=Gold,"{'map': 'all-maps', 'role': 'All', 'rq': '1', 'input': 'Console', 'region': 'Europe', 'tier': 'Gold'}",All,,Europe,,,pharah,Pharah,3.9,49.0,DAMAGE,2026-05-16 15:18:25.728179+00:00,2026_05_16
25,2025-08-29 14:39:00.290724516,https://overwatch.blizzard.com/en-us/rates/data/?map=all-maps&role=All&rq=1&input=Console&region=Europe&tier=Gold,"{'map': 'all-maps', 'role': 'All', 'rq': '1', 'input': 'Console', 'region': 'Europe', 'tier': 'Gold'}",All,,Europe,,,ramattra,Ramattra,9.8,45.2,TANK,2026-05-16 15:18:25.728179+00:00,2026_05_16
25,2025-08-29 14:39:00.290724516,https://overwatch.blizzard.com/en-us/rates/data/?map=all-maps&role=All&rq=1&input=Console&region=Europe&tier=Gold,"{'map': 'all-maps', 'role': 'All', 'rq': '1', 'input': 'Console', 'region': 'Europe', 'tier': 'Gold'}",All,,Europe,,,reaper,Reaper,15.0,52.4,DAMAGE,2026-05-16 15:18:25.728179+00:00,2026_05_16
25,2025-08-29 14:39:00.290724516,https://overwatch.blizzard.com/en-us/rates/data/?map=all-maps&role=All&rq=1&input=Console&region=Europe&tier=Gold,"{'map': 'all-maps', 'role': 'All', 'rq': '1', 'input': 'Console', 'region': 'Europe', 'tier': 'Gold'}",All,,Europe,,,reinhardt,Reinhardt,14.0,55.0,TANK,2026-05-16 15:18:25.728179+00:00,2026_05_16
25,2025-08-29 14:39:00.290724516,https://overwatch.blizzard.com/en-us/rates/data/?map=all-maps&role=All&rq=1&input=Console&region=Europe&tier=Gold,"{'map': 'all-maps', 'role': 'All', 'rq': '1', 'input': 'Console', 'region': 'Europe', 'tier': 'Gold'}",All,,Europe,,,roadhog,Roadhog,7.3,40.4,TANK,2026-05-16 15:18:25.728179+00:00,2026_05_16
25,2025-08-29 14:39:00.290724516,https://overwatch.blizzard.com/en-us/rates/data/?map=all-maps&role=All&rq=1&input=Console&region=Europe&tier=Gold,"{'map': 'all-maps', 'role': 'All', 'rq': '1', 'input': 'Console', 'region': 'Europe', 'tier': 'Gold'}",All,,Europe,,,sigma,Sigma,10.1,51.5,TANK,2026-05-16 15:18:25.728179+00:00,2026_05_16
25,2025-08-29 14:39:00.290724516,https://overwatch.blizzard.com/en-us/rates/data/?map=all-maps&role=All&rq=1&input=Console&region=Europe&tier=Gold,"{'map': 'all-maps', 'role': 'All', 'rq': '1', 'input': 'Console', 'region': 'Europe', 'tier': 'Gold'}",All,,Europe,,,sojourn,Sojourn,17.5,46.9,DAMAGE,2026-05-16 15:18:25.728179+00:00,2026_05_16
25,2025-08-29 14:39:00.290724516,https://overwatch.blizzard.com/en-us/rates/data/?map=all-maps&role=All&rq=1&input=Console&region=Europe&tier=Gold,"{'map': 'all-maps', 'role': 'All', 'rq': '1', 'input': 'Console', 'region': 'Europe', 'tier': 'Gold'}",All,,Europe,,,soldier-76,Soldier: 76,27.9,50.4,DAMAGE,2026-05-16 15:18:25.728179+00:00,2026_05_16
25,2025-08-29 14:39:00.290724516,https://overwatch.blizzard.com/en-us/rates/data/?map=all-maps&role=All&rq=1&input=Console&region=Europe&tier=Gold,"{'map': 'all-maps', 'role': 'All', 'rq': '1', 'input': 'Console', 'region': 'Europe', 'tier': 'Gold'}",All,,Europe,,,sombra,Sombra,2.0,49.5,DAMAGE,2026-05-16 15:18:25.728179+00:00,2026_05_16
25,2025-08-29 14:39:00.290724516,https://overwatch.blizzard.com/en-us/rates/data/?map=all-maps&role=All&rq=1&input=Console&region=Europe&tier=Gold,"{'map': 'all-maps', 'role': 'All', 'rq': '1', 'input': 'Console', 'region': 'Europe', 'tier': 'Gold'}",All,,Europe,,,symmetra,Symmetra,4.2,49.5,DAMAGE,2026-05-16 15:18:25.728179+00:00,2026_05_16
25,2025-08-29 14:39:00.290724516,https://overwatch.blizzard.com/en-us/rates/data/?map=all-maps&role=All&rq=1&input=Console&region=Europe&tier=Gold,"{'map': 'all-maps', 'role': 'All', 'rq': '1', 'input': 'Console', 'region': 'Europe', 'tier': 'Gold'}",All,,Europe,,,torbjorn,Torbjörn,6.2,50.0,DAMAGE,2026-05-16 15:18:25.728179+00:00,2026_05_16
25,2025-08-29 14:39:00.290724516,https://overwatch.blizzard.com/en-us/rates/data/?map=all-maps&role=All&rq=1&input=Console&region=Europe&tier=Gold,"{'map': 'all-maps', 'role': 'All', 'rq': '1', 'input': 'Console', 'region': 'Europe', 'tier': 'Gold'}",All,,Europe,,,tracer,Tracer,6.5,50.0,DAMAGE,2026-05-16 15:18:25.728179+00:00,2026_05_16
25,2025-08-29 14:39:00.290724516,https://overwatch.blizzard.com/en-us/rates/data/?map=all-maps&role=All&rq=1&input=Console&region=Europe&tier=Gold,"{'map': 'all-maps', 'role': 'All', 'rq': '1', 'input': 'Console', 'region': 'Europe', 'tier': 'Gold'}",All,,Europe,,,venture,Venture,3.9,51.6,DAMAGE,2026-05-16 15:18:25.728179+00:00,2026_05_16
25,2025-08-29 14:39:00.290724516,https://overwatch.blizzard.com/en-us/rates/data/?map=all-maps&role=All&rq=1&input=Console&region=Europe&tier=Gold,"{'map': 'all-maps', 'role': 'All', 'rq': '1', 'input': 'Console', 'region': 'Europe', 'tier': 'Gold'}",All,,Europe,,,widowmaker,Widowmaker,5.7,49.5,DAMAGE,2026-05-16 15:18:25.728179+00:00,2026_05_16
25,2025-08-29 14:39:00.290724516,https://overwatch.blizzard.com/en-us/rates/data/?map=all-maps&role=All&rq=1&input=Console&region=Europe&tier=Gold,"{'map': 'all-maps', 'role': 'All', 'rq': '1', 'input': 'Console', 'region': 'Europe', 'tier': 'Gold'}",All,,Europe,,,winston,Winston,2.9,46.9,TANK,2026-05-16 15:18:25.728179+00:00,2026_05_16
25,2025-08-29 14:39:00.290724516,https://overwatch.blizzard.com/en-us/rates/data/?map=all-maps&role=All&rq=1&input=Console&region=Europe&tier=Gold,"{'map': 'all-maps', 'role': 'All', 'rq': '1', 'input': 'Console', 'region': 'Europe', 'tier': 'Gold'}",All,,Europe,,,wrecking-ball,Wrecking Ball,1.3,55.9,TANK,2026-05-16 15:18:25.728179+00:00,2026_05_16
25,2025-08-29 14:39:00.290724516,https://overwatch.blizzard.com/en-us/rates/data/?map=all-maps&role=All&rq=1&input=Console&region=Europe&tier=Gold,"{'map': 'all-maps', 'role': 'All', 'rq': '1', 'input': 'Console', 'region': 'Europe', 'tier': 'Gold'}",All,,Europe,,,wuyang,Wuyang,30.5,55.2,SUPPORT,2026-05-16 15:18:25.728179+00:00,2026_05_16
25,2025-08-29 14:39:00.290724516,https://overwatch.blizzard.com/en-us/rates/data/?map=all-maps&role=All&rq=1&input=Console&region=Europe&tier=Gold,"{'map': 'all-maps', 'role': 'All', 'rq': '1', 'input': 'Console', 'region': 'Europe', 'tier': 'Gold'}",All,,Europe,,,zarya,Zarya,4.7,48.8,TANK,2026-05-16 15:18:25.728179+00:00,2026_05_16
25,2025-08-29 14:39:00.290724516,https://overwatch.blizzard.com/en-us/rates/data/?map=all-maps&role=All&rq=1&input=Console&region=Europe&tier=Gold,"{'map': 'all-maps', 'role': 'All', 'rq': '1', 'input': 'Console', 'region': 'Europe', 'tier': 'Gold'}",All,,Europe,,,zenyatta,Zenyatta,10.2,51.6,SUPPORT,2026-05-16 15:18:25.728179+00:00,2026_05_16
26,2025-08-29 14:39:00.556734324,https://overwatch.blizzard.com/en-us/rates/data/?map=all-maps&role=All&rq=1&input=Console&region=Europe&tier=Platinum,"{'map': 'all-maps', 'role': 'All', 'rq': '1', 'input': 'Console', 'region': 'Europe', 'tier': 'Platinum'}",All,,Europe,,,ana,Ana,25.2,47.5,SUPPORT,2026-05-16 15:18:25.728179+00:00,2026_05_16
26,2025-08-29 14:39:00.556734324,https://overwatch.blizzard.com/en-us/rates/data/?map=all-maps&role=All&rq=1&input=Console&region=Europe&tier=Platinum,"{'map': 'all-maps', 'role': 'All', 'rq': '1', 'input': 'Console', 'region': 'Europe', 'tier': 'Platinum'}",All,,Europe,,,ashe,Ashe,17.6,53.2,DAMAGE,2026-05-16 15:18:25.728179+00:00,2026_05_16
26,2025-08-29 14:39:00.556734324,https://overwatch.blizzard.com/en-us/rates/data/?map=all-maps&role=All&rq=1&input=Console&region=Europe&tier=Platinum,"{'map': 'all-maps', 'role': 'All', 'rq': '1', 'input': 'Console', 'region': 'Europe', 'tier': 'Platinum'}",All,,Europe,,,baptiste,Baptiste,16.0,50.0,SUPPORT,2026-05-16 15:18:25.728179+00:00,2026_05_16
26,2025-08-29 14:39:00.556734324,https://overwatch.blizzard.com/en-us/rates/data/?map=all-maps&role=All&rq=1&input=Console&region=Europe&tier=Platinum,"{'map': 'all-maps', 'role': 'All', 'rq': '1', 'input': 'Console', 'region': 'Europe', 'tier': 'Platinum'}",All,,Europe,,,bastion,Bastion,10.1,45.3,DAMAGE,2026-05-16 15:18:25.728179+00:00,2026_05_16
26,2025-08-29 14:39:00.556734324,https://overwatch.blizzard.com/en-us/rates/data/?map=all-maps&role=All&rq=1&input=Console&region=Europe&tier=Platinum,"{'map': 'all-maps', 'role': 'All', 'rq': '1', 'input': 'Console', 'region': 'Europe', 'tier': 'Platinum'}",All,,Europe,,,brigitte,Brigitte,5.0,50.1,SUPPORT,2026-05-16 15:18:25.728179+00:00,2026_05_16
26,2025-08-29 14:39:00.556734324,https://overwatch.blizzard.com/en-us/rates/data/?map=all-maps&role=All&rq=1&input=Console&region=Europe&tier=Platinum,"{'map': 'all-maps', 'role': 'All', 'rq': '1', 'input': 'Console', 'region': 'Europe', 'tier': 'Platinum'}",All,,Europe,,,cassidy,Cassidy,31.8,48.1,DAMAGE,2026-05-16 15:18:25.728179+00:00,2026_05_16
26,2025-08-29 14:39:00.556734324,https://overwatch.blizzard.com/en-us/rates/data/?map=all-maps&role=All&rq=1&input=Console&region=Europe&tier=Platinum,"{'map': 'all-maps', 'role': 'All', 'rq': '1', 'input': 'Console', 'region': 'Europe', 'tier': 'Platinum'}",All,,Europe,,,dva,D.Va,11.8,53.7,TANK,2026-05-16 15:18:25.728179+00:00,2026_05_16
26,2025-08-29 14:39:00.556734324,https://overwatch.blizzard.com/en-us/rates/data/?map=all-maps&role=All&rq=1&input=Console&region=Europe&tier=Platinum,"{'map': 'all-maps', 'role': 'All', 'rq': '1', 'input': 'Console', 'region': 'Europe', 'tier': 'Platinum'}",All,,Europe,,,doomfist,Doomfist,9.0,53.0,TANK,2026-05-16 15:18:25.728179+00:00,2026_05_16
26,2025-08-29 14:39:00.556734324,https://overwatch.blizzard.com/en-us/rates/data/?map=all-maps&role=All&rq=1&input=Console&region=Europe&tier=Platinum,"{'map': 'all-maps', 'role': 'All', 'rq': '1', 'input': 'Console', 'region': 'Europe', 'tier': 'Platinum'}",All,,Europe,,,echo,Echo,3.3,49.1,DAMAGE,2026-05-16 15:18:25.728179+00:00,2026_05_16
26,2025-08-29 14:39:00.556734324,https://overwatch.blizzard.com/en-us/rates/data/?map=all-maps&role=All&rq=1&input=Console&region=Europe&tier=Platinum,"{'map': 'all-maps', 'role': 'All', 'rq': '1', 'input': 'Console', 'region': 'Europe', 'tier': 'Platinum'}",All,,Europe,,,freja,Freja,4.2,44.8,DAMAGE,2026-05-16 15:18:25.728179+00:00,2026_05_16
26,2025-08-29 14:39:00.556734324,https://overwatch.blizzard.com/en-us/rates/data/?map=all-maps&role=All&rq=1&input=Console&region=Europe&tier=Platinum,"{'map': 'all-maps', 'role': 'All', 'rq': '1', 'input': 'Console', 'region': 'Europe', 'tier': 'Platinum'}",All,,Europe,,,genji,Genji,15.0,52.6,DAMAGE,2026-05-16 15:18:25.728179+00:00,2026_05_16
26,2025-08-29 14:39:00.556734324,https://overwatch.blizzard.com/en-us/rates/data/?map=all-maps&role=All&rq=1&input=Console&region=Europe&tier=Platinum,"{'map': 'all-maps', 'role': 'All', 'rq': '1', 'input': 'Console', 'region': 'Europe', 'tier': 'Platinum'}",All,,Europe,,,hanzo,Hanzo,11.2,50.8,DAMAGE,2026-05-16 15:18:25.728179+00:00,2026_05_16
26,2025-08-29 14:39:00.556734324,https://overwatch.blizzard.com/en-us/rates/data/?map=all-maps&role=All&rq=1&input=Console&region=Europe&tier=Platinum,"{'map': 'all-maps', 'role': 'All', 'rq': '1', 'input': 'Console', 'region': 'Europe', 'tier': 'Platinum'}",All,,Europe,,,hazard,Hazard,3.2,53.4,TANK,2026-05-16 15:18:25.728179+00:00,2026_05_16
26,2025-08-29 14:39:00.556734324,https://overwatch.blizzard.com/en-us/rates/data/?map=all-maps&role=All&rq=1&input=Console&region=Europe&tier=Platinum,"{'map': 'all-maps', 'role': 'All', 'rq': '1', 'input': 'Console', 'region': 'Europe', 'tier': 'Platinum'}",All,,Europe,,,illari,Illari,10.8,52.3,SUPPORT,2026-05-16 15:18:25.728179+00:00,2026_05_16
26,2025-08-29 14:39:00.556734324,https://overwatch.blizzard.com/en-us/rates/data/?map=all-maps&role=All&rq=1&input=Console&region=Europe&tier=Platinum,"{'map': 'all-maps', 'role': 'All', 'rq': '1', 'input': 'Console', 'region': 'Europe', 'tier': 'Platinum'}",All,,Europe,,,junker-queen,Junker Queen,5.7,53.3,TANK,2026-05-16 15:18:25.728179+00:00,2026_05_16
26,2025-08-29 14:39:00.556734324,https://overwatch.blizzard.com/en-us/rates/data/?map=all-maps&role=All&rq=1&input=Console&region=Europe&tier=Platinum,"{'map': 'all-maps', 'role': 'All', 'rq': '1', 'input': 'Console', 'region': 'Europe', 'tier': 'Platinum'}",All,,Europe,,,junkrat,Junkrat,6.0,48.0,DAMAGE,2026-05-16 15:18:25.728179+00:00,2026_05_16
26,2025-08-29 14:39:00.556734324,https://overwatch.blizzard.com/en-us/rates/data/?map=all-maps&role=All&rq=1&input=Console&region=Europe&tier=Platinum,"{'map': 'all-maps', 'role': 'All', 'rq': '1', 'input': 'Console', 'region': 'Europe', 'tier': 'Platinum'}",All,,Europe,,,juno,Juno,9.3,49.9,SUPPORT,2026-05-16 15:18:25.728179+00:00,2026_05_16
26,2025-08-29 14:39:00.556734324,https://overwatch.blizzard.com/en-us/rates/data/?map=all-maps&role=All&rq=1&input=Console&region=Europe&tier=Platinum,"{'map': 'all-maps', 'role': 'All', 'rq': '1', 'input': 'Console', 'region': 'Europe', 'tier': 'Platinum'}",All,,Europe,,,kiriko,Kiriko,19.5,44.3,SUPPORT,2026-05-16 15:18:25.728179+00:00,2026_05_16
26,2025-08-29 14:39:00.556734324,https://overwatch.blizzard.com/en-us/rates/data/?map=all-maps&role=All&rq=1&input=Console&region=Europe&tier=Platinum,"{'map': 'all-maps', 'role': 'All', 'rq': '1', 'input': 'Console', 'region': 'Europe', 'tier': 'Platinum'}",All,,Europe,,,lifeweaver,Lifeweaver,12.7,43.6,SUPPORT,2026-05-16 15:18:25.728179+00:00,2026_05_16
26,2025-08-29 14:39:00.556734324,https://overwatch.blizzard.com/en-us/rates/data/?map=all-maps&role=All&rq=1&input=Console&region=Europe&tier=Platinum,"{'map': 'all-maps', 'role': 'All', 'rq': '1', 'input': 'Console', 'region': 'Europe', 'tier': 'Platinum'}",All,,Europe,,,lucio,Lúcio,10.6,55.2,SUPPORT,2026-05-16 15:18:25.728179+00:00,2026_05_16
26,2025-08-29 14:39:00.556734324,https://overwatch.blizzard.com/en-us/rates/data/?map=all-maps&role=All&rq=1&input=Console&region=Europe&tier=Platinum,"{'map': 'all-maps', 'role': 'All', 'rq': '1', 'input': 'Console', 'region': 'Europe', 'tier': 'Platinum'}",All,,Europe,,,mauga,Mauga,5.6,49.9,TANK,2026-05-16 15:18:25.728179+00:00,2026_05_16
26,2025-08-29 14:39:00.556734324,https://overwatch.blizzard.com/en-us/rates/data/?map=all-maps&role=All&rq=1&input=Console&region=Europe&tier=Platinum,"{'map': 'all-maps', 'role': 'All', 'rq': '1', 'input': 'Console', 'region': 'Europe', 'tier': 'Platinum'}",All,,Europe,,,mei,Mei,7.0,44.6,DAMAGE,2026-05-16 15:18:25.728179+00:00,2026_05_16
26,2025-08-29 14:39:00.556734324,https://overwatch.blizzard.com/en-us/rates/data/?map=all-maps&role=All&rq=1&input=Console&region=Europe&tier=Platinum,"{'map': 'all-maps', 'role': 'All', 'rq': '1', 'input': 'Console', 'region': 'Europe', 'tier': 'Platinum'}",All,,Europe,,,mercy,Mercy,27.7,52.2,SUPPORT,2026-05-16 15:18:25.728179+00:00,2026_05_16
26,2025-08-29 14:39:00.556734324,https://overwatch.blizzard.com/en-us/rates/data/?map=all-maps&role=All&rq=1&input=Console&region=Europe&tier=Platinum,"{'map': 'all-maps', 'role': 'All', 'rq': '1', 'input': 'Console', 'region': 'Europe', 'tier': 'Platinum'}",All,,Europe,,,moira,Moira,23.5,44.8,SUPPORT,2026-05-16 15:18:25.728179+00:00,2026_05_16
26,2025-08-29 14:39:00.556734324,https://overwatch.blizzard.com/en-us/rates/data/?map=all-maps&role=All&rq=1&input=Console&region=Europe&tier=Platinum,"{'map': 'all-maps', 'role': 'All', 'rq': '1', 'input': 'Console', 'region': 'Europe', 'tier': 'Platinum'}",All,,Europe,,,orisa,Orisa,12.1,45.3,TANK,2026-05-16 15:18:25.728179+00:00,2026_05_16
26,2025-08-29 14:39:00.556734324,https://overwatch.blizzard.com/en-us/rates/data/?map=all-maps&role=All&rq=1&input=Console&region=Europe&tier=Platinum,"{'map': 'all-maps', 'role': 'All', 'rq': '1', 'input': 'Console', 'region': 'Europe', 'tier': 'Platinum'}",All,,Europe,,,pharah,Pharah,2.8,49.7,DAMAGE,2026-05-16 15:18:25.728179+00:00,2026_05_16
26,2025-08-29 14:39:00.556734324,https://overwatch.blizzard.com/en-us/rates/data/?map=all-maps&role=All&rq=1&input=Console&region=Europe&tier=Platinum,"{'map': 'all-maps', 'role': 'All', 'rq': '1', 'input': 'Console', 'region': 'Europe', 'tier': 'Platinum'}",All,,Europe,,,ramattra,Ramattra,7.8,43.1,TANK,2026-05-16 15:18:25.728179+00:00,2026_05_16
26,2025-08-29 14:39:00.556734324,https://overwatch.blizzard.com/en-us/rates/data/?map=all-maps&role=All&rq=1&input=Console&region=Europe&tier=Platinum,"{'map': 'all-maps', 'role': 'All', 'rq': '1', 'input': 'Console', 'region': 'Europe', 'tier': 'Platinum'}",All,,Europe,,,reaper,Reaper,12.9,52.0,DAMAGE,2026-05-16 15:18:25.728179+00:00,2026_05_16
26,2025-08-29 14:39:00.556734324,https://overwatch.blizzard.com/en-us/rates/data/?map=all-maps&role=All&rq=1&input=Console&region=Europe&tier=Platinum,"{'map': 'all-maps', 'role': 'All', 'rq': '1', 'input': 'Console', 'region': 'Europe', 'tier': 'Platinum'}",All,,Europe,,,reinhardt,Reinhardt,14.3,54.4,TANK,2026-05-16 15:18:25.728179+00:00,2026_05_16
26,2025-08-29 14:39:00.556734324,https://overwatch.blizzard.com/en-us/rates/data/?map=all-maps&role=All&rq=1&input=Console&region=Europe&tier=Platinum,"{'map': 'all-maps', 'role': 'All', 'rq': '1', 'input': 'Console', 'region': 'Europe', 'tier': 'Platinum'}",All,,Europe,,,roadhog,Roadhog,7.7,39.7,TANK,2026-05-16 15:18:25.728179+00:00,2026_05_16
26,2025-08-29 14:39:00.556734324,https://overwatch.blizzard.com/en-us/rates/data/?map=all-maps&role=All&rq=1&input=Console&region=Europe&tier=Platinum,"{'map': 'all-maps', 'role': 'All', 'rq': '1', 'input': 'Console', 'region': 'Europe', 'tier': 'Platinum'}",All,,Europe,,,sigma,Sigma,9.7,50.7,TANK,2026-05-16 15:18:25.728179+00:00,2026_05_16
26,2025-08-29 14:39:00.556734324,https://overwatch.blizzard.com/en-us/rates/data/?map=all-maps&role=All&rq=1&input=Console&region=Europe&tier=Platinum,"{'map': 'all-maps', 'role': 'All', 'rq': '1', 'input': 'Console', 'region': 'Europe', 'tier': 'Platinum'}",All,,Europe,,,sojourn,Sojourn,18.2,46.1,DAMAGE,2026-05-16 15:18:25.728179+00:00,2026_05_16
26,2025-08-29 14:39:00.556734324,https://overwatch.blizzard.com/en-us/rates/data/?map=all-maps&role=All&rq=1&input=Console&region=Europe&tier=Platinum,"{'map': 'all-maps', 'role': 'All', 'rq': '1', 'input': 'Console', 'region': 'Europe', 'tier': 'Platinum'}",All,,Europe,,,soldier-76,Soldier: 76,28.8,50.2,DAMAGE,2026-05-16 15:18:25.728179+00:00,2026_05_16
26,2025-08-29 14:39:00.556734324,https://overwatch.blizzard.com/en-us/rates/data/?map=all-maps&role=All&rq=1&input=Console&region=Europe&tier=Platinum,"{'map': 'all-maps', 'role': 'All', 'rq': '1', 'input': 'Console', 'region': 'Europe', 'tier': 'Platinum'}",All,,Europe,,,sombra,Sombra,2.7,50.0,DAMAGE,2026-05-16 15:18:25.728179+00:00,2026_05_16
26,2025-08-29 14:39:00.556734324,https://overwatch.blizzard.com/en-us/rates/data/?map=all-maps&role=All&rq=1&input=Console&region=Europe&tier=Platinum,"{'map': 'all-maps', 'role': 'All', 'rq': '1', 'input': 'Console', 'region': 'Europe', 'tier': 'Platinum'}",All,,Europe,,,symmetra,Symmetra,4.0,50.1,DAMAGE,2026-05-16 15:18:25.728179+00:00,2026_05_16
26,2025-08-29 14:39:00.556734324,https://overwatch.blizzard.com/en-us/rates/data/?map=all-maps&role=All&rq=1&input=Console&region=Europe&tier=Platinum,"{'map': 'all-maps', 'role': 'All', 'rq': '1', 'input': 'Console', 'region': 'Europe', 'tier': 'Platinum'}",All,,Europe,,,torbjorn,Torbjörn,4.6,47.8,DAMAGE,2026-05-16 15:18:25.728179+00:00,2026_05_16
26,2025-08-29 14:39:00.556734324,https://overwatch.blizzard.com/en-us/rates/data/?map=all-maps&role=All&rq=1&input=Console&region=Europe&tier=Platinum,"{'map': 'all-maps', 'role': 'All', 'rq': '1', 'input': 'Console', 'region': 'Europe', 'tier': 'Platinum'}",All,,Europe,,,tracer,Tracer,9.3,53.2,DAMAGE,2026-05-16 15:18:25.728179+00:00,2026_05_16
26,2025-08-29 14:39:00.556734324,https://overwatch.blizzard.com/en-us/rates/data/?map=all-maps&role=All&rq=1&input=Console&region=Europe&tier=Platinum,"{'map': 'all-maps', 'role': 'All', 'rq': '1', 'input': 'Console', 'region': 'Europe', 'tier': 'Platinum'}",All,,Europe,,,venture,Venture,4.0,51.0,DAMAGE,2026-05-16 15:18:25.728179+00:00,2026_05_16
26,2025-08-29 14:39:00.556734324,https://overwatch.blizzard.com/en-us/rates/data/?map=all-maps&role=All&rq=1&input=Console&region=Europe&tier=Platinum,"{'map': 'all-maps', 'role': 'All', 'rq': '1', 'input': 'Console', 'region': 'Europe', 'tier': 'Platinum'}",All,,Europe,,,widowmaker,Widowmaker,6.6,52.2,DAMAGE,2026-05-16 15:18:25.728179+00:00,2026_05_16
26,2025-08-29 14:39:00.556734324,https://overwatch.blizzard.com/en-us/rates/data/?map=all-maps&role=All&rq=1&input=Console&region=Europe&tier=Platinum,"{'map': 'all-maps', 'role': 'All', 'rq': '1', 'input': 'Console', 'region': 'Europe', 'tier': 'Platinum'}",All,,Europe,,,winston,Winston,3.8,49.9,TANK,2026-05-16 15:18:25.728179+00:00,2026_05_16
26,2025-08-29 14:39:00.556734324,https://overwatch.blizzard.com/en-us/rates/data/?map=all-maps&role=All&rq=1&input=Console&region=Europe&tier=Platinum,"{'map': 'all-maps', 'role': 'All', 'rq': '1', 'input': 'Console', 'region': 'Europe', 'tier': 'Platinum'}",All,,Europe,,,wrecking-ball,Wrecking Ball,3.6,55.4,TANK,2026-05-16 15:18:25.728179+00:00,2026_05_16
26,2025-08-29 14:39:00.556734324,https://overwatch.blizzard.com/en-us/rates/data/?map=all-maps&role=All&rq=1&input=Console&region=Europe&tier=Platinum,"{'map': 'all-maps', 'role': 'All', 'rq': '1', 'input': 'Console', 'region': 'Europe', 'tier': 'Platinum'}",All,,Europe,,,wuyang,Wuyang,30.2,56.0,SUPPORT,2026-05-16 15:18:25.728179+00:00,2026_05_16
26,2025-08-29 14:39:00.556734324,https://overwatch.blizzard.com/en-us/rates/data/?map=all-maps&role=All&rq=1&input=Console&region=Europe&tier=Platinum,"{'map': 'all-maps', 'role': 'All', 'rq': '1', 'input': 'Console', 'region': 'Europe', 'tier': 'Platinum'}",All,,Europe,,,zarya,Zarya,5.6,45.6,TANK,2026-05-16 15:18:25.728179+00:00,2026_05_16
26,2025-08-29 14:39:00.556734324,https://overwatch.blizzard.com/en-us/rates/data/?map=all-maps&role=All&rq=1&input=Console&region=Europe&tier=Platinum,"{'map': 'all-maps', 'role': 'All', 'rq': '1', 'input': 'Console', 'region': 'Europe', 'tier': 'Platinum'}",All,,Europe,,,zenyatta,Zenyatta,9.4,51.3,SUPPORT,2026-05-16 15:18:25.728179+00:00,2026_05_16
27,2025-08-29 14:39:00.830011845,https://overwatch.blizzard.com/en-us/rates/data/?map=all-maps&role=All&rq=1&input=Console&region=Europe&tier=Diamond,"{'map': 'all-maps', 'role': 'All', 'rq': '1', 'input': 'Console', 'region': 'Europe', 'tier': 'Diamond'}",All,,Europe,,,ana,Ana,29.6,47.0,SUPPORT,2026-05-16 15:18:25.728179+00:00,2026_05_16
27,2025-08-29 14:39:00.830011845,https://overwatch.blizzard.com/en-us/rates/data/?map=all-maps&role=All&rq=1&input=Console&region=Europe&tier=Diamond,"{'map': 'all-maps', 'role': 'All', 'rq': '1', 'input': 'Console', 'region': 'Europe', 'tier': 'Diamond'}",All,,Europe,,,ashe,Ashe,21.7,54.8,DAMAGE,2026-05-16 15:18:25.728179+00:00,2026_05_16
27,2025-08-29 14:39:00.830011845,https://overwatch.blizzard.com/en-us/rates/data/?map=all-maps&role=All&rq=1&input=Console&region=Europe&tier=Diamond,"{'map': 'all-maps', 'role': 'All', 'rq': '1', 'input': 'Console', 'region': 'Europe', 'tier': 'Diamond'}",All,,Europe,,,baptiste,Baptiste,25.8,50.6,SUPPORT,2026-05-16 15:18:25.728179+00:00,2026_05_16
27,2025-08-29 14:39:00.830011845,https://overwatch.blizzard.com/en-us/rates/data/?map=all-maps&role=All&rq=1&input=Console&region=Europe&tier=Diamond,"{'map': 'all-maps', 'role': 'All', 'rq': '1', 'input': 'Console', 'region': 'Europe', 'tier': 'Diamond'}",All,,Europe,,,bastion,Bastion,5.5,44.7,DAMAGE,2026-05-16 15:18:25.728179+00:00,2026_05_16
27,2025-08-29 14:39:00.830011845,https://overwatch.blizzard.com/en-us/rates/data/?map=all-maps&role=All&rq=1&input=Console&region=Europe&tier=Diamond,"{'map': 'all-maps', 'role': 'All', 'rq': '1', 'input': 'Console', 'region': 'Europe', 'tier': 'Diamond'}",All,,Europe,,,brigitte,Brigitte,11.3,51.6,SUPPORT,2026-05-16 15:18:25.728179+00:00,2026_05_16
27,2025-08-29 14:39:00.830011845,https://overwatch.blizzard.com/en-us/rates/data/?map=all-maps&role=All&rq=1&input=Console&region=Europe&tier=Diamond,"{'map': 'all-maps', 'role': 'All', 'rq': '1', 'input': 'Console', 'region': 'Europe', 'tier': 'Diamond'}",All,,Europe,,,cassidy,Cassidy,34.6,48.1,DAMAGE,2026-05-16 15:18:25.728179+00:00,2026_05_16
27,2025-08-29 14:39:00.830011845,https://overwatch.blizzard.com/en-us/rates/data/?map=all-maps&role=All&rq=1&input=Console&region=Europe&tier=Diamond,"{'map': 'all-maps', 'role': 'All', 'rq': '1', 'input': 'Console', 'region': 'Europe', 'tier': 'Diamond'}",All,,Europe,,,dva,D.Va,10.2,56.5,TANK,2026-05-16 15:18:25.728179+00:00,2026_05_16
27,2025-08-29 14:39:00.830011845,https://overwatch.blizzard.com/en-us/rates/data/?map=all-maps&role=All&rq=1&input=Console&region=Europe&tier=Diamond,"{'map': 'all-maps', 'role': 'All', 'rq': '1', 'input': 'Console', 'region': 'Europe', 'tier': 'Diamond'}",All,,Europe,,,doomfist,Doomfist,9.9,52.2,TANK,2026-05-16 15:18:25.728179+00:00,2026_05_16
27,2025-08-29 14:39:00.830011845,https://overwatch.blizzard.com/en-us/rates/data/?map=all-maps&role=All&rq=1&input=Console&region=Europe&tier=Diamond,"{'map': 'all-maps', 'role': 'All', 'rq': '1', 'input': 'Console', 'region': 'Europe', 'tier': 'Diamond'}",All,,Europe,,,echo,Echo,2.5,51.3,DAMAGE,2026-05-16 15:18:25.728179+00:00,2026_05_16
27,2025-08-29 14:39:00.830011845,https://overwatch.blizzard.com/en-us/rates/data/?map=all-maps&role=All&rq=1&input=Console&region=Europe&tier=Diamond,"{'map': 'all-maps', 'role': 'All', 'rq': '1', 'input': 'Console', 'region': 'Europe', 'tier': 'Diamond'}",All,,Europe,,,freja,Freja,3.2,43.8,DAMAGE,2026-05-16 15:18:25.728179+00:00,2026_05_16
27,2025-08-29 14:39:00.830011845,https://overwatch.blizzard.com/en-us/rates/data/?map=all-maps&role=All&rq=1&input=Console&region=Europe&tier=Diamond,"{'map': 'all-maps', 'role': 'All', 'rq': '1', 'input': 'Console', 'region': 'Europe', 'tier': 'Diamond'}",All,,Europe,,,genji,Genji,14.6,50.4,DAMAGE,2026-05-16 15:18:25.728179+00:00,2026_05_16
27,2025-08-29 14:39:00.830011845,https://overwatch.blizzard.com/en-us/rates/data/?map=all-maps&role=All&rq=1&input=Console&region=Europe&tier=Diamond,"{'map': 'all-maps', 'role': 'All', 'rq': '1', 'input': 'Console', 'region': 'Europe', 'tier': 'Diamond'}",All,,Europe,,,hanzo,Hanzo,8.0,49.7,DAMAGE,2026-05-16 15:18:25.728179+00:00,2026_05_16
27,2025-08-29 14:39:00.830011845,https://overwatch.blizzard.com/en-us/rates/data/?map=all-maps&role=All&rq=1&input=Console&region=Europe&tier=Diamond,"{'map': 'all-maps', 'role': 'All', 'rq': '1', 'input': 'Console', 'region': 'Europe', 'tier': 'Diamond'}",All,,Europe,,,hazard,Hazard,6.6,54.7,TANK,2026-05-16 15:18:25.728179+00:00,2026_05_16
27,2025-08-29 14:39:00.830011845,https://overwatch.blizzard.com/en-us/rates/data/?map=all-maps&role=All&rq=1&input=Console&region=Europe&tier=Diamond,"{'map': 'all-maps', 'role': 'All', 'rq': '1', 'input': 'Console', 'region': 'Europe', 'tier': 'Diamond'}",All,,Europe,,,illari,Illari,15.0,52.5,SUPPORT,2026-05-16 15:18:25.728179+00:00,2026_05_16
27,2025-08-29 14:39:00.830011845,https://overwatch.blizzard.com/en-us/rates/data/?map=all-maps&role=All&rq=1&input=Console&region=Europe&tier=Diamond,"{'map': 'all-maps', 'role': 'All', 'rq': '1', 'input': 'Console', 'region': 'Europe', 'tier': 'Diamond'}",All,,Europe,,,junker-queen,Junker Queen,5.5,53.5,TANK,2026-05-16 15:18:25.728179+00:00,2026_05_16
27,2025-08-29 14:39:00.830011845,https://overwatch.blizzard.com/en-us/rates/data/?map=all-maps&role=All&rq=1&input=Console&region=Europe&tier=Diamond,"{'map': 'all-maps', 'role': 'All', 'rq': '1', 'input': 'Console', 'region': 'Europe', 'tier': 'Diamond'}",All,,Europe,,,junkrat,Junkrat,2.9,43.5,DAMAGE,2026-05-16 15:18:25.728179+00:00,2026_05_16
27,2025-08-29 14:39:00.830011845,https://overwatch.blizzard.com/en-us/rates/data/?map=all-maps&role=All&rq=1&input=Console&region=Europe&tier=Diamond,"{'map': 'all-maps', 'role': 'All', 'rq': '1', 'input': 'Console', 'region': 'Europe', 'tier': 'Diamond'}",All,,Europe,,,juno,Juno,8.4,49.2,SUPPORT,2026-05-16 15:18:25.728179+00:00,2026_05_16
27,2025-08-29 14:39:00.830011845,https://overwatch.blizzard.com/en-us/rates/data/?map=all-maps&role=All&rq=1&input=Console&region=Europe&tier=Diamond,"{'map': 'all-maps', 'role': 'All', 'rq': '1', 'input': 'Console', 'region': 'Europe', 'tier': 'Diamond'}",All,,Europe,,,kiriko,Kiriko,22.8,43.4,SUPPORT,2026-05-16 15:18:25.728179+00:00,2026_05_16
27,2025-08-29 14:39:00.830011845,https://overwatch.blizzard.com/en-us/rates/data/?map=all-maps&role=All&rq=1&input=Console&region=Europe&tier=Diamond,"{'map': 'all-maps', 'role': 'All', 'rq': '1', 'input': 'Console', 'region': 'Europe', 'tier': 'Diamond'}",All,,Europe,,,lifeweaver,Lifeweaver,8.3,44.3,SUPPORT,2026-05-16 15:18:25.728179+00:00,2026_05_16
27,2025-08-29 14:39:00.830011845,https://overwatch.blizzard.com/en-us/rates/data/?map=all-maps&role=All&rq=1&input=Console&region=Europe&tier=Diamond,"{'map': 'all-maps', 'role': 'All', 'rq': '1', 'input': 'Console', 'region': 'Europe', 'tier': 'Diamond'}",All,,Europe,,,lucio,Lúcio,8.3,53.1,SUPPORT,2026-05-16 15:18:25.728179+00:00,2026_05_16
27,2025-08-29 14:39:00.830011845,https://overwatch.blizzard.com/en-us/rates/data/?map=all-maps&role=All&rq=1&input=Console&region=Europe&tier=Diamond,"{'map': 'all-maps', 'role': 'All', 'rq': '1', 'input': 'Console', 'region': 'Europe', 'tier': 'Diamond'}",All,,Europe,,,mauga,Mauga,8.1,52.5,TANK,2026-05-16 15:18:25.728179+00:00,2026_05_16
27,2025-08-29 14:39:00.830011845,https://overwatch.blizzard.com/en-us/rates/data/?map=all-maps&role=All&rq=1&input=Console&region=Europe&tier=Diamond,"{'map': 'all-maps', 'role': 'All', 'rq': '1', 'input': 'Console', 'region': 'Europe', 'tier': 'Diamond'}",All,,Europe,,,mei,Mei,4.4,43.7,DAMAGE,2026-05-16 15:18:25.728179+00:00,2026_05_16
27,2025-08-29 14:39:00.830011845,https://overwatch.blizzard.com/en-us/rates/data/?map=all-maps&role=All&rq=1&input=Console&region=Europe&tier=Diamond,"{'map': 'all-maps', 'role': 'All', 'rq': '1', 'input': 'Console', 'region': 'Europe', 'tier': 'Diamond'}",All,,Europe,,,mercy,Mercy,20.9,53.1,SUPPORT,2026-05-16 15:18:25.728179+00:00,2026_05_16
27,2025-08-29 14:39:00.830011845,https://overwatch.blizzard.com/en-us/rates/data/?map=all-maps&role=All&rq=1&input=Console&region=Europe&tier=Diamond,"{'map': 'all-maps', 'role': 'All', 'rq': '1', 'input': 'Console', 'region': 'Europe', 'tier': 'Diamond'}",All,,Europe,,,moira,Moira,15.3,47.5,SUPPORT,2026-05-16 15:18:25.728179+00:00,2026_05_16
27,2025-08-29 14:39:00.830011845,https://overwatch.blizzard.com/en-us/rates/data/?map=all-maps&role=All&rq=1&input=Console&region=Europe&tier=Diamond,"{'map': 'all-maps', 'role': 'All', 'rq': '1', 'input': 'Console', 'region': 'Europe', 'tier': 'Diamond'}",All,,Europe,,,orisa,Orisa,12.9,48.2,TANK,2026-05-16 15:18:25.728179+00:00,2026_05_16
27,2025-08-29 14:39:00.830011845,https://overwatch.blizzard.com/en-us/rates/data/?map=all-maps&role=All&rq=1&input=Console&region=Europe&tier=Diamond,"{'map': 'all-maps', 'role': 'All', 'rq': '1', 'input': 'Console', 'region': 'Europe', 'tier': 'Diamond'}",All,,Europe,,,pharah,Pharah,1.6,53.6,DAMAGE,2026-05-16 15:18:25.728179+00:00,2026_05_16
27,2025-08-29 14:39:00.830011845,https://overwatch.blizzard.com/en-us/rates/data/?map=all-maps&role=All&rq=1&input=Console&region=Europe&tier=Diamond,"{'map': 'all-maps', 'role': 'All', 'rq': '1', 'input': 'Console', 'region': 'Europe', 'tier': 'Diamond'}",All,,Europe,,,ramattra,Ramattra,6.1,45.3,TANK,2026-05-16 15:18:25.728179+00:00,2026_05_16
27,2025-08-29 14:39:00.830011845,https://overwatch.blizzard.com/en-us/rates/data/?map=all-maps&role=All&rq=1&input=Console&region=Europe&tier=Diamond,"{'map': 'all-maps', 'role': 'All', 'rq': '1', 'input': 'Console', 'region': 'Europe', 'tier': 'Diamond'}",All,,Europe,,,reaper,Reaper,8.7,54.8,DAMAGE,2026-05-16 15:18:25.728179+00:00,2026_05_16
27,2025-08-29 14:39:00.830011845,https://overwatch.blizzard.com/en-us/rates/data/?map=all-maps&role=All&rq=1&input=Console&region=Europe&tier=Diamond,"{'map': 'all-maps', 'role': 'All', 'rq': '1', 'input': 'Console', 'region': 'Europe', 'tier': 'Diamond'}",All,,Europe,,,reinhardt,Reinhardt,11.2,49.5,TANK,2026-05-16 15:18:25.728179+00:00,2026_05_16
27,2025-08-29 14:39:00.830011845,https://overwatch.blizzard.com/en-us/rates/data/?map=all-maps&role=All&rq=1&input=Console&region=Europe&tier=Diamond,"{'map': 'all-maps', 'role': 'All', 'rq': '1', 'input': 'Console', 'region': 'Europe', 'tier': 'Diamond'}",All,,Europe,,,roadhog,Roadhog,7.6,38.1,TANK,2026-05-16 15:18:25.728179+00:00,2026_05_16
27,2025-08-29 14:39:00.830011845,https://overwatch.blizzard.com/en-us/rates/data/?map=all-maps&role=All&rq=1&input=Console&region=Europe&tier=Diamond,"{'map': 'all-maps', 'role': 'All', 'rq': '1', 'input': 'Console', 'region': 'Europe', 'tier': 'Diamond'}",All,,Europe,,,sigma,Sigma,8.7,50.7,TANK,2026-05-16 15:18:25.728179+00:00,2026_05_16
27,2025-08-29 14:39:00.830011845,https://overwatch.blizzard.com/en-us/rates/data/?map=all-maps&role=All&rq=1&input=Console&region=Europe&tier=Diamond,"{'map': 'all-maps', 'role': 'All', 'rq': '1', 'input': 'Console', 'region': 'Europe', 'tier': 'Diamond'}",All,,Europe,,,sojourn,Sojourn,24.5,45.4,DAMAGE,2026-05-16 15:18:25.728179+00:00,2026_05_16
27,2025-08-29 14:39:00.830011845,https://overwatch.blizzard.com/en-us/rates/data/?map=all-maps&role=All&rq=1&input=Console&region=Europe&tier=Diamond,"{'map': 'all-maps', 'role': 'All', 'rq': '1', 'input': 'Console', 'region': 'Europe', 'tier': 'Diamond'}",All,,Europe,,,soldier-76,Soldier: 76,32.1,50.0,DAMAGE,2026-05-16 15:18:25.728179+00:00,2026_05_16
27,2025-08-29 14:39:00.830011845,https://overwatch.blizzard.com/en-us/rates/data/?map=all-maps&role=All&rq=1&input=Console&region=Europe&tier=Diamond,"{'map': 'all-maps', 'role': 'All', 'rq': '1', 'input': 'Console', 'region': 'Europe', 'tier': 'Diamond'}",All,,Europe,,,sombra,Sombra,3.9,47.4,DAMAGE,2026-05-16 15:18:25.728179+00:00,2026_05_16
27,2025-08-29 14:39:00.830011845,https://overwatch.blizzard.com/en-us/rates/data/?map=all-maps&role=All&rq=1&input=Console&region=Europe&tier=Diamond,"{'map': 'all-maps', 'role': 'All', 'rq': '1', 'input': 'Console', 'region': 'Europe', 'tier': 'Diamond'}",All,,Europe,,,symmetra,Symmetra,3.1,55.2,DAMAGE,2026-05-16 15:18:25.728179+00:00,2026_05_16
27,2025-08-29 14:39:00.830011845,https://overwatch.blizzard.com/en-us/rates/data/?map=all-maps&role=All&rq=1&input=Console&region=Europe&tier=Diamond,"{'map': 'all-maps', 'role': 'All', 'rq': '1', 'input': 'Console', 'region': 'Europe', 'tier': 'Diamond'}",All,,Europe,,,torbjorn,Torbjörn,2.4,46.2,DAMAGE,2026-05-16 15:18:25.728179+00:00,2026_05_16
27,2025-08-29 14:39:00.830011845,https://overwatch.blizzard.com/en-us/rates/data/?map=all-maps&role=All&rq=1&input=Console&region=Europe&tier=Diamond,"{'map': 'all-maps', 'role': 'All', 'rq': '1', 'input': 'Console', 'region': 'Europe', 'tier': 'Diamond'}",All,,Europe,,,tracer,Tracer,15.0,54.4,DAMAGE,2026-05-16 15:18:25.728179+00:00,2026_05_16
27,2025-08-29 14:39:00.830011845,https://overwatch.blizzard.com/en-us/rates/data/?map=all-maps&role=All&rq=1&input=Console&region=Europe&tier=Diamond,"{'map': 'all-maps', 'role': 'All', 'rq': '1', 'input': 'Console', 'region': 'Europe', 'tier': 'Diamond'}",All,,Europe,,,venture,Venture,4.4,49.0,DAMAGE,2026-05-16 15:18:25.728179+00:00,2026_05_16
27,2025-08-29 14:39:00.830011845,https://overwatch.blizzard.com/en-us/rates/data/?map=all-maps&role=All&rq=1&input=Console&region=Europe&tier=Diamond,"{'map': 'all-maps', 'role': 'All', 'rq': '1', 'input': 'Console', 'region': 'Europe', 'tier': 'Diamond'}",All,,Europe,,,widowmaker,Widowmaker,6.9,53.9,DAMAGE,2026-05-16 15:18:25.728179+00:00,2026_05_16
27,2025-08-29 14:39:00.830011845,https://overwatch.blizzard.com/en-us/rates/data/?map=all-maps&role=All&rq=1&input=Console&region=Europe&tier=Diamond,"{'map': 'all-maps', 'role': 'All', 'rq': '1', 'input': 'Console', 'region': 'Europe', 'tier': 'Diamond'}",All,,Europe,,,winston,Winston,4.5,52.1,TANK,2026-05-16 15:18:25.728179+00:00,2026_05_16
27,2025-08-29 14:39:00.830011845,https://overwatch.blizzard.com/en-us/rates/data/?map=all-maps&role=All&rq=1&input=Console&region=Europe&tier=Diamond,"{'map': 'all-maps', 'role': 'All', 'rq': '1', 'input': 'Console', 'region': 'Europe', 'tier': 'Diamond'}",All,,Europe,,,wrecking-ball,Wrecking Ball,3.1,55.7,TANK,2026-05-16 15:18:25.728179+00:00,2026_05_16
27,2025-08-29 14:39:00.830011845,https://overwatch.blizzard.com/en-us/rates/data/?map=all-maps&role=All&rq=1&input=Console&region=Europe&tier=Diamond,"{'map': 'all-maps', 'role': 'All', 'rq': '1', 'input': 'Console', 'region': 'Europe', 'tier': 'Diamond'}",All,,Europe,,,wuyang,Wuyang,27.3,56.1,SUPPORT,2026-05-16 15:18:25.728179+00:00,2026_05_16
27,2025-08-29 14:39:00.830011845,https://overwatch.blizzard.com/en-us/rates/data/?map=all-maps&role=All&rq=1&input=Console&region=Europe&tier=Diamond,"{'map': 'all-maps', 'role': 'All', 'rq': '1', 'input': 'Console', 'region': 'Europe', 'tier': 'Diamond'}",All,,Europe,,,zarya,Zarya,5.6,43.0,TANK,2026-05-16 15:18:25.728179+00:00,2026_05_16
27,2025-08-29 14:39:00.830011845,https://overwatch.blizzard.com/en-us/rates/data/?map=all-maps&role=All&rq=1&input=Console&region=Europe&tier=Diamond,"{'map': 'all-maps', 'role': 'All', 'rq': '1', 'input': 'Console', 'region': 'Europe', 'tier': 'Diamond'}",All,,Europe,,,zenyatta,Zenyatta,7.0,49.7,SUPPORT,2026-05-16 15:18:25.728179+00:00,2026_05_16
28,2025-08-29 14:39:01.088519812,https://overwatch.blizzard.com/en-us/rates/data/?map=all-maps&role=All&rq=1&input=Console&region=Europe&tier=Master,"{'map': 'all-maps', 'role': 'All', 'rq': '1', 'input': 'Console', 'region': 'Europe', 'tier': 'Master'}",All,,Europe,,,ana,Ana,22.3,43.1,SUPPORT,2026-05-16 15:18:25.728179+00:00,2026_05_16
28,2025-08-29 14:39:01.088519812,https://overwatch.blizzard.com/en-us/rates/data/?map=all-maps&role=All&rq=1&input=Console&region=Europe&tier=Master,"{'map': 'all-maps', 'role': 'All', 'rq': '1', 'input': 'Console', 'region': 'Europe', 'tier': 'Master'}",All,,Europe,,,ashe,Ashe,28.9,55.1,DAMAGE,2026-05-16 15:18:25.728179+00:00,2026_05_16
28,2025-08-29 14:39:01.088519812,https://overwatch.blizzard.com/en-us/rates/data/?map=all-maps&role=All&rq=1&input=Console&region=Europe&tier=Master,"{'map': 'all-maps', 'role': 'All', 'rq': '1', 'input': 'Console', 'region': 'Europe', 'tier': 'Master'}",All,,Europe,,,baptiste,Baptiste,47.8,57.4,SUPPORT,2026-05-16 15:18:25.728179+00:00,2026_05_16
28,2025-08-29 14:39:01.088519812,https://overwatch.blizzard.com/en-us/rates/data/?map=all-maps&role=All&rq=1&input=Console&region=Europe&tier=Master,"{'map': 'all-maps', 'role': 'All', 'rq': '1', 'input': 'Console', 'region': 'Europe', 'tier': 'Master'}",All,,Europe,,,bastion,Bastion,2.7,57.0,DAMAGE,2026-05-16 15:18:25.728179+00:00,2026_05_16
28,2025-08-29 14:39:01.088519812,https://overwatch.blizzard.com/en-us/rates/data/?map=all-maps&role=All&rq=1&input=Console&region=Europe&tier=Master,"{'map': 'all-maps', 'role': 'All', 'rq': '1', 'input': 'Console', 'region': 'Europe', 'tier': 'Master'}",All,,Europe,,,brigitte,Brigitte,25.2,46.8,SUPPORT,2026-05-16 15:18:25.728179+00:00,2026_05_16
28,2025-08-29 14:39:01.088519812,https://overwatch.blizzard.com/en-us/rates/data/?map=all-maps&role=All&rq=1&input=Console&region=Europe&tier=Master,"{'map': 'all-maps', 'role': 'All', 'rq': '1', 'input': 'Console', 'region': 'Europe', 'tier': 'Master'}",All,,Europe,,,cassidy,Cassidy,21.3,41.0,DAMAGE,2026-05-16 15:18:25.728179+00:00,2026_05_16
28,2025-08-29 14:39:01.088519812,https://overwatch.blizzard.com/en-us/rates/data/?map=all-maps&role=All&rq=1&input=Console&region=Europe&tier=Master,"{'map': 'all-maps', 'role': 'All', 'rq': '1', 'input': 'Console', 'region': 'Europe', 'tier': 'Master'}",All,,Europe,,,dva,D.Va,12.9,64.8,TANK,2026-05-16 15:18:25.728179+00:00,2026_05_16
28,2025-08-29 14:39:01.088519812,https://overwatch.blizzard.com/en-us/rates/data/?map=all-maps&role=All&rq=1&input=Console&region=Europe&tier=Master,"{'map': 'all-maps', 'role': 'All', 'rq': '1', 'input': 'Console', 'region': 'Europe', 'tier': 'Master'}",All,,Europe,,,doomfist,Doomfist,7.2,43.5,TANK,2026-05-16 15:18:25.728179+00:00,2026_05_16
28,2025-08-29 14:39:01.088519812,https://overwatch.blizzard.com/en-us/rates/data/?map=all-maps&role=All&rq=1&input=Console&region=Europe&tier=Master,"{'map': 'all-maps', 'role': 'All', 'rq': '1', 'input': 'Console', 'region': 'Europe', 'tier': 'Master'}",All,,Europe,,,echo,Echo,1.0,59.1,DAMAGE,2026-05-16 15:18:25.728179+00:00,2026_05_16
28,2025-08-29 14:39:01.088519812,https://overwatch.blizzard.com/en-us/rates/data/?map=all-maps&role=All&rq=1&input=Console&region=Europe&tier=Master,"{'map': 'all-maps', 'role': 'All', 'rq': '1', 'input': 'Console', 'region': 'Europe', 'tier': 'Master'}",All,,Europe,,,freja,Freja,2.7,46.0,DAMAGE,2026-05-16 15:18:25.728179+00:00,2026_05_16
28,2025-08-29 14:39:01.088519812,https://overwatch.blizzard.com/en-us/rates/data/?map=all-maps&role=All&rq=1&input=Console&region=Europe&tier=Master,"{'map': 'all-maps', 'role': 'All', 'rq': '1', 'input': 'Console', 'region': 'Europe', 'tier': 'Master'}",All,,Europe,,,genji,Genji,10.4,49.8,DAMAGE,2026-05-16 15:18:25.728179+00:00,2026_05_16
28,2025-08-29 14:39:01.088519812,https://overwatch.blizzard.com/en-us/rates/data/?map=all-maps&role=All&rq=1&input=Console&region=Europe&tier=Master,"{'map': 'all-maps', 'role': 'All', 'rq': '1', 'input': 'Console', 'region': 'Europe', 'tier': 'Master'}",All,,Europe,,,hanzo,Hanzo,4.5,50.2,DAMAGE,2026-05-16 15:18:25.728179+00:00,2026_05_16
28,2025-08-29 14:39:01.088519812,https://overwatch.blizzard.com/en-us/rates/data/?map=all-maps&role=All&rq=1&input=Console&region=Europe&tier=Master,"{'map': 'all-maps', 'role': 'All', 'rq': '1', 'input': 'Console', 'region': 'Europe', 'tier': 'Master'}",All,,Europe,,,hazard,Hazard,7.9,50.7,TANK,2026-05-16 15:18:25.728179+00:00,2026_05_16
28,2025-08-29 14:39:01.088519812,https://overwatch.blizzard.com/en-us/rates/data/?map=all-maps&role=All&rq=1&input=Console&region=Europe&tier=Master,"{'map': 'all-maps', 'role': 'All', 'rq': '1', 'input': 'Console', 'region': 'Europe', 'tier': 'Master'}",All,,Europe,,,illari,Illari,32.2,57.2,SUPPORT,2026-05-16 15:18:25.728179+00:00,2026_05_16
28,2025-08-29 14:39:01.088519812,https://overwatch.blizzard.com/en-us/rates/data/?map=all-maps&role=All&rq=1&input=Console&region=Europe&tier=Master,"{'map': 'all-maps', 'role': 'All', 'rq': '1', 'input': 'Console', 'region': 'Europe', 'tier': 'Master'}",All,,Europe,,,junker-queen,Junker Queen,4.3,45.9,TANK,2026-05-16 15:18:25.728179+00:00,2026_05_16
28,2025-08-29 14:39:01.088519812,https://overwatch.blizzard.com/en-us/rates/data/?map=all-maps&role=All&rq=1&input=Console&region=Europe&tier=Master,"{'map': 'all-maps', 'role': 'All', 'rq': '1', 'input': 'Console', 'region': 'Europe', 'tier': 'Master'}",All,,Europe,,,junkrat,Junkrat,1.1,33.9,DAMAGE,2026-05-16 15:18:25.728179+00:00,2026_05_16
28,2025-08-29 14:39:01.088519812,https://overwatch.blizzard.com/en-us/rates/data/?map=all-maps&role=All&rq=1&input=Console&region=Europe&tier=Master,"{'map': 'all-maps', 'role': 'All', 'rq': '1', 'input': 'Console', 'region': 'Europe', 'tier': 'Master'}",All,,Europe,,,juno,Juno,3.1,56.4,SUPPORT,2026-05-16 15:18:25.728179+00:00,2026_05_16
28,2025-08-29 14:39:01.088519812,https://overwatch.blizzard.com/en-us/rates/data/?map=all-maps&role=All&rq=1&input=Console&region=Europe&tier=Master,"{'map': 'all-maps', 'role': 'All', 'rq': '1', 'input': 'Console', 'region': 'Europe', 'tier': 'Master'}",All,,Europe,,,kiriko,Kiriko,19.7,41.2,SUPPORT,2026-05-16 15:18:25.728179+00:00,2026_05_16
28,2025-08-29 14:39:01.088519812,https://overwatch.blizzard.com/en-us/rates/data/?map=all-maps&role=All&rq=1&input=Console&region=Europe&tier=Master,"{'map': 'all-maps', 'role': 'All', 'rq': '1', 'input': 'Console', 'region': 'Europe', 'tier': 'Master'}",All,,Europe,,,lifeweaver,Lifeweaver,3.8,31.0,SUPPORT,2026-05-16 15:18:25.728179+00:00,2026_05_16
28,2025-08-29 14:39:01.088519812,https://overwatch.blizzard.com/en-us/rates/data/?map=all-maps&role=All&rq=1&input=Console&region=Europe&tier=Master,"{'map': 'all-maps', 'role': 'All', 'rq': '1', 'input': 'Console', 'region': 'Europe', 'tier': 'Master'}",All,,Europe,,,lucio,Lúcio,8.4,52.7,SUPPORT,2026-05-16 15:18:25.728179+00:00,2026_05_16
28,2025-08-29 14:39:01.088519812,https://overwatch.blizzard.com/en-us/rates/data/?map=all-maps&role=All&rq=1&input=Console&region=Europe&tier=Master,"{'map': 'all-maps', 'role': 'All', 'rq': '1', 'input': 'Console', 'region': 'Europe', 'tier': 'Master'}",All,,Europe,,,mauga,Mauga,15.2,52.5,TANK,2026-05-16 15:18:25.728179+00:00,2026_05_16
28,2025-08-29 14:39:01.088519812,https://overwatch.blizzard.com/en-us/rates/data/?map=all-maps&role=All&rq=1&input=Console&region=Europe&tier=Master,"{'map': 'all-maps', 'role': 'All', 'rq': '1', 'input': 'Console', 'region': 'Europe', 'tier': 'Master'}",All,,Europe,,,mei,Mei,4.4,43.9,DAMAGE,2026-05-16 15:18:25.728179+00:00,2026_05_16
28,2025-08-29 14:39:01.088519812,https://overwatch.blizzard.com/en-us/rates/data/?map=all-maps&role=All&rq=1&input=Console&region=Europe&tier=Master,"{'map': 'all-maps', 'role': 'All', 'rq': '1', 'input': 'Console', 'region': 'Europe', 'tier': 'Master'}",All,,Europe,,,mercy,Mercy,10.4,48.5,SUPPORT,2026-05-16 15:18:25.728179+00:00,2026_05_16
28,2025-08-29 14:39:01.088519812,https://overwatch.blizzard.com/en-us/rates/data/?map=all-maps&role=All&rq=1&input=Console&region=Europe&tier=Master,"{'map': 'all-maps', 'role': 'All', 'rq': '1', 'input': 'Console', 'region': 'Europe', 'tier': 'Master'}",All,,Europe,,,moira,Moira,6.0,35.0,SUPPORT,2026-05-16 15:18:25.728179+00:00,2026_05_16
28,2025-08-29 14:39:01.088519812,https://overwatch.blizzard.com/en-us/rates/data/?map=all-maps&role=All&rq=1&input=Console&region=Europe&tier=Master,"{'map': 'all-maps', 'role': 'All', 'rq': '1', 'input': 'Console', 'region': 'Europe', 'tier': 'Master'}",All,,Europe,,,orisa,Orisa,19.8,56.4,TANK,2026-05-16 15:18:25.728179+00:00,2026_05_16
28,2025-08-29 14:39:01.088519812,https://overwatch.blizzard.com/en-us/rates/data/?map=all-maps&role=All&rq=1&input=Console&region=Europe&tier=Master,"{'map': 'all-maps', 'role': 'All', 'rq': '1', 'input': 'Console', 'region': 'Europe', 'tier': 'Master'}",All,,Europe,,,pharah,Pharah,2.4,62.8,DAMAGE,2026-05-16 15:18:25.728179+00:00,2026_05_16
28,2025-08-29 14:39:01.088519812,https://overwatch.blizzard.com/en-us/rates/data/?map=all-maps&role=All&rq=1&input=Console&region=Europe&tier=Master,"{'map': 'all-maps', 'role': 'All', 'rq': '1', 'input': 'Console', 'region': 'Europe', 'tier': 'Master'}",All,,Europe,,,ramattra,Ramattra,4.2,37.7,TANK,2026-05-16 15:18:25.728179+00:00,2026_05_16
28,2025-08-29 14:39:01.088519812,https://overwatch.blizzard.com/en-us/rates/data/?map=all-maps&role=All&rq=1&input=Console&region=Europe&tier=Master,"{'map': 'all-maps', 'role': 'All', 'rq': '1', 'input': 'Console', 'region': 'Europe', 'tier': 'Master'}",All,,Europe,,,reaper,Reaper,4.2,49.5,DAMAGE,2026-05-16 15:18:25.728179+00:00,2026_05_16
28,2025-08-29 14:39:01.088519812,https://overwatch.blizzard.com/en-us/rates/data/?map=all-maps&role=All&rq=1&input=Console&region=Europe&tier=Master,"{'map': 'all-maps', 'role': 'All', 'rq': '1', 'input': 'Console', 'region': 'Europe', 'tier': 'Master'}",All,,Europe,,,reinhardt,Reinhardt,5.3,48.8,TANK,2026-05-16 15:18:25.728179+00:00,2026_05_16
28,2025-08-29 14:39:01.088519812,https://overwatch.blizzard.com/en-us/rates/data/?map=all-maps&role=All&rq=1&input=Console&region=Europe&tier=Master,"{'map': 'all-maps', 'role': 'All', 'rq': '1', 'input': 'Console', 'region': 'Europe', 'tier': 'Master'}",All,,Europe,,,roadhog,Roadhog,3.5,42.6,TANK,2026-05-16 15:18:25.728179+00:00,2026_05_16
28,2025-08-29 14:39:01.088519812,https://overwatch.blizzard.com/en-us/rates/data/?map=all-maps&role=All&rq=1&input=Console&region=Europe&tier=Master,"{'map': 'all-maps', 'role': 'All', 'rq': '1', 'input': 'Console', 'region': 'Europe', 'tier': 'Master'}",All,,Europe,,,sigma,Sigma,9.2,54.6,TANK,2026-05-16 15:18:25.728179+00:00,2026_05_16
28,2025-08-29 14:39:01.088519812,https://overwatch.blizzard.com/en-us/rates/data/?map=all-maps&role=All&rq=1&input=Console&region=Europe&tier=Master,"{'map': 'all-maps', 'role': 'All', 'rq': '1', 'input': 'Console', 'region': 'Europe', 'tier': 'Master'}",All,,Europe,,,sojourn,Sojourn,33.3,45.2,DAMAGE,2026-05-16 15:18:25.728179+00:00,2026_05_16
28,2025-08-29 14:39:01.088519812,https://overwatch.blizzard.com/en-us/rates/data/?map=all-maps&role=All&rq=1&input=Console&region=Europe&tier=Master,"{'map': 'all-maps', 'role': 'All', 'rq': '1', 'input': 'Console', 'region': 'Europe', 'tier': 'Master'}",All,,Europe,,,soldier-76,Soldier: 76,36.6,50.0,DAMAGE,2026-05-16 15:18:25.728179+00:00,2026_05_16
28,2025-08-29 14:39:01.088519812,https://overwatch.blizzard.com/en-us/rates/data/?map=all-maps&role=All&rq=1&input=Console&region=Europe&tier=Master,"{'map': 'all-maps', 'role': 'All', 'rq': '1', 'input': 'Console', 'region': 'Europe', 'tier': 'Master'}",All,,Europe,,,sombra,Sombra,5.0,50.0,DAMAGE,2026-05-16 15:18:25.728179+00:00,2026_05_16
28,2025-08-29 14:39:01.088519812,https://overwatch.blizzard.com/en-us/rates/data/?map=all-maps&role=All&rq=1&input=Console&region=Europe&tier=Master,"{'map': 'all-maps', 'role': 'All', 'rq': '1', 'input': 'Console', 'region': 'Europe', 'tier': 'Master'}",All,,Europe,,,symmetra,Symmetra,4.2,61.1,DAMAGE,2026-05-16 15:18:25.728179+00:00,2026_05_16
28,2025-08-29 14:39:01.088519812,https://overwatch.blizzard.com/en-us/rates/data/?map=all-maps&role=All&rq=1&input=Console&region=Europe&tier=Master,"{'map': 'all-maps', 'role': 'All', 'rq': '1', 'input': 'Console', 'region': 'Europe', 'tier': 'Master'}",All,,Europe,,,torbjorn,Torbjörn,1.8,38.3,DAMAGE,2026-05-16 15:18:25.728179+00:00,2026_05_16
28,2025-08-29 14:39:01.088519812,https://overwatch.blizzard.com/en-us/rates/data/?map=all-maps&role=All&rq=1&input=Console&region=Europe&tier=Master,"{'map': 'all-maps', 'role': 'All', 'rq': '1', 'input': 'Console', 'region': 'Europe', 'tier': 'Master'}",All,,Europe,,,tracer,Tracer,22.1,54.1,DAMAGE,2026-05-16 15:18:25.728179+00:00,2026_05_16
28,2025-08-29 14:39:01.088519812,https://overwatch.blizzard.com/en-us/rates/data/?map=all-maps&role=All&rq=1&input=Console&region=Europe&tier=Master,"{'map': 'all-maps', 'role': 'All', 'rq': '1', 'input': 'Console', 'region': 'Europe', 'tier': 'Master'}",All,,Europe,,,venture,Venture,4.5,45.8,DAMAGE,2026-05-16 15:18:25.728179+00:00,2026_05_16
28,2025-08-29 14:39:01.088519812,https://overwatch.blizzard.com/en-us/rates/data/?map=all-maps&role=All&rq=1&input=Console&region=Europe&tier=Master,"{'map': 'all-maps', 'role': 'All', 'rq': '1', 'input': 'Console', 'region': 'Europe', 'tier': 'Master'}",All,,Europe,,,widowmaker,Widowmaker,10.6,56.0,DAMAGE,2026-05-16 15:18:25.728179+00:00,2026_05_16
28,2025-08-29 14:39:01.088519812,https://overwatch.blizzard.com/en-us/rates/data/?map=all-maps&role=All&rq=1&input=Console&region=Europe&tier=Master,"{'map': 'all-maps', 'role': 'All', 'rq': '1', 'input': 'Console', 'region': 'Europe', 'tier': 'Master'}",All,,Europe,,,winston,Winston,3.1,44.7,TANK,2026-05-16 15:18:25.728179+00:00,2026_05_16
28,2025-08-29 14:39:01.088519812,https://overwatch.blizzard.com/en-us/rates/data/?map=all-maps&role=All&rq=1&input=Console&region=Europe&tier=Master,"{'map': 'all-maps', 'role': 'All', 'rq': '1', 'input': 'Console', 'region': 'Europe', 'tier': 'Master'}",All,,Europe,,,wrecking-ball,Wrecking Ball,4.2,45.0,TANK,2026-05-16 15:18:25.728179+00:00,2026_05_16
28,2025-08-29 14:39:01.088519812,https://overwatch.blizzard.com/en-us/rates/data/?map=all-maps&role=All&rq=1&input=Console&region=Europe&tier=Master,"{'map': 'all-maps', 'role': 'All', 'rq': '1', 'input': 'Console', 'region': 'Europe', 'tier': 'Master'}",All,,Europe,,,wuyang,Wuyang,14.5,58.7,SUPPORT,2026-05-16 15:18:25.728179+00:00,2026_05_16
28,2025-08-29 14:39:01.088519812,https://overwatch.blizzard.com/en-us/rates/data/?map=all-maps&role=All&rq=1&input=Console&region=Europe&tier=Master,"{'map': 'all-maps', 'role': 'All', 'rq': '1', 'input': 'Console', 'region': 'Europe', 'tier': 'Master'}",All,,Europe,,,zarya,Zarya,3.7,42.0,TANK,2026-05-16 15:18:25.728179+00:00,2026_05_16
28,2025-08-29 14:39:01.088519812,https://overwatch.blizzard.com/en-us/rates/data/?map=all-maps&role=All&rq=1&input=Console&region=Europe&tier=Master,"{'map': 'all-maps', 'role': 'All', 'rq': '1', 'input': 'Console', 'region': 'Europe', 'tier': 'Master'}",All,,Europe,,,zenyatta,Zenyatta,6.7,47.1,SUPPORT,2026-05-16 15:18:25.728179+00:00,2026_05_16
29,2025-08-29 14:39:01.337764978,https://overwatch.blizzard.com/en-us/rates/data/?map=all-maps&role=All&rq=1&input=Console&region=Europe&tier=Grandmaster,"{'map': 'all-maps', 'role': 'All', 'rq': '1', 'input': 'Console', 'region': 'Europe', 'tier': 'Grandmaster'}",All,,Europe,,,ana,Ana,-1.0,-1.0,SUPPORT,2026-05-16 15:18:25.728179+00:00,2026_05_16
29,2025-08-29 14:39:01.337764978,https://overwatch.blizzard.com/en-us/rates/data/?map=all-maps&role=All&rq=1&input=Console&region=Europe&tier=Grandmaster,"{'map': 'all-maps', 'role': 'All', 'rq': '1', 'input': 'Console', 'region': 'Europe', 'tier': 'Grandmaster'}",All,,Europe,,,ashe,Ashe,-1.0,-1.0,DAMAGE,2026-05-16 15:18:25.728179+00:00,2026_05_16
29,2025-08-29 14:39:01.337764978,https://overwatch.blizzard.com/en-us/rates/data/?map=all-maps&role=All&rq=1&input=Console&region=Europe&tier=Grandmaster,"{'map': 'all-maps', 'role': 'All', 'rq': '1', 'input': 'Console', 'region': 'Europe', 'tier': 'Grandmaster'}",All,,Europe,,,baptiste,Baptiste,-1.0,-1.0,SUPPORT,2026-05-16 15:18:25.728179+00:00,2026_05_16
29,2025-08-29 14:39:01.337764978,https://overwatch.blizzard.com/en-us/rates/data/?map=all-maps&role=All&rq=1&input=Console&region=Europe&tier=Grandmaster,"{'map': 'all-maps', 'role': 'All', 'rq': '1', 'input': 'Console', 'region': 'Europe', 'tier': 'Grandmaster'}",All,,Europe,,,bastion,Bastion,-1.0,-1.0,DAMAGE,2026-05-16 15:18:25.728179+00:00,2026_05_16
29,2025-08-29 14:39:01.337764978,https://overwatch.blizzard.com/en-us/rates/data/?map=all-maps&role=All&rq=1&input=Console&region=Europe&tier=Grandmaster,"{'map': 'all-maps', 'role': 'All', 'rq': '1', 'input': 'Console', 'region': 'Europe', 'tier': 'Grandmaster'}",All,,Europe,,,brigitte,Brigitte,-1.0,-1.0,SUPPORT,2026-05-16 15:18:25.728179+00:00,2026_05_16
29,2025-08-29 14:39:01.337764978,https://overwatch.blizzard.com/en-us/rates/data/?map=all-maps&role=All&rq=1&input=Console&region=Europe&tier=Grandmaster,"{'map': 'all-maps', 'role': 'All', 'rq': '1', 'input': 'Console', 'region': 'Europe', 'tier': 'Grandmaster'}",All,,Europe,,,cassidy,Cassidy,-1.0,-1.0,DAMAGE,2026-05-16 15:18:25.728179+00:00,2026_05_16
29,2025-08-29 14:39:01.337764978,https://overwatch.blizzard.com/en-us/rates/data/?map=all-maps&role=All&rq=1&input=Console&region=Europe&tier=Grandmaster,"{'map': 'all-maps', 'role': 'All', 'rq': '1', 'input': 'Console', 'region': 'Europe', 'tier': 'Grandmaster'}",All,,Europe,,,dva,D.Va,-1.0,-1.0,TANK,2026-05-16 15:18:25.728179+00:00,2026_05_16
29,2025-08-29 14:39:01.337764978,https://overwatch.blizzard.com/en-us/rates/data/?map=all-maps&role=All&rq=1&input=Console&region=Europe&tier=Grandmaster,"{'map': 'all-maps', 'role': 'All', 'rq': '1', 'input': 'Console', 'region': 'Europe', 'tier': 'Grandmaster'}",All,,Europe,,,doomfist,Doomfist,-1.0,-1.0,TANK,2026-05-16 15:18:25.728179+00:00,2026_05_16
29,2025-08-29 14:39:01.337764978,https://overwatch.blizzard.com/en-us/rates/data/?map=all-maps&role=All&rq=1&input=Console&region=Europe&tier=Grandmaster,"{'map': 'all-maps', 'role': 'All', 'rq': '1', 'input': 'Console', 'region': 'Europe', 'tier': 'Grandmaster'}",All,,Europe,,,echo,Echo,-1.0,-1.0,DAMAGE,2026-05-16 15:18:25.728179+00:00,2026_05_16
29,2025-08-29 14:39:01.337764978,https://overwatch.blizzard.com/en-us/rates/data/?map=all-maps&role=All&rq=1&input=Console&region=Europe&tier=Grandmaster,"{'map': 'all-maps', 'role': 'All', 'rq': '1', 'input': 'Console', 'region': 'Europe', 'tier': 'Grandmaster'}",All,,Europe,,,freja,Freja,-1.0,-1.0,DAMAGE,2026-05-16 15:18:25.728179+00:00,2026_05_16
29,2025-08-29 14:39:01.337764978,https://overwatch.blizzard.com/en-us/rates/data/?map=all-maps&role=All&rq=1&input=Console&region=Europe&tier=Grandmaster,"{'map': 'all-maps', 'role': 'All', 'rq': '1', 'input': 'Console', 'region': 'Europe', 'tier': 'Grandmaster'}",All,,Europe,,,genji,Genji,-1.0,-1.0,DAMAGE,2026-05-16 15:18:25.728179+00:00,2026_05_16
29,2025-08-29 14:39:01.337764978,https://overwatch.blizzard.com/en-us/rates/data/?map=all-maps&role=All&rq=1&input=Console&region=Europe&tier=Grandmaster,"{'map': 'all-maps', 'role': 'All', 'rq': '1', 'input': 'Console', 'region': 'Europe', 'tier': 'Grandmaster'}",All,,Europe,,,hanzo,Hanzo,-1.0,-1.0,DAMAGE,2026-05-16 15:18:25.728179+00:00,2026_05_16
29,2025-08-29 14:39:01.337764978,https://overwatch.blizzard.com/en-us/rates/data/?map=all-maps&role=All&rq=1&input=Console&region=Europe&tier=Grandmaster,"{'map': 'all-maps', 'role': 'All', 'rq': '1', 'input': 'Console', 'region': 'Europe', 'tier': 'Grandmaster'}",All,,Europe,,,hazard,Hazard,-1.0,-1.0,TANK,2026-05-16 15:18:25.728179+00:00,2026_05_16
29,2025-08-29 14:39:01.337764978,https://overwatch.blizzard.com/en-us/rates/data/?map=all-maps&role=All&rq=1&input=Console&region=Europe&tier=Grandmaster,"{'map': 'all-maps', 'role': 'All', 'rq': '1', 'input': 'Console', 'region': 'Europe', 'tier': 'Grandmaster'}",All,,Europe,,,illari,Illari,-1.0,-1.0,SUPPORT,2026-05-16 15:18:25.728179+00:00,2026_05_16
29,2025-08-29 14:39:01.337764978,https://overwatch.blizzard.com/en-us/rates/data/?map=all-maps&role=All&rq=1&input=Console&region=Europe&tier=Grandmaster,"{'map': 'all-maps', 'role': 'All', 'rq': '1', 'input': 'Console', 'region': 'Europe', 'tier': 'Grandmaster'}",All,,Europe,,,junker-queen,Junker Queen,-1.0,-1.0,TANK,2026-05-16 15:18:25.728179+00:00,2026_05_16
29,2025-08-29 14:39:01.337764978,https://overwatch.blizzard.com/en-us/rates/data/?map=all-maps&role=All&rq=1&input=Console&region=Europe&tier=Grandmaster,"{'map': 'all-maps', 'role': 'All', 'rq': '1', 'input': 'Console', 'region': 'Europe', 'tier': 'Grandmaster'}",All,,Europe,,,junkrat,Junkrat,-1.0,-1.0,DAMAGE,2026-05-16 15:18:25.728179+00:00,2026_05_16
29,2025-08-29 14:39:01.337764978,https://overwatch.blizzard.com/en-us/rates/data/?map=all-maps&role=All&rq=1&input=Console&region=Europe&tier=Grandmaster,"{'map': 'all-maps', 'role': 'All', 'rq': '1', 'input': 'Console', 'region': 'Europe', 'tier': 'Grandmaster'}",All,,Europe,,,juno,Juno,-1.0,-1.0,SUPPORT,2026-05-16 15:18:25.728179+00:00,2026_05_16
29,2025-08-29 14:39:01.337764978,https://overwatch.blizzard.com/en-us/rates/data/?map=all-maps&role=All&rq=1&input=Console&region=Europe&tier=Grandmaster,"{'map': 'all-maps', 'role': 'All', 'rq': '1', 'input': 'Console', 'region': 'Europe', 'tier': 'Grandmaster'}",All,,Europe,,,kiriko,Kiriko,-1.0,-1.0,SUPPORT,2026-05-16 15:18:25.728179+00:00,2026_05_16
29,2025-08-29 14:39:01.337764978,https://overwatch.blizzard.com/en-us/rates/data/?map=all-maps&role=All&rq=1&input=Console&region=Europe&tier=Grandmaster,"{'map': 'all-maps', 'role': 'All', 'rq': '1', 'input': 'Console', 'region': 'Europe', 'tier': 'Grandmaster'}",All,,Europe,,,lifeweaver,Lifeweaver,-1.0,-1.0,SUPPORT,2026-05-16 15:18:25.728179+00:00,2026_05_16
29,2025-08-29 14:39:01.337764978,https://overwatch.blizzard.com/en-us/rates/data/?map=all-maps&role=All&rq=1&input=Console&region=Europe&tier=Grandmaster,"{'map': 'all-maps', 'role': 'All', 'rq': '1', 'input': 'Console', 'region': 'Europe', 'tier': 'Grandmaster'}",All,,Europe,,,lucio,Lúcio,-1.0,-1.0,SUPPORT,2026-05-16 15:18:25.728179+00:00,2026_05_16
29,2025-08-29 14:39:01.337764978,https://overwatch.blizzard.com/en-us/rates/data/?map=all-maps&role=All&rq=1&input=Console&region=Europe&tier=Grandmaster,"{'map': 'all-maps', 'role': 'All', 'rq': '1', 'input': 'Console', 'region': 'Europe', 'tier': 'Grandmaster'}",All,,Europe,,,mauga,Mauga,-1.0,-1.0,TANK,2026-05-16 15:18:25.728179+00:00,2026_05_16
29,2025-08-29 14:39:01.337764978,https://overwatch.blizzard.com/en-us/rates/data/?map=all-maps&role=All&rq=1&input=Console&region=Europe&tier=Grandmaster,"{'map': 'all-maps', 'role': 'All', 'rq': '1', 'input': 'Console', 'region': 'Europe', 'tier': 'Grandmaster'}",All,,Europe,,,mei,Mei,-1.0,-1.0,DAMAGE,2026-05-16 15:18:25.728179+00:00,2026_05_16
29,2025-08-29 14:39:01.337764978,https://overwatch.blizzard.com/en-us/rates/data/?map=all-maps&role=All&rq=1&input=Console&region=Europe&tier=Grandmaster,"{'map': 'all-maps', 'role': 'All', 'rq': '1', 'input': 'Console', 'region': 'Europe', 'tier': 'Grandmaster'}",All,,Europe,,,mercy,Mercy,-1.0,-1.0,SUPPORT,2026-05-16 15:18:25.728179+00:00,2026_05_16
29,2025-08-29 14:39:01.337764978,https://overwatch.blizzard.com/en-us/rates/data/?map=all-maps&role=All&rq=1&input=Console&region=Europe&tier=Grandmaster,"{'map': 'all-maps', 'role': 'All', 'rq': '1', 'input': 'Console', 'region': 'Europe', 'tier': 'Grandmaster'}",All,,Europe,,,moira,Moira,-1.0,-1.0,SUPPORT,2026-05-16 15:18:25.728179+00:00,2026_05_16
29,2025-08-29 14:39:01.337764978,https://overwatch.blizzard.com/en-us/rates/data/?map=all-maps&role=All&rq=1&input=Console&region=Europe&tier=Grandmaster,"{'map': 'all-maps', 'role': 'All', 'rq': '1', 'input': 'Console', 'region': 'Europe', 'tier': 'Grandmaster'}",All,,Europe,,,orisa,Orisa,-1.0,-1.0,TANK,2026-05-16 15:18:25.728179+00:00,2026_05_16
29,2025-08-29 14:39:01.337764978,https://overwatch.blizzard.com/en-us/rates/data/?map=all-maps&role=All&rq=1&input=Console&region=Europe&tier=Grandmaster,"{'map': 'all-maps', 'role': 'All', 'rq': '1', 'input': 'Console', 'region': 'Europe', 'tier': 'Grandmaster'}",All,,Europe,,,pharah,Pharah,-1.0,-1.0,DAMAGE,2026-05-16 15:18:25.728179+00:00,2026_05_16
29,2025-08-29 14:39:01.337764978,https://overwatch.blizzard.com/en-us/rates/data/?map=all-maps&role=All&rq=1&input=Console&region=Europe&tier=Grandmaster,"{'map': 'all-maps', 'role': 'All', 'rq': '1', 'input': 'Console', 'region': 'Europe', 'tier': 'Grandmaster'}",All,,Europe,,,ramattra,Ramattra,-1.0,-1.0,TANK,2026-05-16 15:18:25.728179+00:00,2026_05_16
29,2025-08-29 14:39:01.337764978,https://overwatch.blizzard.com/en-us/rates/data/?map=all-maps&role=All&rq=1&input=Console&region=Europe&tier=Grandmaster,"{'map': 'all-maps', 'role': 'All', 'rq': '1', 'input': 'Console', 'region': 'Europe', 'tier': 'Grandmaster'}",All,,Europe,,,reaper,Reaper,-1.0,-1.0,DAMAGE,2026-05-16 15:18:25.728179+00:00,2026_05_16
29,2025-08-29 14:39:01.337764978,https://overwatch.blizzard.com/en-us/rates/data/?map=all-maps&role=All&rq=1&input=Console&region=Europe&tier=Grandmaster,"{'map': 'all-maps', 'role': 'All', 'rq': '1', 'input': 'Console', 'region': 'Europe', 'tier': 'Grandmaster'}",All,,Europe,,,reinhardt,Reinhardt,-1.0,-1.0,TANK,2026-05-16 15:18:25.728179+00:00,2026_05_16
29,2025-08-29 14:39:01.337764978,https://overwatch.blizzard.com/en-us/rates/data/?map=all-maps&role=All&rq=1&input=Console&region=Europe&tier=Grandmaster,"{'map': 'all-maps', 'role': 'All', 'rq': '1', 'input': 'Console', 'region': 'Europe', 'tier': 'Grandmaster'}",All,,Europe,,,roadhog,Roadhog,-1.0,-1.0,TANK,2026-05-16 15:18:25.728179+00:00,2026_05_16
29,2025-08-29 14:39:01.337764978,https://overwatch.blizzard.com/en-us/rates/data/?map=all-maps&role=All&rq=1&input=Console&region=Europe&tier=Grandmaster,"{'map': 'all-maps', 'role': 'All', 'rq': '1', 'input': 'Console', 'region': 'Europe', 'tier': 'Grandmaster'}",All,,Europe,,,sigma,Sigma,-1.0,-1.0,TANK,2026-05-16 15:18:25.728179+00:00,2026_05_16
29,2025-08-29 14:39:01.337764978,https://overwatch.blizzard.com/en-us/rates/data/?map=all-maps&role=All&rq=1&input=Console&region=Europe&tier=Grandmaster,"{'map': 'all-maps', 'role': 'All', 'rq': '1', 'input': 'Console', 'region': 'Europe', 'tier': 'Grandmaster'}",All,,Europe,,,sojourn,Sojourn,-1.0,-1.0,DAMAGE,2026-05-16 15:18:25.728179+00:00,2026_05_16
29,2025-08-29 14:39:01.337764978,https://overwatch.blizzard.com/en-us/rates/data/?map=all-maps&role=All&rq=1&input=Console&region=Europe&tier=Grandmaster,"{'map': 'all-maps', 'role': 'All', 'rq': '1', 'input': 'Console', 'region': 'Europe', 'tier': 'Grandmaster'}",All,,Europe,,,soldier-76,Soldier: 76,-1.0,-1.0,DAMAGE,2026-05-16 15:18:25.728179+00:00,2026_05_16
29,2025-08-29 14:39:01.337764978,https://overwatch.blizzard.com/en-us/rates/data/?map=all-maps&role=All&rq=1&input=Console&region=Europe&tier=Grandmaster,"{'map': 'all-maps', 'role': 'All', 'rq': '1', 'input': 'Console', 'region': 'Europe', 'tier': 'Grandmaster'}",All,,Europe,,,sombra,Sombra,-1.0,-1.0,DAMAGE,2026-05-16 15:18:25.728179+00:00,2026_05_16
29,2025-08-29 14:39:01.337764978,https://overwatch.blizzard.com/en-us/rates/data/?map=all-maps&role=All&rq=1&input=Console&region=Europe&tier=Grandmaster,"{'map': 'all-maps', 'role': 'All', 'rq': '1', 'input': 'Console', 'region': 'Europe', 'tier': 'Grandmaster'}",All,,Europe,,,symmetra,Symmetra,-1.0,-1.0,DAMAGE,2026-05-16 15:18:25.728179+00:00,2026_05_16
29,2025-08-29 14:39:01.337764978,https://overwatch.blizzard.com/en-us/rates/data/?map=all-maps&role=All&rq=1&input=Console&region=Europe&tier=Grandmaster,"{'map': 'all-maps', 'role': 'All', 'rq': '1', 'input': 'Console', 'region': 'Europe', 'tier': 'Grandmaster'}",All,,Europe,,,torbjorn,Torbjörn,-1.0,-1.0,DAMAGE,2026-05-16 15:18:25.728179+00:00,2026_05_16
29,2025-08-29 14:39:01.337764978,https://overwatch.blizzard.com/en-us/rates/data/?map=all-maps&role=All&rq=1&input=Console&region=Europe&tier=Grandmaster,"{'map': 'all-maps', 'role': 'All', 'rq': '1', 'input': 'Console', 'region': 'Europe', 'tier': 'Grandmaster'}",All,,Europe,,,tracer,Tracer,-1.0,-1.0,DAMAGE,2026-05-16 15:18:25.728179+00:00,2026_05_16
29,2025-08-29 14:39:01.337764978,https://overwatch.blizzard.com/en-us/rates/data/?map=all-maps&role=All&rq=1&input=Console&region=Europe&tier=Grandmaster,"{'map': 'all-maps', 'role': 'All', 'rq': '1', 'input': 'Console', 'region': 'Europe', 'tier': 'Grandmaster'}",All,,Europe,,,venture,Venture,-1.0,-1.0,DAMAGE,2026-05-16 15:18:25.728179+00:00,2026_05_16
29,2025-08-29 14:39:01.337764978,https://overwatch.blizzard.com/en-us/rates/data/?map=all-maps&role=All&rq=1&input=Console&region=Europe&tier=Grandmaster,"{'map': 'all-maps', 'role': 'All', 'rq': '1', 'input': 'Console', 'region': 'Europe', 'tier': 'Grandmaster'}",All,,Europe,,,widowmaker,Widowmaker,-1.0,-1.0,DAMAGE,2026-05-16 15:18:25.728179+00:00,2026_05_16
29,2025-08-29 14:39:01.337764978,https://overwatch.blizzard.com/en-us/rates/data/?map=all-maps&role=All&rq=1&input=Console&region=Europe&tier=Grandmaster,"{'map': 'all-maps', 'role': 'All', 'rq': '1', 'input': 'Console', 'region': 'Europe', 'tier': 'Grandmaster'}",All,,Europe,,,winston,Winston,-1.0,-1.0,TANK,2026-05-16 15:18:25.728179+00:00,2026_05_16
29,2025-08-29 14:39:01.337764978,https://overwatch.blizzard.com/en-us/rates/data/?map=all-maps&role=All&rq=1&input=Console&region=Europe&tier=Grandmaster,"{'map': 'all-maps', 'role': 'All', 'rq': '1', 'input': 'Console', 'region': 'Europe', 'tier': 'Grandmaster'}",All,,Europe,,,wrecking-ball,Wrecking Ball,-1.0,-1.0,TANK,2026-05-16 15:18:25.728179+00:00,2026_05_16
29,2025-08-29 14:39:01.337764978,https://overwatch.blizzard.com/en-us/rates/data/?map=all-maps&role=All&rq=1&input=Console&region=Europe&tier=Grandmaster,"{'map': 'all-maps', 'role': 'All', 'rq': '1', 'input': 'Console', 'region': 'Europe', 'tier': 'Grandmaster'}",All,,Europe,,,wuyang,Wuyang,-1.0,-1.0,SUPPORT,2026-05-16 15:18:25.728179+00:00,2026_05_16
29,2025-08-29 14:39:01.337764978,https://overwatch.blizzard.com/en-us/rates/data/?map=all-maps&role=All&rq=1&input=Console&region=Europe&tier=Grandmaster,"{'map': 'all-maps', 'role': 'All', 'rq': '1', 'input': 'Console', 'region': 'Europe', 'tier': 'Grandmaster'}",All,,Europe,,,zarya,Zarya,-1.0,-1.0,TANK,2026-05-16 15:18:25.728179+00:00,2026_05_16
29,2025-08-29 14:39:01.337764978,https://overwatch.blizzard.com/en-us/rates/data/?map=all-maps&role=All&rq=1&input=Console&region=Europe&tier=Grandmaster,"{'map': 'all-maps', 'role': 'All', 'rq': '1', 'input': 'Console', 'region': 'Europe', 'tier': 'Grandmaster'}",All,,Europe,,,zenyatta,Zenyatta,-1.0,-1.0,SUPPORT,2026-05-16 15:18:25.728179+00:00,2026_05_16
30,2025-08-29 14:39:01.592503071,https://overwatch.blizzard.com/en-us/rates/data/?map=all-maps&role=All&rq=1&input=PC&region=Americas&tier=All,"{'map': 'all-maps', 'role': 'All', 'rq': '1', 'input': 'PC', 'region': 'Americas', 'tier': 'All'}",All,,Americas,,,ana,Ana,27.6,47.8,SUPPORT,2026-05-16 15:18:25.728179+00:00,2026_05_16
30,2025-08-29 14:39:01.592503071,https://overwatch.blizzard.com/en-us/rates/data/?map=all-maps&role=All&rq=1&input=PC&region=Americas&tier=All,"{'map': 'all-maps', 'role': 'All', 'rq': '1', 'input': 'PC', 'region': 'Americas', 'tier': 'All'}",All,,Americas,,,ashe,Ashe,12.1,50.4,DAMAGE,2026-05-16 15:18:25.728179+00:00,2026_05_16
30,2025-08-29 14:39:01.592503071,https://overwatch.blizzard.com/en-us/rates/data/?map=all-maps&role=All&rq=1&input=PC&region=Americas&tier=All,"{'map': 'all-maps', 'role': 'All', 'rq': '1', 'input': 'PC', 'region': 'Americas', 'tier': 'All'}",All,,Americas,,,baptiste,Baptiste,9.5,46.4,SUPPORT,2026-05-16 15:18:25.728179+00:00,2026_05_16
30,2025-08-29 14:39:01.592503071,https://overwatch.blizzard.com/en-us/rates/data/?map=all-maps&role=All&rq=1&input=PC&region=Americas&tier=All,"{'map': 'all-maps', 'role': 'All', 'rq': '1', 'input': 'PC', 'region': 'Americas', 'tier': 'All'}",All,,Americas,,,bastion,Bastion,10.8,46.8,DAMAGE,2026-05-16 15:18:25.728179+00:00,2026_05_16
30,2025-08-29 14:39:01.592503071,https://overwatch.blizzard.com/en-us/rates/data/?map=all-maps&role=All&rq=1&input=PC&region=Americas&tier=All,"{'map': 'all-maps', 'role': 'All', 'rq': '1', 'input': 'PC', 'region': 'Americas', 'tier': 'All'}",All,,Americas,,,brigitte,Brigitte,5.0,46.5,SUPPORT,2026-05-16 15:18:25.728179+00:00,2026_05_16
30,2025-08-29 14:39:01.592503071,https://overwatch.blizzard.com/en-us/rates/data/?map=all-maps&role=All&rq=1&input=PC&region=Americas&tier=All,"{'map': 'all-maps', 'role': 'All', 'rq': '1', 'input': 'PC', 'region': 'Americas', 'tier': 'All'}",All,,Americas,,,cassidy,Cassidy,29.5,47.9,DAMAGE,2026-05-16 15:18:25.728179+00:00,2026_05_16
30,2025-08-29 14:39:01.592503071,https://overwatch.blizzard.com/en-us/rates/data/?map=all-maps&role=All&rq=1&input=PC&region=Americas&tier=All,"{'map': 'all-maps', 'role': 'All', 'rq': '1', 'input': 'PC', 'region': 'Americas', 'tier': 'All'}",All,,Americas,,,dva,D.Va,9.5,47.6,TANK,2026-05-16 15:18:25.728179+00:00,2026_05_16
30,2025-08-29 14:39:01.592503071,https://overwatch.blizzard.com/en-us/rates/data/?map=all-maps&role=All&rq=1&input=PC&region=Americas&tier=All,"{'map': 'all-maps', 'role': 'All', 'rq': '1', 'input': 'PC', 'region': 'Americas', 'tier': 'All'}",All,,Americas,,,doomfist,Doomfist,7.8,54.4,TANK,2026-05-16 15:18:25.728179+00:00,2026_05_16
30,2025-08-29 14:39:01.592503071,https://overwatch.blizzard.com/en-us/rates/data/?map=all-maps&role=All&rq=1&input=PC&region=Americas&tier=All,"{'map': 'all-maps', 'role': 'All', 'rq': '1', 'input': 'PC', 'region': 'Americas', 'tier': 'All'}",All,,Americas,,,echo,Echo,5.0,50.2,DAMAGE,2026-05-16 15:18:25.728179+00:00,2026_05_16
30,2025-08-29 14:39:01.592503071,https://overwatch.blizzard.com/en-us/rates/data/?map=all-maps&role=All&rq=1&input=PC&region=Americas&tier=All,"{'map': 'all-maps', 'role': 'All', 'rq': '1', 'input': 'PC', 'region': 'Americas', 'tier': 'All'}",All,,Americas,,,freja,Freja,5.1,45.9,DAMAGE,2026-05-16 15:18:25.728179+00:00,2026_05_16
30,2025-08-29 14:39:01.592503071,https://overwatch.blizzard.com/en-us/rates/data/?map=all-maps&role=All&rq=1&input=PC&region=Americas&tier=All,"{'map': 'all-maps', 'role': 'All', 'rq': '1', 'input': 'PC', 'region': 'Americas', 'tier': 'All'}",All,,Americas,,,genji,Genji,18.1,54.9,DAMAGE,2026-05-16 15:18:25.728179+00:00,2026_05_16
30,2025-08-29 14:39:01.592503071,https://overwatch.blizzard.com/en-us/rates/data/?map=all-maps&role=All&rq=1&input=PC&region=Americas&tier=All,"{'map': 'all-maps', 'role': 'All', 'rq': '1', 'input': 'PC', 'region': 'Americas', 'tier': 'All'}",All,,Americas,,,hanzo,Hanzo,13.1,52.4,DAMAGE,2026-05-16 15:18:25.728179+00:00,2026_05_16
30,2025-08-29 14:39:01.592503071,https://overwatch.blizzard.com/en-us/rates/data/?map=all-maps&role=All&rq=1&input=PC&region=Americas&tier=All,"{'map': 'all-maps', 'role': 'All', 'rq': '1', 'input': 'PC', 'region': 'Americas', 'tier': 'All'}",All,,Americas,,,hazard,Hazard,4.3,53.0,TANK,2026-05-16 15:18:25.728179+00:00,2026_05_16
30,2025-08-29 14:39:01.592503071,https://overwatch.blizzard.com/en-us/rates/data/?map=all-maps&role=All&rq=1&input=PC&region=Americas&tier=All,"{'map': 'all-maps', 'role': 'All', 'rq': '1', 'input': 'PC', 'region': 'Americas', 'tier': 'All'}",All,,Americas,,,illari,Illari,5.6,50.3,SUPPORT,2026-05-16 15:18:25.728179+00:00,2026_05_16
30,2025-08-29 14:39:01.592503071,https://overwatch.blizzard.com/en-us/rates/data/?map=all-maps&role=All&rq=1&input=PC&region=Americas&tier=All,"{'map': 'all-maps', 'role': 'All', 'rq': '1', 'input': 'PC', 'region': 'Americas', 'tier': 'All'}",All,,Americas,,,junker-queen,Junker Queen,7.5,55.1,TANK,2026-05-16 15:18:25.728179+00:00,2026_05_16
30,2025-08-29 14:39:01.592503071,https://overwatch.blizzard.com/en-us/rates/data/?map=all-maps&role=All&rq=1&input=PC&region=Americas&tier=All,"{'map': 'all-maps', 'role': 'All', 'rq': '1', 'input': 'PC', 'region': 'Americas', 'tier': 'All'}",All,,Americas,,,junkrat,Junkrat,9.3,47.0,DAMAGE,2026-05-16 15:18:25.728179+00:00,2026_05_16
30,2025-08-29 14:39:01.592503071,https://overwatch.blizzard.com/en-us/rates/data/?map=all-maps&role=All&rq=1&input=PC&region=Americas&tier=All,"{'map': 'all-maps', 'role': 'All', 'rq': '1', 'input': 'PC', 'region': 'Americas', 'tier': 'All'}",All,,Americas,,,juno,Juno,16.9,49.5,SUPPORT,2026-05-16 15:18:25.728179+00:00,2026_05_16
30,2025-08-29 14:39:01.592503071,https://overwatch.blizzard.com/en-us/rates/data/?map=all-maps&role=All&rq=1&input=PC&region=Americas&tier=All,"{'map': 'all-maps', 'role': 'All', 'rq': '1', 'input': 'PC', 'region': 'Americas', 'tier': 'All'}",All,,Americas,,,kiriko,Kiriko,27.9,45.9,SUPPORT,2026-05-16 15:18:25.728179+00:00,2026_05_16
30,2025-08-29 14:39:01.592503071,https://overwatch.blizzard.com/en-us/rates/data/?map=all-maps&role=All&rq=1&input=PC&region=Americas&tier=All,"{'map': 'all-maps', 'role': 'All', 'rq': '1', 'input': 'PC', 'region': 'Americas', 'tier': 'All'}",All,,Americas,,,lifeweaver,Lifeweaver,9.8,44.3,SUPPORT,2026-05-16 15:18:25.728179+00:00,2026_05_16
30,2025-08-29 14:39:01.592503071,https://overwatch.blizzard.com/en-us/rates/data/?map=all-maps&role=All&rq=1&input=PC&region=Americas&tier=All,"{'map': 'all-maps', 'role': 'All', 'rq': '1', 'input': 'PC', 'region': 'Americas', 'tier': 'All'}",All,,Americas,,,lucio,Lúcio,9.1,54.8,SUPPORT,2026-05-16 15:18:25.728179+00:00,2026_05_16
30,2025-08-29 14:39:01.592503071,https://overwatch.blizzard.com/en-us/rates/data/?map=all-maps&role=All&rq=1&input=PC&region=Americas&tier=All,"{'map': 'all-maps', 'role': 'All', 'rq': '1', 'input': 'PC', 'region': 'Americas', 'tier': 'All'}",All,,Americas,,,mauga,Mauga,4.5,47.4,TANK,2026-05-16 15:18:25.728179+00:00,2026_05_16
30,2025-08-29 14:39:01.592503071,https://overwatch.blizzard.com/en-us/rates/data/?map=all-maps&role=All&rq=1&input=PC&region=Americas&tier=All,"{'map': 'all-maps', 'role': 'All', 'rq': '1', 'input': 'PC', 'region': 'Americas', 'tier': 'All'}",All,,Americas,,,mei,Mei,9.1,47.1,DAMAGE,2026-05-16 15:18:25.728179+00:00,2026_05_16
30,2025-08-29 14:39:01.592503071,https://overwatch.blizzard.com/en-us/rates/data/?map=all-maps&role=All&rq=1&input=PC&region=Americas&tier=All,"{'map': 'all-maps', 'role': 'All', 'rq': '1', 'input': 'PC', 'region': 'Americas', 'tier': 'All'}",All,,Americas,,,mercy,Mercy,22.8,52.0,SUPPORT,2026-05-16 15:18:25.728179+00:00,2026_05_16
30,2025-08-29 14:39:01.592503071,https://overwatch.blizzard.com/en-us/rates/data/?map=all-maps&role=All&rq=1&input=PC&region=Americas&tier=All,"{'map': 'all-maps', 'role': 'All', 'rq': '1', 'input': 'PC', 'region': 'Americas', 'tier': 'All'}",All,,Americas,,,moira,Moira,24.7,45.9,SUPPORT,2026-05-16 15:18:25.728179+00:00,2026_05_16
30,2025-08-29 14:39:01.592503071,https://overwatch.blizzard.com/en-us/rates/data/?map=all-maps&role=All&rq=1&input=PC&region=Americas&tier=All,"{'map': 'all-maps', 'role': 'All', 'rq': '1', 'input': 'PC', 'region': 'Americas', 'tier': 'All'}",All,,Americas,,,orisa,Orisa,11.0,43.1,TANK,2026-05-16 15:18:25.728179+00:00,2026_05_16
30,2025-08-29 14:39:01.592503071,https://overwatch.blizzard.com/en-us/rates/data/?map=all-maps&role=All&rq=1&input=PC&region=Americas&tier=All,"{'map': 'all-maps', 'role': 'All', 'rq': '1', 'input': 'PC', 'region': 'Americas', 'tier': 'All'}",All,,Americas,,,pharah,Pharah,4.6,49.9,DAMAGE,2026-05-16 15:18:25.728179+00:00,2026_05_16
30,2025-08-29 14:39:01.592503071,https://overwatch.blizzard.com/en-us/rates/data/?map=all-maps&role=All&rq=1&input=PC&region=Americas&tier=All,"{'map': 'all-maps', 'role': 'All', 'rq': '1', 'input': 'PC', 'region': 'Americas', 'tier': 'All'}",All,,Americas,,,ramattra,Ramattra,9.5,46.3,TANK,2026-05-16 15:18:25.728179+00:00,2026_05_16
30,2025-08-29 14:39:01.592503071,https://overwatch.blizzard.com/en-us/rates/data/?map=all-maps&role=All&rq=1&input=PC&region=Americas&tier=All,"{'map': 'all-maps', 'role': 'All', 'rq': '1', 'input': 'PC', 'region': 'Americas', 'tier': 'All'}",All,,Americas,,,reaper,Reaper,12.1,52.5,DAMAGE,2026-05-16 15:18:25.728179+00:00,2026_05_16
30,2025-08-29 14:39:01.592503071,https://overwatch.blizzard.com/en-us/rates/data/?map=all-maps&role=All&rq=1&input=PC&region=Americas&tier=All,"{'map': 'all-maps', 'role': 'All', 'rq': '1', 'input': 'PC', 'region': 'Americas', 'tier': 'All'}",All,,Americas,,,reinhardt,Reinhardt,14.9,55.1,TANK,2026-05-16 15:18:25.728179+00:00,2026_05_16
30,2025-08-29 14:39:01.592503071,https://overwatch.blizzard.com/en-us/rates/data/?map=all-maps&role=All&rq=1&input=PC&region=Americas&tier=All,"{'map': 'all-maps', 'role': 'All', 'rq': '1', 'input': 'PC', 'region': 'Americas', 'tier': 'All'}",All,,Americas,,,roadhog,Roadhog,5.5,37.2,TANK,2026-05-16 15:18:25.728179+00:00,2026_05_16
30,2025-08-29 14:39:01.592503071,https://overwatch.blizzard.com/en-us/rates/data/?map=all-maps&role=All&rq=1&input=PC&region=Americas&tier=All,"{'map': 'all-maps', 'role': 'All', 'rq': '1', 'input': 'PC', 'region': 'Americas', 'tier': 'All'}",All,,Americas,,,sigma,Sigma,10.0,51.2,TANK,2026-05-16 15:18:25.728179+00:00,2026_05_16
30,2025-08-29 14:39:01.592503071,https://overwatch.blizzard.com/en-us/rates/data/?map=all-maps&role=All&rq=1&input=PC&region=Americas&tier=All,"{'map': 'all-maps', 'role': 'All', 'rq': '1', 'input': 'PC', 'region': 'Americas', 'tier': 'All'}",All,,Americas,,,sojourn,Sojourn,18.0,45.9,DAMAGE,2026-05-16 15:18:25.728179+00:00,2026_05_16
30,2025-08-29 14:39:01.592503071,https://overwatch.blizzard.com/en-us/rates/data/?map=all-maps&role=All&rq=1&input=PC&region=Americas&tier=All,"{'map': 'all-maps', 'role': 'All', 'rq': '1', 'input': 'PC', 'region': 'Americas', 'tier': 'All'}",All,,Americas,,,soldier-76,Soldier: 76,19.7,48.7,DAMAGE,2026-05-16 15:18:25.728179+00:00,2026_05_16
30,2025-08-29 14:39:01.592503071,https://overwatch.blizzard.com/en-us/rates/data/?map=all-maps&role=All&rq=1&input=PC&region=Americas&tier=All,"{'map': 'all-maps', 'role': 'All', 'rq': '1', 'input': 'PC', 'region': 'Americas', 'tier': 'All'}",All,,Americas,,,sombra,Sombra,3.2,47.8,DAMAGE,2026-05-16 15:18:25.728179+00:00,2026_05_16
30,2025-08-29 14:39:01.592503071,https://overwatch.blizzard.com/en-us/rates/data/?map=all-maps&role=All&rq=1&input=PC&region=Americas&tier=All,"{'map': 'all-maps', 'role': 'All', 'rq': '1', 'input': 'PC', 'region': 'Americas', 'tier': 'All'}",All,,Americas,,,symmetra,Symmetra,4.6,50.7,DAMAGE,2026-05-16 15:18:25.728179+00:00,2026_05_16
30,2025-08-29 14:39:01.592503071,https://overwatch.blizzard.com/en-us/rates/data/?map=all-maps&role=All&rq=1&input=PC&region=Americas&tier=All,"{'map': 'all-maps', 'role': 'All', 'rq': '1', 'input': 'PC', 'region': 'Americas', 'tier': 'All'}",All,,Americas,,,torbjorn,Torbjörn,5.1,49.5,DAMAGE,2026-05-16 15:18:25.728179+00:00,2026_05_16
30,2025-08-29 14:39:01.592503071,https://overwatch.blizzard.com/en-us/rates/data/?map=all-maps&role=All&rq=1&input=PC&region=Americas&tier=All,"{'map': 'all-maps', 'role': 'All', 'rq': '1', 'input': 'PC', 'region': 'Americas', 'tier': 'All'}",All,,Americas,,,tracer,Tracer,10.2,52.2,DAMAGE,2026-05-16 15:18:25.728179+00:00,2026_05_16
30,2025-08-29 14:39:01.592503071,https://overwatch.blizzard.com/en-us/rates/data/?map=all-maps&role=All&rq=1&input=PC&region=Americas&tier=All,"{'map': 'all-maps', 'role': 'All', 'rq': '1', 'input': 'PC', 'region': 'Americas', 'tier': 'All'}",All,,Americas,,,venture,Venture,5.8,52.7,DAMAGE,2026-05-16 15:18:25.728179+00:00,2026_05_16
30,2025-08-29 14:39:01.592503071,https://overwatch.blizzard.com/en-us/rates/data/?map=all-maps&role=All&rq=1&input=PC&region=Americas&tier=All,"{'map': 'all-maps', 'role': 'All', 'rq': '1', 'input': 'PC', 'region': 'Americas', 'tier': 'All'}",All,,Americas,,,widowmaker,Widowmaker,4.6,48.7,DAMAGE,2026-05-16 15:18:25.728179+00:00,2026_05_16
30,2025-08-29 14:39:01.592503071,https://overwatch.blizzard.com/en-us/rates/data/?map=all-maps&role=All&rq=1&input=PC&region=Americas&tier=All,"{'map': 'all-maps', 'role': 'All', 'rq': '1', 'input': 'PC', 'region': 'Americas', 'tier': 'All'}",All,,Americas,,,winston,Winston,6.3,49.4,TANK,2026-05-16 15:18:25.728179+00:00,2026_05_16
30,2025-08-29 14:39:01.592503071,https://overwatch.blizzard.com/en-us/rates/data/?map=all-maps&role=All&rq=1&input=PC&region=Americas&tier=All,"{'map': 'all-maps', 'role': 'All', 'rq': '1', 'input': 'PC', 'region': 'Americas', 'tier': 'All'}",All,,Americas,,,wrecking-ball,Wrecking Ball,3.2,56.5,TANK,2026-05-16 15:18:25.728179+00:00,2026_05_16
30,2025-08-29 14:39:01.592503071,https://overwatch.blizzard.com/en-us/rates/data/?map=all-maps&role=All&rq=1&input=PC&region=Americas&tier=All,"{'map': 'all-maps', 'role': 'All', 'rq': '1', 'input': 'PC', 'region': 'Americas', 'tier': 'All'}",All,,Americas,,,wuyang,Wuyang,32.2,57.0,SUPPORT,2026-05-16 15:18:25.728179+00:00,2026_05_16
30,2025-08-29 14:39:01.592503071,https://overwatch.blizzard.com/en-us/rates/data/?map=all-maps&role=All&rq=1&input=PC&region=Americas&tier=All,"{'map': 'all-maps', 'role': 'All', 'rq': '1', 'input': 'PC', 'region': 'Americas', 'tier': 'All'}",All,,Americas,,,zarya,Zarya,5.9,49.2,TANK,2026-05-16 15:18:25.728179+00:00,2026_05_16
30,2025-08-29 14:39:01.592503071,https://overwatch.blizzard.com/en-us/rates/data/?map=all-maps&role=All&rq=1&input=PC&region=Americas&tier=All,"{'map': 'all-maps', 'role': 'All', 'rq': '1', 'input': 'PC', 'region': 'Americas', 'tier': 'All'}",All,,Americas,,,zenyatta,Zenyatta,8.9,52.3,SUPPORT,2026-05-16 15:18:25.728179+00:00,2026_05_16
31,2025-08-29 14:39:01.854852676,https://overwatch.blizzard.com/en-us/rates/data/?map=all-maps&role=All&rq=1&input=PC&region=Americas&tier=Bronze,"{'map': 'all-maps', 'role': 'All', 'rq': '1', 'input': 'PC', 'region': 'Americas', 'tier': 'Bronze'}",All,,Americas,,,ana,Ana,14.0,44.3,SUPPORT,2026-05-16 15:18:25.728179+00:00,2026_05_16
31,2025-08-29 14:39:01.854852676,https://overwatch.blizzard.com/en-us/rates/data/?map=all-maps&role=All&rq=1&input=PC&region=Americas&tier=Bronze,"{'map': 'all-maps', 'role': 'All', 'rq': '1', 'input': 'PC', 'region': 'Americas', 'tier': 'Bronze'}",All,,Americas,,,ashe,Ashe,13.3,49.0,DAMAGE,2026-05-16 15:18:25.728179+00:00,2026_05_16
31,2025-08-29 14:39:01.854852676,https://overwatch.blizzard.com/en-us/rates/data/?map=all-maps&role=All&rq=1&input=PC&region=Americas&tier=Bronze,"{'map': 'all-maps', 'role': 'All', 'rq': '1', 'input': 'PC', 'region': 'Americas', 'tier': 'Bronze'}",All,,Americas,,,baptiste,Baptiste,6.5,42.3,SUPPORT,2026-05-16 15:18:25.728179+00:00,2026_05_16
31,2025-08-29 14:39:01.854852676,https://overwatch.blizzard.com/en-us/rates/data/?map=all-maps&role=All&rq=1&input=PC&region=Americas&tier=Bronze,"{'map': 'all-maps', 'role': 'All', 'rq': '1', 'input': 'PC', 'region': 'Americas', 'tier': 'Bronze'}",All,,Americas,,,bastion,Bastion,19.4,48.1,DAMAGE,2026-05-16 15:18:25.728179+00:00,2026_05_16
31,2025-08-29 14:39:01.854852676,https://overwatch.blizzard.com/en-us/rates/data/?map=all-maps&role=All&rq=1&input=PC&region=Americas&tier=Bronze,"{'map': 'all-maps', 'role': 'All', 'rq': '1', 'input': 'PC', 'region': 'Americas', 'tier': 'Bronze'}",All,,Americas,,,brigitte,Brigitte,2.9,48.4,SUPPORT,2026-05-16 15:18:25.728179+00:00,2026_05_16
31,2025-08-29 14:39:01.854852676,https://overwatch.blizzard.com/en-us/rates/data/?map=all-maps&role=All&rq=1&input=PC&region=Americas&tier=Bronze,"{'map': 'all-maps', 'role': 'All', 'rq': '1', 'input': 'PC', 'region': 'Americas', 'tier': 'Bronze'}",All,,Americas,,,cassidy,Cassidy,16.6,49.4,DAMAGE,2026-05-16 15:18:25.728179+00:00,2026_05_16
31,2025-08-29 14:39:01.854852676,https://overwatch.blizzard.com/en-us/rates/data/?map=all-maps&role=All&rq=1&input=PC&region=Americas&tier=Bronze,"{'map': 'all-maps', 'role': 'All', 'rq': '1', 'input': 'PC', 'region': 'Americas', 'tier': 'Bronze'}",All,,Americas,,,dva,D.Va,18.9,45.5,TANK,2026-05-16 15:18:25.728179+00:00,2026_05_16
31,2025-08-29 14:39:01.854852676,https://overwatch.blizzard.com/en-us/rates/data/?map=all-maps&role=All&rq=1&input=PC&region=Americas&tier=Bronze,"{'map': 'all-maps', 'role': 'All', 'rq': '1', 'input': 'PC', 'region': 'Americas', 'tier': 'Bronze'}",All,,Americas,,,doomfist,Doomfist,3.7,53.1,TANK,2026-05-16 15:18:25.728179+00:00,2026_05_16
31,2025-08-29 14:39:01.854852676,https://overwatch.blizzard.com/en-us/rates/data/?map=all-maps&role=All&rq=1&input=PC&region=Americas&tier=Bronze,"{'map': 'all-maps', 'role': 'All', 'rq': '1', 'input': 'PC', 'region': 'Americas', 'tier': 'Bronze'}",All,,Americas,,,echo,Echo,6.9,50.2,DAMAGE,2026-05-16 15:18:25.728179+00:00,2026_05_16
31,2025-08-29 14:39:01.854852676,https://overwatch.blizzard.com/en-us/rates/data/?map=all-maps&role=All&rq=1&input=PC&region=Americas&tier=Bronze,"{'map': 'all-maps', 'role': 'All', 'rq': '1', 'input': 'PC', 'region': 'Americas', 'tier': 'Bronze'}",All,,Americas,,,freja,Freja,5.9,42.2,DAMAGE,2026-05-16 15:18:25.728179+00:00,2026_05_16
31,2025-08-29 14:39:01.854852676,https://overwatch.blizzard.com/en-us/rates/data/?map=all-maps&role=All&rq=1&input=PC&region=Americas&tier=Bronze,"{'map': 'all-maps', 'role': 'All', 'rq': '1', 'input': 'PC', 'region': 'Americas', 'tier': 'Bronze'}",All,,Americas,,,genji,Genji,10.6,53.1,DAMAGE,2026-05-16 15:18:25.728179+00:00,2026_05_16
31,2025-08-29 14:39:01.854852676,https://overwatch.blizzard.com/en-us/rates/data/?map=all-maps&role=All&rq=1&input=PC&region=Americas&tier=Bronze,"{'map': 'all-maps', 'role': 'All', 'rq': '1', 'input': 'PC', 'region': 'Americas', 'tier': 'Bronze'}",All,,Americas,,,hanzo,Hanzo,12.6,52.1,DAMAGE,2026-05-16 15:18:25.728179+00:00,2026_05_16
31,2025-08-29 14:39:01.854852676,https://overwatch.blizzard.com/en-us/rates/data/?map=all-maps&role=All&rq=1&input=PC&region=Americas&tier=Bronze,"{'map': 'all-maps', 'role': 'All', 'rq': '1', 'input': 'PC', 'region': 'Americas', 'tier': 'Bronze'}",All,,Americas,,,hazard,Hazard,3.0,51.8,TANK,2026-05-16 15:18:25.728179+00:00,2026_05_16
31,2025-08-29 14:39:01.854852676,https://overwatch.blizzard.com/en-us/rates/data/?map=all-maps&role=All&rq=1&input=PC&region=Americas&tier=Bronze,"{'map': 'all-maps', 'role': 'All', 'rq': '1', 'input': 'PC', 'region': 'Americas', 'tier': 'Bronze'}",All,,Americas,,,illari,Illari,6.9,47.9,SUPPORT,2026-05-16 15:18:25.728179+00:00,2026_05_16
31,2025-08-29 14:39:01.854852676,https://overwatch.blizzard.com/en-us/rates/data/?map=all-maps&role=All&rq=1&input=PC&region=Americas&tier=Bronze,"{'map': 'all-maps', 'role': 'All', 'rq': '1', 'input': 'PC', 'region': 'Americas', 'tier': 'Bronze'}",All,,Americas,,,junker-queen,Junker Queen,5.5,53.5,TANK,2026-05-16 15:18:25.728179+00:00,2026_05_16
31,2025-08-29 14:39:01.854852676,https://overwatch.blizzard.com/en-us/rates/data/?map=all-maps&role=All&rq=1&input=PC&region=Americas&tier=Bronze,"{'map': 'all-maps', 'role': 'All', 'rq': '1', 'input': 'PC', 'region': 'Americas', 'tier': 'Bronze'}",All,,Americas,,,junkrat,Junkrat,17.4,46.2,DAMAGE,2026-05-16 15:18:25.728179+00:00,2026_05_16
31,2025-08-29 14:39:01.854852676,https://overwatch.blizzard.com/en-us/rates/data/?map=all-maps&role=All&rq=1&input=PC&region=Americas&tier=Bronze,"{'map': 'all-maps', 'role': 'All', 'rq': '1', 'input': 'PC', 'region': 'Americas', 'tier': 'Bronze'}",All,,Americas,,,juno,Juno,20.8,49.3,SUPPORT,2026-05-16 15:18:25.728179+00:00,2026_05_16
31,2025-08-29 14:39:01.854852676,https://overwatch.blizzard.com/en-us/rates/data/?map=all-maps&role=All&rq=1&input=PC&region=Americas&tier=Bronze,"{'map': 'all-maps', 'role': 'All', 'rq': '1', 'input': 'PC', 'region': 'Americas', 'tier': 'Bronze'}",All,,Americas,,,kiriko,Kiriko,25.1,48.0,SUPPORT,2026-05-16 15:18:25.728179+00:00,2026_05_16
31,2025-08-29 14:39:01.854852676,https://overwatch.blizzard.com/en-us/rates/data/?map=all-maps&role=All&rq=1&input=PC&region=Americas&tier=Bronze,"{'map': 'all-maps', 'role': 'All', 'rq': '1', 'input': 'PC', 'region': 'Americas', 'tier': 'Bronze'}",All,,Americas,,,lifeweaver,Lifeweaver,11.2,43.6,SUPPORT,2026-05-16 15:18:25.728179+00:00,2026_05_16
31,2025-08-29 14:39:01.854852676,https://overwatch.blizzard.com/en-us/rates/data/?map=all-maps&role=All&rq=1&input=PC&region=Americas&tier=Bronze,"{'map': 'all-maps', 'role': 'All', 'rq': '1', 'input': 'PC', 'region': 'Americas', 'tier': 'Bronze'}",All,,Americas,,,lucio,Lúcio,10.0,53.0,SUPPORT,2026-05-16 15:18:25.728179+00:00,2026_05_16
31,2025-08-29 14:39:01.854852676,https://overwatch.blizzard.com/en-us/rates/data/?map=all-maps&role=All&rq=1&input=PC&region=Americas&tier=Bronze,"{'map': 'all-maps', 'role': 'All', 'rq': '1', 'input': 'PC', 'region': 'Americas', 'tier': 'Bronze'}",All,,Americas,,,mauga,Mauga,5.8,44.7,TANK,2026-05-16 15:18:25.728179+00:00,2026_05_16
31,2025-08-29 14:39:01.854852676,https://overwatch.blizzard.com/en-us/rates/data/?map=all-maps&role=All&rq=1&input=PC&region=Americas&tier=Bronze,"{'map': 'all-maps', 'role': 'All', 'rq': '1', 'input': 'PC', 'region': 'Americas', 'tier': 'Bronze'}",All,,Americas,,,mei,Mei,10.7,49.8,DAMAGE,2026-05-16 15:18:25.728179+00:00,2026_05_16
31,2025-08-29 14:39:01.854852676,https://overwatch.blizzard.com/en-us/rates/data/?map=all-maps&role=All&rq=1&input=PC&region=Americas&tier=Bronze,"{'map': 'all-maps', 'role': 'All', 'rq': '1', 'input': 'PC', 'region': 'Americas', 'tier': 'Bronze'}",All,,Americas,,,mercy,Mercy,32.9,48.7,SUPPORT,2026-05-16 15:18:25.728179+00:00,2026_05_16
31,2025-08-29 14:39:01.854852676,https://overwatch.blizzard.com/en-us/rates/data/?map=all-maps&role=All&rq=1&input=PC&region=Americas&tier=Bronze,"{'map': 'all-maps', 'role': 'All', 'rq': '1', 'input': 'PC', 'region': 'Americas', 'tier': 'Bronze'}",All,,Americas,,,moira,Moira,32.5,49.8,SUPPORT,2026-05-16 15:18:25.728179+00:00,2026_05_16
31,2025-08-29 14:39:01.854852676,https://overwatch.blizzard.com/en-us/rates/data/?map=all-maps&role=All&rq=1&input=PC&region=Americas&tier=Bronze,"{'map': 'all-maps', 'role': 'All', 'rq': '1', 'input': 'PC', 'region': 'Americas', 'tier': 'Bronze'}",All,,Americas,,,orisa,Orisa,15.2,46.7,TANK,2026-05-16 15:18:25.728179+00:00,2026_05_16
31,2025-08-29 14:39:01.854852676,https://overwatch.blizzard.com/en-us/rates/data/?map=all-maps&role=All&rq=1&input=PC&region=Americas&tier=Bronze,"{'map': 'all-maps', 'role': 'All', 'rq': '1', 'input': 'PC', 'region': 'Americas', 'tier': 'Bronze'}",All,,Americas,,,pharah,Pharah,6.2,50.6,DAMAGE,2026-05-16 15:18:25.728179+00:00,2026_05_16
31,2025-08-29 14:39:01.854852676,https://overwatch.blizzard.com/en-us/rates/data/?map=all-maps&role=All&rq=1&input=PC&region=Americas&tier=Bronze,"{'map': 'all-maps', 'role': 'All', 'rq': '1', 'input': 'PC', 'region': 'Americas', 'tier': 'Bronze'}",All,,Americas,,,ramattra,Ramattra,12.2,51.2,TANK,2026-05-16 15:18:25.728179+00:00,2026_05_16
31,2025-08-29 14:39:01.854852676,https://overwatch.blizzard.com/en-us/rates/data/?map=all-maps&role=All&rq=1&input=PC&region=Americas&tier=Bronze,"{'map': 'all-maps', 'role': 'All', 'rq': '1', 'input': 'PC', 'region': 'Americas', 'tier': 'Bronze'}",All,,Americas,,,reaper,Reaper,10.4,55.8,DAMAGE,2026-05-16 15:18:25.728179+00:00,2026_05_16
31,2025-08-29 14:39:01.854852676,https://overwatch.blizzard.com/en-us/rates/data/?map=all-maps&role=All&rq=1&input=PC&region=Americas&tier=Bronze,"{'map': 'all-maps', 'role': 'All', 'rq': '1', 'input': 'PC', 'region': 'Americas', 'tier': 'Bronze'}",All,,Americas,,,reinhardt,Reinhardt,11.8,55.9,TANK,2026-05-16 15:18:25.728179+00:00,2026_05_16
31,2025-08-29 14:39:01.854852676,https://overwatch.blizzard.com/en-us/rates/data/?map=all-maps&role=All&rq=1&input=PC&region=Americas&tier=Bronze,"{'map': 'all-maps', 'role': 'All', 'rq': '1', 'input': 'PC', 'region': 'Americas', 'tier': 'Bronze'}",All,,Americas,,,roadhog,Roadhog,4.6,39.3,TANK,2026-05-16 15:18:25.728179+00:00,2026_05_16
31,2025-08-29 14:39:01.854852676,https://overwatch.blizzard.com/en-us/rates/data/?map=all-maps&role=All&rq=1&input=PC&region=Americas&tier=Bronze,"{'map': 'all-maps', 'role': 'All', 'rq': '1', 'input': 'PC', 'region': 'Americas', 'tier': 'Bronze'}",All,,Americas,,,sigma,Sigma,11.7,53.2,TANK,2026-05-16 15:18:25.728179+00:00,2026_05_16
31,2025-08-29 14:39:01.854852676,https://overwatch.blizzard.com/en-us/rates/data/?map=all-maps&role=All&rq=1&input=PC&region=Americas&tier=Bronze,"{'map': 'all-maps', 'role': 'All', 'rq': '1', 'input': 'PC', 'region': 'Americas', 'tier': 'Bronze'}",All,,Americas,,,sojourn,Sojourn,18.0,44.5,DAMAGE,2026-05-16 15:18:25.728179+00:00,2026_05_16
31,2025-08-29 14:39:01.854852676,https://overwatch.blizzard.com/en-us/rates/data/?map=all-maps&role=All&rq=1&input=PC&region=Americas&tier=Bronze,"{'map': 'all-maps', 'role': 'All', 'rq': '1', 'input': 'PC', 'region': 'Americas', 'tier': 'Bronze'}",All,,Americas,,,soldier-76,Soldier: 76,20.6,48.9,DAMAGE,2026-05-16 15:18:25.728179+00:00,2026_05_16
31,2025-08-29 14:39:01.854852676,https://overwatch.blizzard.com/en-us/rates/data/?map=all-maps&role=All&rq=1&input=PC&region=Americas&tier=Bronze,"{'map': 'all-maps', 'role': 'All', 'rq': '1', 'input': 'PC', 'region': 'Americas', 'tier': 'Bronze'}",All,,Americas,,,sombra,Sombra,2.1,56.1,DAMAGE,2026-05-16 15:18:25.728179+00:00,2026_05_16
31,2025-08-29 14:39:01.854852676,https://overwatch.blizzard.com/en-us/rates/data/?map=all-maps&role=All&rq=1&input=PC&region=Americas&tier=Bronze,"{'map': 'all-maps', 'role': 'All', 'rq': '1', 'input': 'PC', 'region': 'Americas', 'tier': 'Bronze'}",All,,Americas,,,symmetra,Symmetra,4.9,55.3,DAMAGE,2026-05-16 15:18:25.728179+00:00,2026_05_16
31,2025-08-29 14:39:01.854852676,https://overwatch.blizzard.com/en-us/rates/data/?map=all-maps&role=All&rq=1&input=PC&region=Americas&tier=Bronze,"{'map': 'all-maps', 'role': 'All', 'rq': '1', 'input': 'PC', 'region': 'Americas', 'tier': 'Bronze'}",All,,Americas,,,torbjorn,Torbjörn,8.9,52.5,DAMAGE,2026-05-16 15:18:25.728179+00:00,2026_05_16
31,2025-08-29 14:39:01.854852676,https://overwatch.blizzard.com/en-us/rates/data/?map=all-maps&role=All&rq=1&input=PC&region=Americas&tier=Bronze,"{'map': 'all-maps', 'role': 'All', 'rq': '1', 'input': 'PC', 'region': 'Americas', 'tier': 'Bronze'}",All,,Americas,,,tracer,Tracer,4.4,46.9,DAMAGE,2026-05-16 15:18:25.728179+00:00,2026_05_16
31,2025-08-29 14:39:01.854852676,https://overwatch.blizzard.com/en-us/rates/data/?map=all-maps&role=All&rq=1&input=PC&region=Americas&tier=Bronze,"{'map': 'all-maps', 'role': 'All', 'rq': '1', 'input': 'PC', 'region': 'Americas', 'tier': 'Bronze'}",All,,Americas,,,venture,Venture,5.6,58.5,DAMAGE,2026-05-16 15:18:25.728179+00:00,2026_05_16
31,2025-08-29 14:39:01.854852676,https://overwatch.blizzard.com/en-us/rates/data/?map=all-maps&role=All&rq=1&input=PC&region=Americas&tier=Bronze,"{'map': 'all-maps', 'role': 'All', 'rq': '1', 'input': 'PC', 'region': 'Americas', 'tier': 'Bronze'}",All,,Americas,,,widowmaker,Widowmaker,5.5,44.7,DAMAGE,2026-05-16 15:18:25.728179+00:00,2026_05_16
31,2025-08-29 14:39:01.854852676,https://overwatch.blizzard.com/en-us/rates/data/?map=all-maps&role=All&rq=1&input=PC&region=Americas&tier=Bronze,"{'map': 'all-maps', 'role': 'All', 'rq': '1', 'input': 'PC', 'region': 'Americas', 'tier': 'Bronze'}",All,,Americas,,,winston,Winston,3.3,45.5,TANK,2026-05-16 15:18:25.728179+00:00,2026_05_16
31,2025-08-29 14:39:01.854852676,https://overwatch.blizzard.com/en-us/rates/data/?map=all-maps&role=All&rq=1&input=PC&region=Americas&tier=Bronze,"{'map': 'all-maps', 'role': 'All', 'rq': '1', 'input': 'PC', 'region': 'Americas', 'tier': 'Bronze'}",All,,Americas,,,wrecking-ball,Wrecking Ball,2.1,51.5,TANK,2026-05-16 15:18:25.728179+00:00,2026_05_16
31,2025-08-29 14:39:01.854852676,https://overwatch.blizzard.com/en-us/rates/data/?map=all-maps&role=All&rq=1&input=PC&region=Americas&tier=Bronze,"{'map': 'all-maps', 'role': 'All', 'rq': '1', 'input': 'PC', 'region': 'Americas', 'tier': 'Bronze'}",All,,Americas,,,wuyang,Wuyang,29.5,57.4,SUPPORT,2026-05-16 15:18:25.728179+00:00,2026_05_16
31,2025-08-29 14:39:01.854852676,https://overwatch.blizzard.com/en-us/rates/data/?map=all-maps&role=All&rq=1&input=PC&region=Americas&tier=Bronze,"{'map': 'all-maps', 'role': 'All', 'rq': '1', 'input': 'PC', 'region': 'Americas', 'tier': 'Bronze'}",All,,Americas,,,zarya,Zarya,2.3,56.3,TANK,2026-05-16 15:18:25.728179+00:00,2026_05_16
31,2025-08-29 14:39:01.854852676,https://overwatch.blizzard.com/en-us/rates/data/?map=all-maps&role=All&rq=1&input=PC&region=Americas&tier=Bronze,"{'map': 'all-maps', 'role': 'All', 'rq': '1', 'input': 'PC', 'region': 'Americas', 'tier': 'Bronze'}",All,,Americas,,,zenyatta,Zenyatta,7.8,53.4,SUPPORT,2026-05-16 15:18:25.728179+00:00,2026_05_16
32,2025-08-29 14:39:02.111986160,https://overwatch.blizzard.com/en-us/rates/data/?map=all-maps&role=All&rq=1&input=PC&region=Americas&tier=Silver,"{'map': 'all-maps', 'role': 'All', 'rq': '1', 'input': 'PC', 'region': 'Americas', 'tier': 'Silver'}",All,,Americas,,,ana,Ana,19.9,47.2,SUPPORT,2026-05-16 15:18:25.728179+00:00,2026_05_16
32,2025-08-29 14:39:02.111986160,https://overwatch.blizzard.com/en-us/rates/data/?map=all-maps&role=All&rq=1&input=PC&region=Americas&tier=Silver,"{'map': 'all-maps', 'role': 'All', 'rq': '1', 'input': 'PC', 'region': 'Americas', 'tier': 'Silver'}",All,,Americas,,,ashe,Ashe,12.6,50.5,DAMAGE,2026-05-16 15:18:25.728179+00:00,2026_05_16
32,2025-08-29 14:39:02.111986160,https://overwatch.blizzard.com/en-us/rates/data/?map=all-maps&role=All&rq=1&input=PC&region=Americas&tier=Silver,"{'map': 'all-maps', 'role': 'All', 'rq': '1', 'input': 'PC', 'region': 'Americas', 'tier': 'Silver'}",All,,Americas,,,baptiste,Baptiste,7.1,45.3,SUPPORT,2026-05-16 15:18:25.728179+00:00,2026_05_16
32,2025-08-29 14:39:02.111986160,https://overwatch.blizzard.com/en-us/rates/data/?map=all-maps&role=All&rq=1&input=PC&region=Americas&tier=Silver,"{'map': 'all-maps', 'role': 'All', 'rq': '1', 'input': 'PC', 'region': 'Americas', 'tier': 'Silver'}",All,,Americas,,,bastion,Bastion,16.5,46.9,DAMAGE,2026-05-16 15:18:25.728179+00:00,2026_05_16
32,2025-08-29 14:39:02.111986160,https://overwatch.blizzard.com/en-us/rates/data/?map=all-maps&role=All&rq=1&input=PC&region=Americas&tier=Silver,"{'map': 'all-maps', 'role': 'All', 'rq': '1', 'input': 'PC', 'region': 'Americas', 'tier': 'Silver'}",All,,Americas,,,brigitte,Brigitte,3.5,46.8,SUPPORT,2026-05-16 15:18:25.728179+00:00,2026_05_16
32,2025-08-29 14:39:02.111986160,https://overwatch.blizzard.com/en-us/rates/data/?map=all-maps&role=All&rq=1&input=PC&region=Americas&tier=Silver,"{'map': 'all-maps', 'role': 'All', 'rq': '1', 'input': 'PC', 'region': 'Americas', 'tier': 'Silver'}",All,,Americas,,,cassidy,Cassidy,21.0,49.2,DAMAGE,2026-05-16 15:18:25.728179+00:00,2026_05_16
32,2025-08-29 14:39:02.111986160,https://overwatch.blizzard.com/en-us/rates/data/?map=all-maps&role=All&rq=1&input=PC&region=Americas&tier=Silver,"{'map': 'all-maps', 'role': 'All', 'rq': '1', 'input': 'PC', 'region': 'Americas', 'tier': 'Silver'}",All,,Americas,,,dva,D.Va,12.2,47.3,TANK,2026-05-16 15:18:25.728179+00:00,2026_05_16
32,2025-08-29 14:39:02.111986160,https://overwatch.blizzard.com/en-us/rates/data/?map=all-maps&role=All&rq=1&input=PC&region=Americas&tier=Silver,"{'map': 'all-maps', 'role': 'All', 'rq': '1', 'input': 'PC', 'region': 'Americas', 'tier': 'Silver'}",All,,Americas,,,doomfist,Doomfist,4.9,54.5,TANK,2026-05-16 15:18:25.728179+00:00,2026_05_16
32,2025-08-29 14:39:02.111986160,https://overwatch.blizzard.com/en-us/rates/data/?map=all-maps&role=All&rq=1&input=PC&region=Americas&tier=Silver,"{'map': 'all-maps', 'role': 'All', 'rq': '1', 'input': 'PC', 'region': 'Americas', 'tier': 'Silver'}",All,,Americas,,,echo,Echo,5.4,47.5,DAMAGE,2026-05-16 15:18:25.728179+00:00,2026_05_16
32,2025-08-29 14:39:02.111986160,https://overwatch.blizzard.com/en-us/rates/data/?map=all-maps&role=All&rq=1&input=PC&region=Americas&tier=Silver,"{'map': 'all-maps', 'role': 'All', 'rq': '1', 'input': 'PC', 'region': 'Americas', 'tier': 'Silver'}",All,,Americas,,,freja,Freja,5.6,45.2,DAMAGE,2026-05-16 15:18:25.728179+00:00,2026_05_16
32,2025-08-29 14:39:02.111986160,https://overwatch.blizzard.com/en-us/rates/data/?map=all-maps&role=All&rq=1&input=PC&region=Americas&tier=Silver,"{'map': 'all-maps', 'role': 'All', 'rq': '1', 'input': 'PC', 'region': 'Americas', 'tier': 'Silver'}",All,,Americas,,,genji,Genji,11.7,54.8,DAMAGE,2026-05-16 15:18:25.728179+00:00,2026_05_16
32,2025-08-29 14:39:02.111986160,https://overwatch.blizzard.com/en-us/rates/data/?map=all-maps&role=All&rq=1&input=PC&region=Americas&tier=Silver,"{'map': 'all-maps', 'role': 'All', 'rq': '1', 'input': 'PC', 'region': 'Americas', 'tier': 'Silver'}",All,,Americas,,,hanzo,Hanzo,13.0,52.2,DAMAGE,2026-05-16 15:18:25.728179+00:00,2026_05_16
32,2025-08-29 14:39:02.111986160,https://overwatch.blizzard.com/en-us/rates/data/?map=all-maps&role=All&rq=1&input=PC&region=Americas&tier=Silver,"{'map': 'all-maps', 'role': 'All', 'rq': '1', 'input': 'PC', 'region': 'Americas', 'tier': 'Silver'}",All,,Americas,,,hazard,Hazard,3.0,52.4,TANK,2026-05-16 15:18:25.728179+00:00,2026_05_16
32,2025-08-29 14:39:02.111986160,https://overwatch.blizzard.com/en-us/rates/data/?map=all-maps&role=All&rq=1&input=PC&region=Americas&tier=Silver,"{'map': 'all-maps', 'role': 'All', 'rq': '1', 'input': 'PC', 'region': 'Americas', 'tier': 'Silver'}",All,,Americas,,,illari,Illari,6.7,49.8,SUPPORT,2026-05-16 15:18:25.728179+00:00,2026_05_16
32,2025-08-29 14:39:02.111986160,https://overwatch.blizzard.com/en-us/rates/data/?map=all-maps&role=All&rq=1&input=PC&region=Americas&tier=Silver,"{'map': 'all-maps', 'role': 'All', 'rq': '1', 'input': 'PC', 'region': 'Americas', 'tier': 'Silver'}",All,,Americas,,,junker-queen,Junker Queen,6.0,53.7,TANK,2026-05-16 15:18:25.728179+00:00,2026_05_16
32,2025-08-29 14:39:02.111986160,https://overwatch.blizzard.com/en-us/rates/data/?map=all-maps&role=All&rq=1&input=PC&region=Americas&tier=Silver,"{'map': 'all-maps', 'role': 'All', 'rq': '1', 'input': 'PC', 'region': 'Americas', 'tier': 'Silver'}",All,,Americas,,,junkrat,Junkrat,13.9,47.7,DAMAGE,2026-05-16 15:18:25.728179+00:00,2026_05_16
32,2025-08-29 14:39:02.111986160,https://overwatch.blizzard.com/en-us/rates/data/?map=all-maps&role=All&rq=1&input=PC&region=Americas&tier=Silver,"{'map': 'all-maps', 'role': 'All', 'rq': '1', 'input': 'PC', 'region': 'Americas', 'tier': 'Silver'}",All,,Americas,,,juno,Juno,18.3,49.3,SUPPORT,2026-05-16 15:18:25.728179+00:00,2026_05_16
32,2025-08-29 14:39:02.111986160,https://overwatch.blizzard.com/en-us/rates/data/?map=all-maps&role=All&rq=1&input=PC&region=Americas&tier=Silver,"{'map': 'all-maps', 'role': 'All', 'rq': '1', 'input': 'PC', 'region': 'Americas', 'tier': 'Silver'}",All,,Americas,,,kiriko,Kiriko,25.2,46.8,SUPPORT,2026-05-16 15:18:25.728179+00:00,2026_05_16
32,2025-08-29 14:39:02.111986160,https://overwatch.blizzard.com/en-us/rates/data/?map=all-maps&role=All&rq=1&input=PC&region=Americas&tier=Silver,"{'map': 'all-maps', 'role': 'All', 'rq': '1', 'input': 'PC', 'region': 'Americas', 'tier': 'Silver'}",All,,Americas,,,lifeweaver,Lifeweaver,11.5,44.0,SUPPORT,2026-05-16 15:18:25.728179+00:00,2026_05_16
32,2025-08-29 14:39:02.111986160,https://overwatch.blizzard.com/en-us/rates/data/?map=all-maps&role=All&rq=1&input=PC&region=Americas&tier=Silver,"{'map': 'all-maps', 'role': 'All', 'rq': '1', 'input': 'PC', 'region': 'Americas', 'tier': 'Silver'}",All,,Americas,,,lucio,Lúcio,9.5,54.8,SUPPORT,2026-05-16 15:18:25.728179+00:00,2026_05_16
32,2025-08-29 14:39:02.111986160,https://overwatch.blizzard.com/en-us/rates/data/?map=all-maps&role=All&rq=1&input=PC&region=Americas&tier=Silver,"{'map': 'all-maps', 'role': 'All', 'rq': '1', 'input': 'PC', 'region': 'Americas', 'tier': 'Silver'}",All,,Americas,,,mauga,Mauga,5.5,47.7,TANK,2026-05-16 15:18:25.728179+00:00,2026_05_16
32,2025-08-29 14:39:02.111986160,https://overwatch.blizzard.com/en-us/rates/data/?map=all-maps&role=All&rq=1&input=PC&region=Americas&tier=Silver,"{'map': 'all-maps', 'role': 'All', 'rq': '1', 'input': 'PC', 'region': 'Americas', 'tier': 'Silver'}",All,,Americas,,,mei,Mei,11.0,48.8,DAMAGE,2026-05-16 15:18:25.728179+00:00,2026_05_16
32,2025-08-29 14:39:02.111986160,https://overwatch.blizzard.com/en-us/rates/data/?map=all-maps&role=All&rq=1&input=PC&region=Americas&tier=Silver,"{'map': 'all-maps', 'role': 'All', 'rq': '1', 'input': 'PC', 'region': 'Americas', 'tier': 'Silver'}",All,,Americas,,,mercy,Mercy,28.2,50.5,SUPPORT,2026-05-16 15:18:25.728179+00:00,2026_05_16
32,2025-08-29 14:39:02.111986160,https://overwatch.blizzard.com/en-us/rates/data/?map=all-maps&role=All&rq=1&input=PC&region=Americas&tier=Silver,"{'map': 'all-maps', 'role': 'All', 'rq': '1', 'input': 'PC', 'region': 'Americas', 'tier': 'Silver'}",All,,Americas,,,moira,Moira,31.6,47.4,SUPPORT,2026-05-16 15:18:25.728179+00:00,2026_05_16
32,2025-08-29 14:39:02.111986160,https://overwatch.blizzard.com/en-us/rates/data/?map=all-maps&role=All&rq=1&input=PC&region=Americas&tier=Silver,"{'map': 'all-maps', 'role': 'All', 'rq': '1', 'input': 'PC', 'region': 'Americas', 'tier': 'Silver'}",All,,Americas,,,orisa,Orisa,14.6,44.3,TANK,2026-05-16 15:18:25.728179+00:00,2026_05_16
32,2025-08-29 14:39:02.111986160,https://overwatch.blizzard.com/en-us/rates/data/?map=all-maps&role=All&rq=1&input=PC&region=Americas&tier=Silver,"{'map': 'all-maps', 'role': 'All', 'rq': '1', 'input': 'PC', 'region': 'Americas', 'tier': 'Silver'}",All,,Americas,,,pharah,Pharah,5.8,49.7,DAMAGE,2026-05-16 15:18:25.728179+00:00,2026_05_16
32,2025-08-29 14:39:02.111986160,https://overwatch.blizzard.com/en-us/rates/data/?map=all-maps&role=All&rq=1&input=PC&region=Americas&tier=Silver,"{'map': 'all-maps', 'role': 'All', 'rq': '1', 'input': 'PC', 'region': 'Americas', 'tier': 'Silver'}",All,,Americas,,,ramattra,Ramattra,12.6,48.4,TANK,2026-05-16 15:18:25.728179+00:00,2026_05_16
32,2025-08-29 14:39:02.111986160,https://overwatch.blizzard.com/en-us/rates/data/?map=all-maps&role=All&rq=1&input=PC&region=Americas&tier=Silver,"{'map': 'all-maps', 'role': 'All', 'rq': '1', 'input': 'PC', 'region': 'Americas', 'tier': 'Silver'}",All,,Americas,,,reaper,Reaper,14.0,53.4,DAMAGE,2026-05-16 15:18:25.728179+00:00,2026_05_16
32,2025-08-29 14:39:02.111986160,https://overwatch.blizzard.com/en-us/rates/data/?map=all-maps&role=All&rq=1&input=PC&region=Americas&tier=Silver,"{'map': 'all-maps', 'role': 'All', 'rq': '1', 'input': 'PC', 'region': 'Americas', 'tier': 'Silver'}",All,,Americas,,,reinhardt,Reinhardt,14.9,56.3,TANK,2026-05-16 15:18:25.728179+00:00,2026_05_16
32,2025-08-29 14:39:02.111986160,https://overwatch.blizzard.com/en-us/rates/data/?map=all-maps&role=All&rq=1&input=PC&region=Americas&tier=Silver,"{'map': 'all-maps', 'role': 'All', 'rq': '1', 'input': 'PC', 'region': 'Americas', 'tier': 'Silver'}",All,,Americas,,,roadhog,Roadhog,4.9,36.8,TANK,2026-05-16 15:18:25.728179+00:00,2026_05_16
32,2025-08-29 14:39:02.111986160,https://overwatch.blizzard.com/en-us/rates/data/?map=all-maps&role=All&rq=1&input=PC&region=Americas&tier=Silver,"{'map': 'all-maps', 'role': 'All', 'rq': '1', 'input': 'PC', 'region': 'Americas', 'tier': 'Silver'}",All,,Americas,,,sigma,Sigma,11.3,51.0,TANK,2026-05-16 15:18:25.728179+00:00,2026_05_16
32,2025-08-29 14:39:02.111986160,https://overwatch.blizzard.com/en-us/rates/data/?map=all-maps&role=All&rq=1&input=PC&region=Americas&tier=Silver,"{'map': 'all-maps', 'role': 'All', 'rq': '1', 'input': 'PC', 'region': 'Americas', 'tier': 'Silver'}",All,,Americas,,,sojourn,Sojourn,16.7,45.0,DAMAGE,2026-05-16 15:18:25.728179+00:00,2026_05_16
32,2025-08-29 14:39:02.111986160,https://overwatch.blizzard.com/en-us/rates/data/?map=all-maps&role=All&rq=1&input=PC&region=Americas&tier=Silver,"{'map': 'all-maps', 'role': 'All', 'rq': '1', 'input': 'PC', 'region': 'Americas', 'tier': 'Silver'}",All,,Americas,,,soldier-76,Soldier: 76,21.8,49.3,DAMAGE,2026-05-16 15:18:25.728179+00:00,2026_05_16
32,2025-08-29 14:39:02.111986160,https://overwatch.blizzard.com/en-us/rates/data/?map=all-maps&role=All&rq=1&input=PC&region=Americas&tier=Silver,"{'map': 'all-maps', 'role': 'All', 'rq': '1', 'input': 'PC', 'region': 'Americas', 'tier': 'Silver'}",All,,Americas,,,sombra,Sombra,2.6,49.5,DAMAGE,2026-05-16 15:18:25.728179+00:00,2026_05_16
32,2025-08-29 14:39:02.111986160,https://overwatch.blizzard.com/en-us/rates/data/?map=all-maps&role=All&rq=1&input=PC&region=Americas&tier=Silver,"{'map': 'all-maps', 'role': 'All', 'rq': '1', 'input': 'PC', 'region': 'Americas', 'tier': 'Silver'}",All,,Americas,,,symmetra,Symmetra,5.4,51.1,DAMAGE,2026-05-16 15:18:25.728179+00:00,2026_05_16
32,2025-08-29 14:39:02.111986160,https://overwatch.blizzard.com/en-us/rates/data/?map=all-maps&role=All&rq=1&input=PC&region=Americas&tier=Silver,"{'map': 'all-maps', 'role': 'All', 'rq': '1', 'input': 'PC', 'region': 'Americas', 'tier': 'Silver'}",All,,Americas,,,torbjorn,Torbjörn,6.7,51.4,DAMAGE,2026-05-16 15:18:25.728179+00:00,2026_05_16
32,2025-08-29 14:39:02.111986160,https://overwatch.blizzard.com/en-us/rates/data/?map=all-maps&role=All&rq=1&input=PC&region=Americas&tier=Silver,"{'map': 'all-maps', 'role': 'All', 'rq': '1', 'input': 'PC', 'region': 'Americas', 'tier': 'Silver'}",All,,Americas,,,tracer,Tracer,5.9,50.5,DAMAGE,2026-05-16 15:18:25.728179+00:00,2026_05_16
32,2025-08-29 14:39:02.111986160,https://overwatch.blizzard.com/en-us/rates/data/?map=all-maps&role=All&rq=1&input=PC&region=Americas&tier=Silver,"{'map': 'all-maps', 'role': 'All', 'rq': '1', 'input': 'PC', 'region': 'Americas', 'tier': 'Silver'}",All,,Americas,,,venture,Venture,5.9,53.4,DAMAGE,2026-05-16 15:18:25.728179+00:00,2026_05_16
32,2025-08-29 14:39:02.111986160,https://overwatch.blizzard.com/en-us/rates/data/?map=all-maps&role=All&rq=1&input=PC&region=Americas&tier=Silver,"{'map': 'all-maps', 'role': 'All', 'rq': '1', 'input': 'PC', 'region': 'Americas', 'tier': 'Silver'}",All,,Americas,,,widowmaker,Widowmaker,4.6,46.7,DAMAGE,2026-05-16 15:18:25.728179+00:00,2026_05_16
32,2025-08-29 14:39:02.111986160,https://overwatch.blizzard.com/en-us/rates/data/?map=all-maps&role=All&rq=1&input=PC&region=Americas&tier=Silver,"{'map': 'all-maps', 'role': 'All', 'rq': '1', 'input': 'PC', 'region': 'Americas', 'tier': 'Silver'}",All,,Americas,,,winston,Winston,4.3,49.2,TANK,2026-05-16 15:18:25.728179+00:00,2026_05_16
32,2025-08-29 14:39:02.111986160,https://overwatch.blizzard.com/en-us/rates/data/?map=all-maps&role=All&rq=1&input=PC&region=Americas&tier=Silver,"{'map': 'all-maps', 'role': 'All', 'rq': '1', 'input': 'PC', 'region': 'Americas', 'tier': 'Silver'}",All,,Americas,,,wrecking-ball,Wrecking Ball,2.0,57.2,TANK,2026-05-16 15:18:25.728179+00:00,2026_05_16
32,2025-08-29 14:39:02.111986160,https://overwatch.blizzard.com/en-us/rates/data/?map=all-maps&role=All&rq=1&input=PC&region=Americas&tier=Silver,"{'map': 'all-maps', 'role': 'All', 'rq': '1', 'input': 'PC', 'region': 'Americas', 'tier': 'Silver'}",All,,Americas,,,wuyang,Wuyang,29.7,56.5,SUPPORT,2026-05-16 15:18:25.728179+00:00,2026_05_16
32,2025-08-29 14:39:02.111986160,https://overwatch.blizzard.com/en-us/rates/data/?map=all-maps&role=All&rq=1&input=PC&region=Americas&tier=Silver,"{'map': 'all-maps', 'role': 'All', 'rq': '1', 'input': 'PC', 'region': 'Americas', 'tier': 'Silver'}",All,,Americas,,,zarya,Zarya,3.9,51.4,TANK,2026-05-16 15:18:25.728179+00:00,2026_05_16
32,2025-08-29 14:39:02.111986160,https://overwatch.blizzard.com/en-us/rates/data/?map=all-maps&role=All&rq=1&input=PC&region=Americas&tier=Silver,"{'map': 'all-maps', 'role': 'All', 'rq': '1', 'input': 'PC', 'region': 'Americas', 'tier': 'Silver'}",All,,Americas,,,zenyatta,Zenyatta,8.7,52.5,SUPPORT,2026-05-16 15:18:25.728179+00:00,2026_05_16
33,2025-08-29 14:39:02.368644238,https://overwatch.blizzard.com/en-us/rates/data/?map=all-maps&role=All&rq=1&input=PC&region=Americas&tier=Gold,"{'map': 'all-maps', 'role': 'All', 'rq': '1', 'input': 'PC', 'region': 'Americas', 'tier': 'Gold'}",All,,Americas,,,ana,Ana,26.8,48.1,SUPPORT,2026-05-16 15:18:25.728179+00:00,2026_05_16
33,2025-08-29 14:39:02.368644238,https://overwatch.blizzard.com/en-us/rates/data/?map=all-maps&role=All&rq=1&input=PC&region=Americas&tier=Gold,"{'map': 'all-maps', 'role': 'All', 'rq': '1', 'input': 'PC', 'region': 'Americas', 'tier': 'Gold'}",All,,Americas,,,ashe,Ashe,12.9,50.7,DAMAGE,2026-05-16 15:18:25.728179+00:00,2026_05_16
33,2025-08-29 14:39:02.368644238,https://overwatch.blizzard.com/en-us/rates/data/?map=all-maps&role=All&rq=1&input=PC&region=Americas&tier=Gold,"{'map': 'all-maps', 'role': 'All', 'rq': '1', 'input': 'PC', 'region': 'Americas', 'tier': 'Gold'}",All,,Americas,,,baptiste,Baptiste,9.0,46.1,SUPPORT,2026-05-16 15:18:25.728179+00:00,2026_05_16
33,2025-08-29 14:39:02.368644238,https://overwatch.blizzard.com/en-us/rates/data/?map=all-maps&role=All&rq=1&input=PC&region=Americas&tier=Gold,"{'map': 'all-maps', 'role': 'All', 'rq': '1', 'input': 'PC', 'region': 'Americas', 'tier': 'Gold'}",All,,Americas,,,bastion,Bastion,11.7,46.6,DAMAGE,2026-05-16 15:18:25.728179+00:00,2026_05_16
33,2025-08-29 14:39:02.368644238,https://overwatch.blizzard.com/en-us/rates/data/?map=all-maps&role=All&rq=1&input=PC&region=Americas&tier=Gold,"{'map': 'all-maps', 'role': 'All', 'rq': '1', 'input': 'PC', 'region': 'Americas', 'tier': 'Gold'}",All,,Americas,,,brigitte,Brigitte,4.2,47.8,SUPPORT,2026-05-16 15:18:25.728179+00:00,2026_05_16
33,2025-08-29 14:39:02.368644238,https://overwatch.blizzard.com/en-us/rates/data/?map=all-maps&role=All&rq=1&input=PC&region=Americas&tier=Gold,"{'map': 'all-maps', 'role': 'All', 'rq': '1', 'input': 'PC', 'region': 'Americas', 'tier': 'Gold'}",All,,Americas,,,cassidy,Cassidy,28.9,48.0,DAMAGE,2026-05-16 15:18:25.728179+00:00,2026_05_16
33,2025-08-29 14:39:02.368644238,https://overwatch.blizzard.com/en-us/rates/data/?map=all-maps&role=All&rq=1&input=PC&region=Americas&tier=Gold,"{'map': 'all-maps', 'role': 'All', 'rq': '1', 'input': 'PC', 'region': 'Americas', 'tier': 'Gold'}",All,,Americas,,,dva,D.Va,9.2,47.6,TANK,2026-05-16 15:18:25.728179+00:00,2026_05_16
33,2025-08-29 14:39:02.368644238,https://overwatch.blizzard.com/en-us/rates/data/?map=all-maps&role=All&rq=1&input=PC&region=Americas&tier=Gold,"{'map': 'all-maps', 'role': 'All', 'rq': '1', 'input': 'PC', 'region': 'Americas', 'tier': 'Gold'}",All,,Americas,,,doomfist,Doomfist,6.9,55.5,TANK,2026-05-16 15:18:25.728179+00:00,2026_05_16
33,2025-08-29 14:39:02.368644238,https://overwatch.blizzard.com/en-us/rates/data/?map=all-maps&role=All&rq=1&input=PC&region=Americas&tier=Gold,"{'map': 'all-maps', 'role': 'All', 'rq': '1', 'input': 'PC', 'region': 'Americas', 'tier': 'Gold'}",All,,Americas,,,echo,Echo,4.8,50.2,DAMAGE,2026-05-16 15:18:25.728179+00:00,2026_05_16
33,2025-08-29 14:39:02.368644238,https://overwatch.blizzard.com/en-us/rates/data/?map=all-maps&role=All&rq=1&input=PC&region=Americas&tier=Gold,"{'map': 'all-maps', 'role': 'All', 'rq': '1', 'input': 'PC', 'region': 'Americas', 'tier': 'Gold'}",All,,Americas,,,freja,Freja,4.9,45.7,DAMAGE,2026-05-16 15:18:25.728179+00:00,2026_05_16
33,2025-08-29 14:39:02.368644238,https://overwatch.blizzard.com/en-us/rates/data/?map=all-maps&role=All&rq=1&input=PC&region=Americas&tier=Gold,"{'map': 'all-maps', 'role': 'All', 'rq': '1', 'input': 'PC', 'region': 'Americas', 'tier': 'Gold'}",All,,Americas,,,genji,Genji,16.1,55.4,DAMAGE,2026-05-16 15:18:25.728179+00:00,2026_05_16
33,2025-08-29 14:39:02.368644238,https://overwatch.blizzard.com/en-us/rates/data/?map=all-maps&role=All&rq=1&input=PC&region=Americas&tier=Gold,"{'map': 'all-maps', 'role': 'All', 'rq': '1', 'input': 'PC', 'region': 'Americas', 'tier': 'Gold'}",All,,Americas,,,hanzo,Hanzo,13.6,53.1,DAMAGE,2026-05-16 15:18:25.728179+00:00,2026_05_16
33,2025-08-29 14:39:02.368644238,https://overwatch.blizzard.com/en-us/rates/data/?map=all-maps&role=All&rq=1&input=PC&region=Americas&tier=Gold,"{'map': 'all-maps', 'role': 'All', 'rq': '1', 'input': 'PC', 'region': 'Americas', 'tier': 'Gold'}",All,,Americas,,,hazard,Hazard,3.7,53.0,TANK,2026-05-16 15:18:25.728179+00:00,2026_05_16
33,2025-08-29 14:39:02.368644238,https://overwatch.blizzard.com/en-us/rates/data/?map=all-maps&role=All&rq=1&input=PC&region=Americas&tier=Gold,"{'map': 'all-maps', 'role': 'All', 'rq': '1', 'input': 'PC', 'region': 'Americas', 'tier': 'Gold'}",All,,Americas,,,illari,Illari,5.6,49.3,SUPPORT,2026-05-16 15:18:25.728179+00:00,2026_05_16
33,2025-08-29 14:39:02.368644238,https://overwatch.blizzard.com/en-us/rates/data/?map=all-maps&role=All&rq=1&input=PC&region=Americas&tier=Gold,"{'map': 'all-maps', 'role': 'All', 'rq': '1', 'input': 'PC', 'region': 'Americas', 'tier': 'Gold'}",All,,Americas,,,junker-queen,Junker Queen,7.2,55.1,TANK,2026-05-16 15:18:25.728179+00:00,2026_05_16
33,2025-08-29 14:39:02.368644238,https://overwatch.blizzard.com/en-us/rates/data/?map=all-maps&role=All&rq=1&input=PC&region=Americas&tier=Gold,"{'map': 'all-maps', 'role': 'All', 'rq': '1', 'input': 'PC', 'region': 'Americas', 'tier': 'Gold'}",All,,Americas,,,junkrat,Junkrat,10.0,46.6,DAMAGE,2026-05-16 15:18:25.728179+00:00,2026_05_16
33,2025-08-29 14:39:02.368644238,https://overwatch.blizzard.com/en-us/rates/data/?map=all-maps&role=All&rq=1&input=PC&region=Americas&tier=Gold,"{'map': 'all-maps', 'role': 'All', 'rq': '1', 'input': 'PC', 'region': 'Americas', 'tier': 'Gold'}",All,,Americas,,,juno,Juno,16.9,49.7,SUPPORT,2026-05-16 15:18:25.728179+00:00,2026_05_16
33,2025-08-29 14:39:02.368644238,https://overwatch.blizzard.com/en-us/rates/data/?map=all-maps&role=All&rq=1&input=PC&region=Americas&tier=Gold,"{'map': 'all-maps', 'role': 'All', 'rq': '1', 'input': 'PC', 'region': 'Americas', 'tier': 'Gold'}",All,,Americas,,,kiriko,Kiriko,27.0,45.4,SUPPORT,2026-05-16 15:18:25.728179+00:00,2026_05_16
33,2025-08-29 14:39:02.368644238,https://overwatch.blizzard.com/en-us/rates/data/?map=all-maps&role=All&rq=1&input=PC&region=Americas&tier=Gold,"{'map': 'all-maps', 'role': 'All', 'rq': '1', 'input': 'PC', 'region': 'Americas', 'tier': 'Gold'}",All,,Americas,,,lifeweaver,Lifeweaver,10.6,44.2,SUPPORT,2026-05-16 15:18:25.728179+00:00,2026_05_16
33,2025-08-29 14:39:02.368644238,https://overwatch.blizzard.com/en-us/rates/data/?map=all-maps&role=All&rq=1&input=PC&region=Americas&tier=Gold,"{'map': 'all-maps', 'role': 'All', 'rq': '1', 'input': 'PC', 'region': 'Americas', 'tier': 'Gold'}",All,,Americas,,,lucio,Lúcio,7.9,54.7,SUPPORT,2026-05-16 15:18:25.728179+00:00,2026_05_16
33,2025-08-29 14:39:02.368644238,https://overwatch.blizzard.com/en-us/rates/data/?map=all-maps&role=All&rq=1&input=PC&region=Americas&tier=Gold,"{'map': 'all-maps', 'role': 'All', 'rq': '1', 'input': 'PC', 'region': 'Americas', 'tier': 'Gold'}",All,,Americas,,,mauga,Mauga,4.7,46.2,TANK,2026-05-16 15:18:25.728179+00:00,2026_05_16
33,2025-08-29 14:39:02.368644238,https://overwatch.blizzard.com/en-us/rates/data/?map=all-maps&role=All&rq=1&input=PC&region=Americas&tier=Gold,"{'map': 'all-maps', 'role': 'All', 'rq': '1', 'input': 'PC', 'region': 'Americas', 'tier': 'Gold'}",All,,Americas,,,mei,Mei,10.1,46.6,DAMAGE,2026-05-16 15:18:25.728179+00:00,2026_05_16
33,2025-08-29 14:39:02.368644238,https://overwatch.blizzard.com/en-us/rates/data/?map=all-maps&role=All&rq=1&input=PC&region=Americas&tier=Gold,"{'map': 'all-maps', 'role': 'All', 'rq': '1', 'input': 'PC', 'region': 'Americas', 'tier': 'Gold'}",All,,Americas,,,mercy,Mercy,23.9,52.4,SUPPORT,2026-05-16 15:18:25.728179+00:00,2026_05_16
33,2025-08-29 14:39:02.368644238,https://overwatch.blizzard.com/en-us/rates/data/?map=all-maps&role=All&rq=1&input=PC&region=Americas&tier=Gold,"{'map': 'all-maps', 'role': 'All', 'rq': '1', 'input': 'PC', 'region': 'Americas', 'tier': 'Gold'}",All,,Americas,,,moira,Moira,27.4,45.9,SUPPORT,2026-05-16 15:18:25.728179+00:00,2026_05_16
33,2025-08-29 14:39:02.368644238,https://overwatch.blizzard.com/en-us/rates/data/?map=all-maps&role=All&rq=1&input=PC&region=Americas&tier=Gold,"{'map': 'all-maps', 'role': 'All', 'rq': '1', 'input': 'PC', 'region': 'Americas', 'tier': 'Gold'}",All,,Americas,,,orisa,Orisa,11.8,42.9,TANK,2026-05-16 15:18:25.728179+00:00,2026_05_16
33,2025-08-29 14:39:02.368644238,https://overwatch.blizzard.com/en-us/rates/data/?map=all-maps&role=All&rq=1&input=PC&region=Americas&tier=Gold,"{'map': 'all-maps', 'role': 'All', 'rq': '1', 'input': 'PC', 'region': 'Americas', 'tier': 'Gold'}",All,,Americas,,,pharah,Pharah,4.7,49.9,DAMAGE,2026-05-16 15:18:25.728179+00:00,2026_05_16
33,2025-08-29 14:39:02.368644238,https://overwatch.blizzard.com/en-us/rates/data/?map=all-maps&role=All&rq=1&input=PC&region=Americas&tier=Gold,"{'map': 'all-maps', 'role': 'All', 'rq': '1', 'input': 'PC', 'region': 'Americas', 'tier': 'Gold'}",All,,Americas,,,ramattra,Ramattra,10.5,46.3,TANK,2026-05-16 15:18:25.728179+00:00,2026_05_16
33,2025-08-29 14:39:02.368644238,https://overwatch.blizzard.com/en-us/rates/data/?map=all-maps&role=All&rq=1&input=PC&region=Americas&tier=Gold,"{'map': 'all-maps', 'role': 'All', 'rq': '1', 'input': 'PC', 'region': 'Americas', 'tier': 'Gold'}",All,,Americas,,,reaper,Reaper,13.6,52.5,DAMAGE,2026-05-16 15:18:25.728179+00:00,2026_05_16
33,2025-08-29 14:39:02.368644238,https://overwatch.blizzard.com/en-us/rates/data/?map=all-maps&role=All&rq=1&input=PC&region=Americas&tier=Gold,"{'map': 'all-maps', 'role': 'All', 'rq': '1', 'input': 'PC', 'region': 'Americas', 'tier': 'Gold'}",All,,Americas,,,reinhardt,Reinhardt,16.1,55.7,TANK,2026-05-16 15:18:25.728179+00:00,2026_05_16
33,2025-08-29 14:39:02.368644238,https://overwatch.blizzard.com/en-us/rates/data/?map=all-maps&role=All&rq=1&input=PC&region=Americas&tier=Gold,"{'map': 'all-maps', 'role': 'All', 'rq': '1', 'input': 'PC', 'region': 'Americas', 'tier': 'Gold'}",All,,Americas,,,roadhog,Roadhog,5.6,37.9,TANK,2026-05-16 15:18:25.728179+00:00,2026_05_16
33,2025-08-29 14:39:02.368644238,https://overwatch.blizzard.com/en-us/rates/data/?map=all-maps&role=All&rq=1&input=PC&region=Americas&tier=Gold,"{'map': 'all-maps', 'role': 'All', 'rq': '1', 'input': 'PC', 'region': 'Americas', 'tier': 'Gold'}",All,,Americas,,,sigma,Sigma,10.4,51.1,TANK,2026-05-16 15:18:25.728179+00:00,2026_05_16
33,2025-08-29 14:39:02.368644238,https://overwatch.blizzard.com/en-us/rates/data/?map=all-maps&role=All&rq=1&input=PC&region=Americas&tier=Gold,"{'map': 'all-maps', 'role': 'All', 'rq': '1', 'input': 'PC', 'region': 'Americas', 'tier': 'Gold'}",All,,Americas,,,sojourn,Sojourn,16.6,46.0,DAMAGE,2026-05-16 15:18:25.728179+00:00,2026_05_16
33,2025-08-29 14:39:02.368644238,https://overwatch.blizzard.com/en-us/rates/data/?map=all-maps&role=All&rq=1&input=PC&region=Americas&tier=Gold,"{'map': 'all-maps', 'role': 'All', 'rq': '1', 'input': 'PC', 'region': 'Americas', 'tier': 'Gold'}",All,,Americas,,,soldier-76,Soldier: 76,21.0,48.4,DAMAGE,2026-05-16 15:18:25.728179+00:00,2026_05_16
33,2025-08-29 14:39:02.368644238,https://overwatch.blizzard.com/en-us/rates/data/?map=all-maps&role=All&rq=1&input=PC&region=Americas&tier=Gold,"{'map': 'all-maps', 'role': 'All', 'rq': '1', 'input': 'PC', 'region': 'Americas', 'tier': 'Gold'}",All,,Americas,,,sombra,Sombra,2.9,48.0,DAMAGE,2026-05-16 15:18:25.728179+00:00,2026_05_16
33,2025-08-29 14:39:02.368644238,https://overwatch.blizzard.com/en-us/rates/data/?map=all-maps&role=All&rq=1&input=PC&region=Americas&tier=Gold,"{'map': 'all-maps', 'role': 'All', 'rq': '1', 'input': 'PC', 'region': 'Americas', 'tier': 'Gold'}",All,,Americas,,,symmetra,Symmetra,5.0,50.3,DAMAGE,2026-05-16 15:18:25.728179+00:00,2026_05_16
33,2025-08-29 14:39:02.368644238,https://overwatch.blizzard.com/en-us/rates/data/?map=all-maps&role=All&rq=1&input=PC&region=Americas&tier=Gold,"{'map': 'all-maps', 'role': 'All', 'rq': '1', 'input': 'PC', 'region': 'Americas', 'tier': 'Gold'}",All,,Americas,,,torbjorn,Torbjörn,5.1,49.2,DAMAGE,2026-05-16 15:18:25.728179+00:00,2026_05_16
33,2025-08-29 14:39:02.368644238,https://overwatch.blizzard.com/en-us/rates/data/?map=all-maps&role=All&rq=1&input=PC&region=Americas&tier=Gold,"{'map': 'all-maps', 'role': 'All', 'rq': '1', 'input': 'PC', 'region': 'Americas', 'tier': 'Gold'}",All,,Americas,,,tracer,Tracer,7.9,51.9,DAMAGE,2026-05-16 15:18:25.728179+00:00,2026_05_16
33,2025-08-29 14:39:02.368644238,https://overwatch.blizzard.com/en-us/rates/data/?map=all-maps&role=All&rq=1&input=PC&region=Americas&tier=Gold,"{'map': 'all-maps', 'role': 'All', 'rq': '1', 'input': 'PC', 'region': 'Americas', 'tier': 'Gold'}",All,,Americas,,,venture,Venture,5.7,52.4,DAMAGE,2026-05-16 15:18:25.728179+00:00,2026_05_16
33,2025-08-29 14:39:02.368644238,https://overwatch.blizzard.com/en-us/rates/data/?map=all-maps&role=All&rq=1&input=PC&region=Americas&tier=Gold,"{'map': 'all-maps', 'role': 'All', 'rq': '1', 'input': 'PC', 'region': 'Americas', 'tier': 'Gold'}",All,,Americas,,,widowmaker,Widowmaker,4.5,48.7,DAMAGE,2026-05-16 15:18:25.728179+00:00,2026_05_16
33,2025-08-29 14:39:02.368644238,https://overwatch.blizzard.com/en-us/rates/data/?map=all-maps&role=All&rq=1&input=PC&region=Americas&tier=Gold,"{'map': 'all-maps', 'role': 'All', 'rq': '1', 'input': 'PC', 'region': 'Americas', 'tier': 'Gold'}",All,,Americas,,,winston,Winston,5.6,48.9,TANK,2026-05-16 15:18:25.728179+00:00,2026_05_16
33,2025-08-29 14:39:02.368644238,https://overwatch.blizzard.com/en-us/rates/data/?map=all-maps&role=All&rq=1&input=PC&region=Americas&tier=Gold,"{'map': 'all-maps', 'role': 'All', 'rq': '1', 'input': 'PC', 'region': 'Americas', 'tier': 'Gold'}",All,,Americas,,,wrecking-ball,Wrecking Ball,2.5,57.3,TANK,2026-05-16 15:18:25.728179+00:00,2026_05_16
33,2025-08-29 14:39:02.368644238,https://overwatch.blizzard.com/en-us/rates/data/?map=all-maps&role=All&rq=1&input=PC&region=Americas&tier=Gold,"{'map': 'all-maps', 'role': 'All', 'rq': '1', 'input': 'PC', 'region': 'Americas', 'tier': 'Gold'}",All,,Americas,,,wuyang,Wuyang,31.6,56.9,SUPPORT,2026-05-16 15:18:25.728179+00:00,2026_05_16
33,2025-08-29 14:39:02.368644238,https://overwatch.blizzard.com/en-us/rates/data/?map=all-maps&role=All&rq=1&input=PC&region=Americas&tier=Gold,"{'map': 'all-maps', 'role': 'All', 'rq': '1', 'input': 'PC', 'region': 'Americas', 'tier': 'Gold'}",All,,Americas,,,zarya,Zarya,5.8,49.0,TANK,2026-05-16 15:18:25.728179+00:00,2026_05_16
33,2025-08-29 14:39:02.368644238,https://overwatch.blizzard.com/en-us/rates/data/?map=all-maps&role=All&rq=1&input=PC&region=Americas&tier=Gold,"{'map': 'all-maps', 'role': 'All', 'rq': '1', 'input': 'PC', 'region': 'Americas', 'tier': 'Gold'}",All,,Americas,,,zenyatta,Zenyatta,9.0,52.5,SUPPORT,2026-05-16 15:18:25.728179+00:00,2026_05_16
34,2025-08-29 14:39:02.634039879,https://overwatch.blizzard.com/en-us/rates/data/?map=all-maps&role=All&rq=1&input=PC&region=Americas&tier=Platinum,"{'map': 'all-maps', 'role': 'All', 'rq': '1', 'input': 'PC', 'region': 'Americas', 'tier': 'Platinum'}",All,,Americas,,,ana,Ana,33.5,48.0,SUPPORT,2026-05-16 15:18:25.728179+00:00,2026_05_16
34,2025-08-29 14:39:02.634039879,https://overwatch.blizzard.com/en-us/rates/data/?map=all-maps&role=All&rq=1&input=PC&region=Americas&tier=Platinum,"{'map': 'all-maps', 'role': 'All', 'rq': '1', 'input': 'PC', 'region': 'Americas', 'tier': 'Platinum'}",All,,Americas,,,ashe,Ashe,12.0,50.1,DAMAGE,2026-05-16 15:18:25.728179+00:00,2026_05_16
34,2025-08-29 14:39:02.634039879,https://overwatch.blizzard.com/en-us/rates/data/?map=all-maps&role=All&rq=1&input=PC&region=Americas&tier=Platinum,"{'map': 'all-maps', 'role': 'All', 'rq': '1', 'input': 'PC', 'region': 'Americas', 'tier': 'Platinum'}",All,,Americas,,,baptiste,Baptiste,10.7,46.4,SUPPORT,2026-05-16 15:18:25.728179+00:00,2026_05_16
34,2025-08-29 14:39:02.634039879,https://overwatch.blizzard.com/en-us/rates/data/?map=all-maps&role=All&rq=1&input=PC&region=Americas&tier=Platinum,"{'map': 'all-maps', 'role': 'All', 'rq': '1', 'input': 'PC', 'region': 'Americas', 'tier': 'Platinum'}",All,,Americas,,,bastion,Bastion,7.2,46.9,DAMAGE,2026-05-16 15:18:25.728179+00:00,2026_05_16
34,2025-08-29 14:39:02.634039879,https://overwatch.blizzard.com/en-us/rates/data/?map=all-maps&role=All&rq=1&input=PC&region=Americas&tier=Platinum,"{'map': 'all-maps', 'role': 'All', 'rq': '1', 'input': 'PC', 'region': 'Americas', 'tier': 'Platinum'}",All,,Americas,,,brigitte,Brigitte,5.8,45.4,SUPPORT,2026-05-16 15:18:25.728179+00:00,2026_05_16
34,2025-08-29 14:39:02.634039879,https://overwatch.blizzard.com/en-us/rates/data/?map=all-maps&role=All&rq=1&input=PC&region=Americas&tier=Platinum,"{'map': 'all-maps', 'role': 'All', 'rq': '1', 'input': 'PC', 'region': 'Americas', 'tier': 'Platinum'}",All,,Americas,,,cassidy,Cassidy,35.1,47.2,DAMAGE,2026-05-16 15:18:25.728179+00:00,2026_05_16
34,2025-08-29 14:39:02.634039879,https://overwatch.blizzard.com/en-us/rates/data/?map=all-maps&role=All&rq=1&input=PC&region=Americas&tier=Platinum,"{'map': 'all-maps', 'role': 'All', 'rq': '1', 'input': 'PC', 'region': 'Americas', 'tier': 'Platinum'}",All,,Americas,,,dva,D.Va,8.1,48.1,TANK,2026-05-16 15:18:25.728179+00:00,2026_05_16
34,2025-08-29 14:39:02.634039879,https://overwatch.blizzard.com/en-us/rates/data/?map=all-maps&role=All&rq=1&input=PC&region=Americas&tier=Platinum,"{'map': 'all-maps', 'role': 'All', 'rq': '1', 'input': 'PC', 'region': 'Americas', 'tier': 'Platinum'}",All,,Americas,,,doomfist,Doomfist,10.0,54.9,TANK,2026-05-16 15:18:25.728179+00:00,2026_05_16
34,2025-08-29 14:39:02.634039879,https://overwatch.blizzard.com/en-us/rates/data/?map=all-maps&role=All&rq=1&input=PC&region=Americas&tier=Platinum,"{'map': 'all-maps', 'role': 'All', 'rq': '1', 'input': 'PC', 'region': 'Americas', 'tier': 'Platinum'}",All,,Americas,,,echo,Echo,4.7,51.6,DAMAGE,2026-05-16 15:18:25.728179+00:00,2026_05_16
34,2025-08-29 14:39:02.634039879,https://overwatch.blizzard.com/en-us/rates/data/?map=all-maps&role=All&rq=1&input=PC&region=Americas&tier=Platinum,"{'map': 'all-maps', 'role': 'All', 'rq': '1', 'input': 'PC', 'region': 'Americas', 'tier': 'Platinum'}",All,,Americas,,,freja,Freja,4.8,46.6,DAMAGE,2026-05-16 15:18:25.728179+00:00,2026_05_16
34,2025-08-29 14:39:02.634039879,https://overwatch.blizzard.com/en-us/rates/data/?map=all-maps&role=All&rq=1&input=PC&region=Americas&tier=Platinum,"{'map': 'all-maps', 'role': 'All', 'rq': '1', 'input': 'PC', 'region': 'Americas', 'tier': 'Platinum'}",All,,Americas,,,genji,Genji,22.8,55.0,DAMAGE,2026-05-16 15:18:25.728179+00:00,2026_05_16
34,2025-08-29 14:39:02.634039879,https://overwatch.blizzard.com/en-us/rates/data/?map=all-maps&role=All&rq=1&input=PC&region=Americas&tier=Platinum,"{'map': 'all-maps', 'role': 'All', 'rq': '1', 'input': 'PC', 'region': 'Americas', 'tier': 'Platinum'}",All,,Americas,,,hanzo,Hanzo,13.1,52.1,DAMAGE,2026-05-16 15:18:25.728179+00:00,2026_05_16
34,2025-08-29 14:39:02.634039879,https://overwatch.blizzard.com/en-us/rates/data/?map=all-maps&role=All&rq=1&input=PC&region=Americas&tier=Platinum,"{'map': 'all-maps', 'role': 'All', 'rq': '1', 'input': 'PC', 'region': 'Americas', 'tier': 'Platinum'}",All,,Americas,,,hazard,Hazard,5.2,53.1,TANK,2026-05-16 15:18:25.728179+00:00,2026_05_16
34,2025-08-29 14:39:02.634039879,https://overwatch.blizzard.com/en-us/rates/data/?map=all-maps&role=All&rq=1&input=PC&region=Americas&tier=Platinum,"{'map': 'all-maps', 'role': 'All', 'rq': '1', 'input': 'PC', 'region': 'Americas', 'tier': 'Platinum'}",All,,Americas,,,illari,Illari,4.9,52.0,SUPPORT,2026-05-16 15:18:25.728179+00:00,2026_05_16
34,2025-08-29 14:39:02.634039879,https://overwatch.blizzard.com/en-us/rates/data/?map=all-maps&role=All&rq=1&input=PC&region=Americas&tier=Platinum,"{'map': 'all-maps', 'role': 'All', 'rq': '1', 'input': 'PC', 'region': 'Americas', 'tier': 'Platinum'}",All,,Americas,,,junker-queen,Junker Queen,8.4,55.6,TANK,2026-05-16 15:18:25.728179+00:00,2026_05_16
34,2025-08-29 14:39:02.634039879,https://overwatch.blizzard.com/en-us/rates/data/?map=all-maps&role=All&rq=1&input=PC&region=Americas&tier=Platinum,"{'map': 'all-maps', 'role': 'All', 'rq': '1', 'input': 'PC', 'region': 'Americas', 'tier': 'Platinum'}",All,,Americas,,,junkrat,Junkrat,6.2,47.1,DAMAGE,2026-05-16 15:18:25.728179+00:00,2026_05_16
34,2025-08-29 14:39:02.634039879,https://overwatch.blizzard.com/en-us/rates/data/?map=all-maps&role=All&rq=1&input=PC&region=Americas&tier=Platinum,"{'map': 'all-maps', 'role': 'All', 'rq': '1', 'input': 'PC', 'region': 'Americas', 'tier': 'Platinum'}",All,,Americas,,,juno,Juno,16.6,49.4,SUPPORT,2026-05-16 15:18:25.728179+00:00,2026_05_16
34,2025-08-29 14:39:02.634039879,https://overwatch.blizzard.com/en-us/rates/data/?map=all-maps&role=All&rq=1&input=PC&region=Americas&tier=Platinum,"{'map': 'all-maps', 'role': 'All', 'rq': '1', 'input': 'PC', 'region': 'Americas', 'tier': 'Platinum'}",All,,Americas,,,kiriko,Kiriko,29.4,45.7,SUPPORT,2026-05-16 15:18:25.728179+00:00,2026_05_16
34,2025-08-29 14:39:02.634039879,https://overwatch.blizzard.com/en-us/rates/data/?map=all-maps&role=All&rq=1&input=PC&region=Americas&tier=Platinum,"{'map': 'all-maps', 'role': 'All', 'rq': '1', 'input': 'PC', 'region': 'Americas', 'tier': 'Platinum'}",All,,Americas,,,lifeweaver,Lifeweaver,8.7,45.1,SUPPORT,2026-05-16 15:18:25.728179+00:00,2026_05_16
34,2025-08-29 14:39:02.634039879,https://overwatch.blizzard.com/en-us/rates/data/?map=all-maps&role=All&rq=1&input=PC&region=Americas&tier=Platinum,"{'map': 'all-maps', 'role': 'All', 'rq': '1', 'input': 'PC', 'region': 'Americas', 'tier': 'Platinum'}",All,,Americas,,,lucio,Lúcio,8.3,55.1,SUPPORT,2026-05-16 15:18:25.728179+00:00,2026_05_16
34,2025-08-29 14:39:02.634039879,https://overwatch.blizzard.com/en-us/rates/data/?map=all-maps&role=All&rq=1&input=PC&region=Americas&tier=Platinum,"{'map': 'all-maps', 'role': 'All', 'rq': '1', 'input': 'PC', 'region': 'Americas', 'tier': 'Platinum'}",All,,Americas,,,mauga,Mauga,3.8,48.9,TANK,2026-05-16 15:18:25.728179+00:00,2026_05_16
34,2025-08-29 14:39:02.634039879,https://overwatch.blizzard.com/en-us/rates/data/?map=all-maps&role=All&rq=1&input=PC&region=Americas&tier=Platinum,"{'map': 'all-maps', 'role': 'All', 'rq': '1', 'input': 'PC', 'region': 'Americas', 'tier': 'Platinum'}",All,,Americas,,,mei,Mei,7.7,46.7,DAMAGE,2026-05-16 15:18:25.728179+00:00,2026_05_16
34,2025-08-29 14:39:02.634039879,https://overwatch.blizzard.com/en-us/rates/data/?map=all-maps&role=All&rq=1&input=PC&region=Americas&tier=Platinum,"{'map': 'all-maps', 'role': 'All', 'rq': '1', 'input': 'PC', 'region': 'Americas', 'tier': 'Platinum'}",All,,Americas,,,mercy,Mercy,19.9,53.0,SUPPORT,2026-05-16 15:18:25.728179+00:00,2026_05_16
34,2025-08-29 14:39:02.634039879,https://overwatch.blizzard.com/en-us/rates/data/?map=all-maps&role=All&rq=1&input=PC&region=Americas&tier=Platinum,"{'map': 'all-maps', 'role': 'All', 'rq': '1', 'input': 'PC', 'region': 'Americas', 'tier': 'Platinum'}",All,,Americas,,,moira,Moira,19.5,44.4,SUPPORT,2026-05-16 15:18:25.728179+00:00,2026_05_16
34,2025-08-29 14:39:02.634039879,https://overwatch.blizzard.com/en-us/rates/data/?map=all-maps&role=All&rq=1&input=PC&region=Americas&tier=Platinum,"{'map': 'all-maps', 'role': 'All', 'rq': '1', 'input': 'PC', 'region': 'Americas', 'tier': 'Platinum'}",All,,Americas,,,orisa,Orisa,8.3,41.5,TANK,2026-05-16 15:18:25.728179+00:00,2026_05_16
34,2025-08-29 14:39:02.634039879,https://overwatch.blizzard.com/en-us/rates/data/?map=all-maps&role=All&rq=1&input=PC&region=Americas&tier=Platinum,"{'map': 'all-maps', 'role': 'All', 'rq': '1', 'input': 'PC', 'region': 'Americas', 'tier': 'Platinum'}",All,,Americas,,,pharah,Pharah,3.8,50.1,DAMAGE,2026-05-16 15:18:25.728179+00:00,2026_05_16
34,2025-08-29 14:39:02.634039879,https://overwatch.blizzard.com/en-us/rates/data/?map=all-maps&role=All&rq=1&input=PC&region=Americas&tier=Platinum,"{'map': 'all-maps', 'role': 'All', 'rq': '1', 'input': 'PC', 'region': 'Americas', 'tier': 'Platinum'}",All,,Americas,,,ramattra,Ramattra,7.4,43.9,TANK,2026-05-16 15:18:25.728179+00:00,2026_05_16
34,2025-08-29 14:39:02.634039879,https://overwatch.blizzard.com/en-us/rates/data/?map=all-maps&role=All&rq=1&input=PC&region=Americas&tier=Platinum,"{'map': 'all-maps', 'role': 'All', 'rq': '1', 'input': 'PC', 'region': 'Americas', 'tier': 'Platinum'}",All,,Americas,,,reaper,Reaper,10.6,51.4,DAMAGE,2026-05-16 15:18:25.728179+00:00,2026_05_16
34,2025-08-29 14:39:02.634039879,https://overwatch.blizzard.com/en-us/rates/data/?map=all-maps&role=All&rq=1&input=PC&region=Americas&tier=Platinum,"{'map': 'all-maps', 'role': 'All', 'rq': '1', 'input': 'PC', 'region': 'Americas', 'tier': 'Platinum'}",All,,Americas,,,reinhardt,Reinhardt,14.7,54.1,TANK,2026-05-16 15:18:25.728179+00:00,2026_05_16
34,2025-08-29 14:39:02.634039879,https://overwatch.blizzard.com/en-us/rates/data/?map=all-maps&role=All&rq=1&input=PC&region=Americas&tier=Platinum,"{'map': 'all-maps', 'role': 'All', 'rq': '1', 'input': 'PC', 'region': 'Americas', 'tier': 'Platinum'}",All,,Americas,,,roadhog,Roadhog,6.0,36.7,TANK,2026-05-16 15:18:25.728179+00:00,2026_05_16
34,2025-08-29 14:39:02.634039879,https://overwatch.blizzard.com/en-us/rates/data/?map=all-maps&role=All&rq=1&input=PC&region=Americas&tier=Platinum,"{'map': 'all-maps', 'role': 'All', 'rq': '1', 'input': 'PC', 'region': 'Americas', 'tier': 'Platinum'}",All,,Americas,,,sigma,Sigma,8.9,51.1,TANK,2026-05-16 15:18:25.728179+00:00,2026_05_16
34,2025-08-29 14:39:02.634039879,https://overwatch.blizzard.com/en-us/rates/data/?map=all-maps&role=All&rq=1&input=PC&region=Americas&tier=Platinum,"{'map': 'all-maps', 'role': 'All', 'rq': '1', 'input': 'PC', 'region': 'Americas', 'tier': 'Platinum'}",All,,Americas,,,sojourn,Sojourn,18.8,45.7,DAMAGE,2026-05-16 15:18:25.728179+00:00,2026_05_16
34,2025-08-29 14:39:02.634039879,https://overwatch.blizzard.com/en-us/rates/data/?map=all-maps&role=All&rq=1&input=PC&region=Americas&tier=Platinum,"{'map': 'all-maps', 'role': 'All', 'rq': '1', 'input': 'PC', 'region': 'Americas', 'tier': 'Platinum'}",All,,Americas,,,soldier-76,Soldier: 76,18.3,48.6,DAMAGE,2026-05-16 15:18:25.728179+00:00,2026_05_16
34,2025-08-29 14:39:02.634039879,https://overwatch.blizzard.com/en-us/rates/data/?map=all-maps&role=All&rq=1&input=PC&region=Americas&tier=Platinum,"{'map': 'all-maps', 'role': 'All', 'rq': '1', 'input': 'PC', 'region': 'Americas', 'tier': 'Platinum'}",All,,Americas,,,sombra,Sombra,3.9,47.3,DAMAGE,2026-05-16 15:18:25.728179+00:00,2026_05_16
34,2025-08-29 14:39:02.634039879,https://overwatch.blizzard.com/en-us/rates/data/?map=all-maps&role=All&rq=1&input=PC&region=Americas&tier=Platinum,"{'map': 'all-maps', 'role': 'All', 'rq': '1', 'input': 'PC', 'region': 'Americas', 'tier': 'Platinum'}",All,,Americas,,,symmetra,Symmetra,3.9,50.6,DAMAGE,2026-05-16 15:18:25.728179+00:00,2026_05_16
34,2025-08-29 14:39:02.634039879,https://overwatch.blizzard.com/en-us/rates/data/?map=all-maps&role=All&rq=1&input=PC&region=Americas&tier=Platinum,"{'map': 'all-maps', 'role': 'All', 'rq': '1', 'input': 'PC', 'region': 'Americas', 'tier': 'Platinum'}",All,,Americas,,,torbjorn,Torbjörn,4.0,48.1,DAMAGE,2026-05-16 15:18:25.728179+00:00,2026_05_16
34,2025-08-29 14:39:02.634039879,https://overwatch.blizzard.com/en-us/rates/data/?map=all-maps&role=All&rq=1&input=PC&region=Americas&tier=Platinum,"{'map': 'all-maps', 'role': 'All', 'rq': '1', 'input': 'PC', 'region': 'Americas', 'tier': 'Platinum'}",All,,Americas,,,tracer,Tracer,12.7,52.7,DAMAGE,2026-05-16 15:18:25.728179+00:00,2026_05_16
34,2025-08-29 14:39:02.634039879,https://overwatch.blizzard.com/en-us/rates/data/?map=all-maps&role=All&rq=1&input=PC&region=Americas&tier=Platinum,"{'map': 'all-maps', 'role': 'All', 'rq': '1', 'input': 'PC', 'region': 'Americas', 'tier': 'Platinum'}",All,,Americas,,,venture,Venture,5.9,52.7,DAMAGE,2026-05-16 15:18:25.728179+00:00,2026_05_16
34,2025-08-29 14:39:02.634039879,https://overwatch.blizzard.com/en-us/rates/data/?map=all-maps&role=All&rq=1&input=PC&region=Americas&tier=Platinum,"{'map': 'all-maps', 'role': 'All', 'rq': '1', 'input': 'PC', 'region': 'Americas', 'tier': 'Platinum'}",All,,Americas,,,widowmaker,Widowmaker,4.6,50.4,DAMAGE,2026-05-16 15:18:25.728179+00:00,2026_05_16
34,2025-08-29 14:39:02.634039879,https://overwatch.blizzard.com/en-us/rates/data/?map=all-maps&role=All&rq=1&input=PC&region=Americas&tier=Platinum,"{'map': 'all-maps', 'role': 'All', 'rq': '1', 'input': 'PC', 'region': 'Americas', 'tier': 'Platinum'}",All,,Americas,,,winston,Winston,7.9,49.6,TANK,2026-05-16 15:18:25.728179+00:00,2026_05_16
34,2025-08-29 14:39:02.634039879,https://overwatch.blizzard.com/en-us/rates/data/?map=all-maps&role=All&rq=1&input=PC&region=Americas&tier=Platinum,"{'map': 'all-maps', 'role': 'All', 'rq': '1', 'input': 'PC', 'region': 'Americas', 'tier': 'Platinum'}",All,,Americas,,,wrecking-ball,Wrecking Ball,4.1,56.8,TANK,2026-05-16 15:18:25.728179+00:00,2026_05_16
34,2025-08-29 14:39:02.634039879,https://overwatch.blizzard.com/en-us/rates/data/?map=all-maps&role=All&rq=1&input=PC&region=Americas&tier=Platinum,"{'map': 'all-maps', 'role': 'All', 'rq': '1', 'input': 'PC', 'region': 'Americas', 'tier': 'Platinum'}",All,,Americas,,,wuyang,Wuyang,33.6,57.4,SUPPORT,2026-05-16 15:18:25.728179+00:00,2026_05_16
34,2025-08-29 14:39:02.634039879,https://overwatch.blizzard.com/en-us/rates/data/?map=all-maps&role=All&rq=1&input=PC&region=Americas&tier=Platinum,"{'map': 'all-maps', 'role': 'All', 'rq': '1', 'input': 'PC', 'region': 'Americas', 'tier': 'Platinum'}",All,,Americas,,,zarya,Zarya,7.2,48.1,TANK,2026-05-16 15:18:25.728179+00:00,2026_05_16
34,2025-08-29 14:39:02.634039879,https://overwatch.blizzard.com/en-us/rates/data/?map=all-maps&role=All&rq=1&input=PC&region=Americas&tier=Platinum,"{'map': 'all-maps', 'role': 'All', 'rq': '1', 'input': 'PC', 'region': 'Americas', 'tier': 'Platinum'}",All,,Americas,,,zenyatta,Zenyatta,9.2,52.1,SUPPORT,2026-05-16 15:18:25.728179+00:00,2026_05_16
35,2025-08-29 14:39:02.914654970,https://overwatch.blizzard.com/en-us/rates/data/?map=all-maps&role=All&rq=1&input=PC&region=Americas&tier=Diamond,"{'map': 'all-maps', 'role': 'All', 'rq': '1', 'input': 'PC', 'region': 'Americas', 'tier': 'Diamond'}",All,,Americas,,,ana,Ana,33.2,47.4,SUPPORT,2026-05-16 15:18:25.728179+00:00,2026_05_16
35,2025-08-29 14:39:02.914654970,https://overwatch.blizzard.com/en-us/rates/data/?map=all-maps&role=All&rq=1&input=PC&region=Americas&tier=Diamond,"{'map': 'all-maps', 'role': 'All', 'rq': '1', 'input': 'PC', 'region': 'Americas', 'tier': 'Diamond'}",All,,Americas,,,ashe,Ashe,8.2,49.9,DAMAGE,2026-05-16 15:18:25.728179+00:00,2026_05_16
35,2025-08-29 14:39:02.914654970,https://overwatch.blizzard.com/en-us/rates/data/?map=all-maps&role=All&rq=1&input=PC&region=Americas&tier=Diamond,"{'map': 'all-maps', 'role': 'All', 'rq': '1', 'input': 'PC', 'region': 'Americas', 'tier': 'Diamond'}",All,,Americas,,,baptiste,Baptiste,13.6,49.2,SUPPORT,2026-05-16 15:18:25.728179+00:00,2026_05_16
35,2025-08-29 14:39:02.914654970,https://overwatch.blizzard.com/en-us/rates/data/?map=all-maps&role=All&rq=1&input=PC&region=Americas&tier=Diamond,"{'map': 'all-maps', 'role': 'All', 'rq': '1', 'input': 'PC', 'region': 'Americas', 'tier': 'Diamond'}",All,,Americas,,,bastion,Bastion,4.3,46.9,DAMAGE,2026-05-16 15:18:25.728179+00:00,2026_05_16
35,2025-08-29 14:39:02.914654970,https://overwatch.blizzard.com/en-us/rates/data/?map=all-maps&role=All&rq=1&input=PC&region=Americas&tier=Diamond,"{'map': 'all-maps', 'role': 'All', 'rq': '1', 'input': 'PC', 'region': 'Americas', 'tier': 'Diamond'}",All,,Americas,,,brigitte,Brigitte,9.2,44.5,SUPPORT,2026-05-16 15:18:25.728179+00:00,2026_05_16
35,2025-08-29 14:39:02.914654970,https://overwatch.blizzard.com/en-us/rates/data/?map=all-maps&role=All&rq=1&input=PC&region=Americas&tier=Diamond,"{'map': 'all-maps', 'role': 'All', 'rq': '1', 'input': 'PC', 'region': 'Americas', 'tier': 'Diamond'}",All,,Americas,,,cassidy,Cassidy,35.4,47.1,DAMAGE,2026-05-16 15:18:25.728179+00:00,2026_05_16
35,2025-08-29 14:39:02.914654970,https://overwatch.blizzard.com/en-us/rates/data/?map=all-maps&role=All&rq=1&input=PC&region=Americas&tier=Diamond,"{'map': 'all-maps', 'role': 'All', 'rq': '1', 'input': 'PC', 'region': 'Americas', 'tier': 'Diamond'}",All,,Americas,,,dva,D.Va,7.7,47.9,TANK,2026-05-16 15:18:25.728179+00:00,2026_05_16
35,2025-08-29 14:39:02.914654970,https://overwatch.blizzard.com/en-us/rates/data/?map=all-maps&role=All&rq=1&input=PC&region=Americas&tier=Diamond,"{'map': 'all-maps', 'role': 'All', 'rq': '1', 'input': 'PC', 'region': 'Americas', 'tier': 'Diamond'}",All,,Americas,,,doomfist,Doomfist,11.8,50.1,TANK,2026-05-16 15:18:25.728179+00:00,2026_05_16
35,2025-08-29 14:39:02.914654970,https://overwatch.blizzard.com/en-us/rates/data/?map=all-maps&role=All&rq=1&input=PC&region=Americas&tier=Diamond,"{'map': 'all-maps', 'role': 'All', 'rq': '1', 'input': 'PC', 'region': 'Americas', 'tier': 'Diamond'}",All,,Americas,,,echo,Echo,4.9,52.0,DAMAGE,2026-05-16 15:18:25.728179+00:00,2026_05_16
35,2025-08-29 14:39:02.914654970,https://overwatch.blizzard.com/en-us/rates/data/?map=all-maps&role=All&rq=1&input=PC&region=Americas&tier=Diamond,"{'map': 'all-maps', 'role': 'All', 'rq': '1', 'input': 'PC', 'region': 'Americas', 'tier': 'Diamond'}",All,,Americas,,,freja,Freja,5.5,47.8,DAMAGE,2026-05-16 15:18:25.728179+00:00,2026_05_16
35,2025-08-29 14:39:02.914654970,https://overwatch.blizzard.com/en-us/rates/data/?map=all-maps&role=All&rq=1&input=PC&region=Americas&tier=Diamond,"{'map': 'all-maps', 'role': 'All', 'rq': '1', 'input': 'PC', 'region': 'Americas', 'tier': 'Diamond'}",All,,Americas,,,genji,Genji,28.2,53.9,DAMAGE,2026-05-16 15:18:25.728179+00:00,2026_05_16
35,2025-08-29 14:39:02.914654970,https://overwatch.blizzard.com/en-us/rates/data/?map=all-maps&role=All&rq=1&input=PC&region=Americas&tier=Diamond,"{'map': 'all-maps', 'role': 'All', 'rq': '1', 'input': 'PC', 'region': 'Americas', 'tier': 'Diamond'}",All,,Americas,,,hanzo,Hanzo,10.9,50.0,DAMAGE,2026-05-16 15:18:25.728179+00:00,2026_05_16
35,2025-08-29 14:39:02.914654970,https://overwatch.blizzard.com/en-us/rates/data/?map=all-maps&role=All&rq=1&input=PC&region=Americas&tier=Diamond,"{'map': 'all-maps', 'role': 'All', 'rq': '1', 'input': 'PC', 'region': 'Americas', 'tier': 'Diamond'}",All,,Americas,,,hazard,Hazard,7.0,53.9,TANK,2026-05-16 15:18:25.728179+00:00,2026_05_16
35,2025-08-29 14:39:02.914654970,https://overwatch.blizzard.com/en-us/rates/data/?map=all-maps&role=All&rq=1&input=PC&region=Americas&tier=Diamond,"{'map': 'all-maps', 'role': 'All', 'rq': '1', 'input': 'PC', 'region': 'Americas', 'tier': 'Diamond'}",All,,Americas,,,illari,Illari,4.8,51.7,SUPPORT,2026-05-16 15:18:25.728179+00:00,2026_05_16
35,2025-08-29 14:39:02.914654970,https://overwatch.blizzard.com/en-us/rates/data/?map=all-maps&role=All&rq=1&input=PC&region=Americas&tier=Diamond,"{'map': 'all-maps', 'role': 'All', 'rq': '1', 'input': 'PC', 'region': 'Americas', 'tier': 'Diamond'}",All,,Americas,,,junker-queen,Junker Queen,10.0,55.9,TANK,2026-05-16 15:18:25.728179+00:00,2026_05_16
35,2025-08-29 14:39:02.914654970,https://overwatch.blizzard.com/en-us/rates/data/?map=all-maps&role=All&rq=1&input=PC&region=Americas&tier=Diamond,"{'map': 'all-maps', 'role': 'All', 'rq': '1', 'input': 'PC', 'region': 'Americas', 'tier': 'Diamond'}",All,,Americas,,,junkrat,Junkrat,4.1,47.8,DAMAGE,2026-05-16 15:18:25.728179+00:00,2026_05_16
35,2025-08-29 14:39:02.914654970,https://overwatch.blizzard.com/en-us/rates/data/?map=all-maps&role=All&rq=1&input=PC&region=Americas&tier=Diamond,"{'map': 'all-maps', 'role': 'All', 'rq': '1', 'input': 'PC', 'region': 'Americas', 'tier': 'Diamond'}",All,,Americas,,,juno,Juno,15.0,49.6,SUPPORT,2026-05-16 15:18:25.728179+00:00,2026_05_16
35,2025-08-29 14:39:02.914654970,https://overwatch.blizzard.com/en-us/rates/data/?map=all-maps&role=All&rq=1&input=PC&region=Americas&tier=Diamond,"{'map': 'all-maps', 'role': 'All', 'rq': '1', 'input': 'PC', 'region': 'Americas', 'tier': 'Diamond'}",All,,Americas,,,kiriko,Kiriko,33.0,46.6,SUPPORT,2026-05-16 15:18:25.728179+00:00,2026_05_16
35,2025-08-29 14:39:02.914654970,https://overwatch.blizzard.com/en-us/rates/data/?map=all-maps&role=All&rq=1&input=PC&region=Americas&tier=Diamond,"{'map': 'all-maps', 'role': 'All', 'rq': '1', 'input': 'PC', 'region': 'Americas', 'tier': 'Diamond'}",All,,Americas,,,lifeweaver,Lifeweaver,5.4,42.5,SUPPORT,2026-05-16 15:18:25.728179+00:00,2026_05_16
35,2025-08-29 14:39:02.914654970,https://overwatch.blizzard.com/en-us/rates/data/?map=all-maps&role=All&rq=1&input=PC&region=Americas&tier=Diamond,"{'map': 'all-maps', 'role': 'All', 'rq': '1', 'input': 'PC', 'region': 'Americas', 'tier': 'Diamond'}",All,,Americas,,,lucio,Lúcio,15.1,55.3,SUPPORT,2026-05-16 15:18:25.728179+00:00,2026_05_16
35,2025-08-29 14:39:02.914654970,https://overwatch.blizzard.com/en-us/rates/data/?map=all-maps&role=All&rq=1&input=PC&region=Americas&tier=Diamond,"{'map': 'all-maps', 'role': 'All', 'rq': '1', 'input': 'PC', 'region': 'Americas', 'tier': 'Diamond'}",All,,Americas,,,mauga,Mauga,4.0,50.4,TANK,2026-05-16 15:18:25.728179+00:00,2026_05_16
35,2025-08-29 14:39:02.914654970,https://overwatch.blizzard.com/en-us/rates/data/?map=all-maps&role=All&rq=1&input=PC&region=Americas&tier=Diamond,"{'map': 'all-maps', 'role': 'All', 'rq': '1', 'input': 'PC', 'region': 'Americas', 'tier': 'Diamond'}",All,,Americas,,,mei,Mei,4.6,45.0,DAMAGE,2026-05-16 15:18:25.728179+00:00,2026_05_16
35,2025-08-29 14:39:02.914654970,https://overwatch.blizzard.com/en-us/rates/data/?map=all-maps&role=All&rq=1&input=PC&region=Americas&tier=Diamond,"{'map': 'all-maps', 'role': 'All', 'rq': '1', 'input': 'PC', 'region': 'Americas', 'tier': 'Diamond'}",All,,Americas,,,mercy,Mercy,14.6,51.9,SUPPORT,2026-05-16 15:18:25.728179+00:00,2026_05_16
35,2025-08-29 14:39:02.914654970,https://overwatch.blizzard.com/en-us/rates/data/?map=all-maps&role=All&rq=1&input=PC&region=Americas&tier=Diamond,"{'map': 'all-maps', 'role': 'All', 'rq': '1', 'input': 'PC', 'region': 'Americas', 'tier': 'Diamond'}",All,,Americas,,,moira,Moira,12.6,44.1,SUPPORT,2026-05-16 15:18:25.728179+00:00,2026_05_16
35,2025-08-29 14:39:02.914654970,https://overwatch.blizzard.com/en-us/rates/data/?map=all-maps&role=All&rq=1&input=PC&region=Americas&tier=Diamond,"{'map': 'all-maps', 'role': 'All', 'rq': '1', 'input': 'PC', 'region': 'Americas', 'tier': 'Diamond'}",All,,Americas,,,orisa,Orisa,7.3,43.6,TANK,2026-05-16 15:18:25.728179+00:00,2026_05_16
35,2025-08-29 14:39:02.914654970,https://overwatch.blizzard.com/en-us/rates/data/?map=all-maps&role=All&rq=1&input=PC&region=Americas&tier=Diamond,"{'map': 'all-maps', 'role': 'All', 'rq': '1', 'input': 'PC', 'region': 'Americas', 'tier': 'Diamond'}",All,,Americas,,,pharah,Pharah,3.5,49.6,DAMAGE,2026-05-16 15:18:25.728179+00:00,2026_05_16
35,2025-08-29 14:39:02.914654970,https://overwatch.blizzard.com/en-us/rates/data/?map=all-maps&role=All&rq=1&input=PC&region=Americas&tier=Diamond,"{'map': 'all-maps', 'role': 'All', 'rq': '1', 'input': 'PC', 'region': 'Americas', 'tier': 'Diamond'}",All,,Americas,,,ramattra,Ramattra,5.0,44.7,TANK,2026-05-16 15:18:25.728179+00:00,2026_05_16
35,2025-08-29 14:39:02.914654970,https://overwatch.blizzard.com/en-us/rates/data/?map=all-maps&role=All&rq=1&input=PC&region=Americas&tier=Diamond,"{'map': 'all-maps', 'role': 'All', 'rq': '1', 'input': 'PC', 'region': 'Americas', 'tier': 'Diamond'}",All,,Americas,,,reaper,Reaper,7.6,52.1,DAMAGE,2026-05-16 15:18:25.728179+00:00,2026_05_16
35,2025-08-29 14:39:02.914654970,https://overwatch.blizzard.com/en-us/rates/data/?map=all-maps&role=All&rq=1&input=PC&region=Americas&tier=Diamond,"{'map': 'all-maps', 'role': 'All', 'rq': '1', 'input': 'PC', 'region': 'Americas', 'tier': 'Diamond'}",All,,Americas,,,reinhardt,Reinhardt,11.5,51.2,TANK,2026-05-16 15:18:25.728179+00:00,2026_05_16
35,2025-08-29 14:39:02.914654970,https://overwatch.blizzard.com/en-us/rates/data/?map=all-maps&role=All&rq=1&input=PC&region=Americas&tier=Diamond,"{'map': 'all-maps', 'role': 'All', 'rq': '1', 'input': 'PC', 'region': 'Americas', 'tier': 'Diamond'}",All,,Americas,,,roadhog,Roadhog,4.8,35.4,TANK,2026-05-16 15:18:25.728179+00:00,2026_05_16
35,2025-08-29 14:39:02.914654970,https://overwatch.blizzard.com/en-us/rates/data/?map=all-maps&role=All&rq=1&input=PC&region=Americas&tier=Diamond,"{'map': 'all-maps', 'role': 'All', 'rq': '1', 'input': 'PC', 'region': 'Americas', 'tier': 'Diamond'}",All,,Americas,,,sigma,Sigma,7.9,51.5,TANK,2026-05-16 15:18:25.728179+00:00,2026_05_16
35,2025-08-29 14:39:02.914654970,https://overwatch.blizzard.com/en-us/rates/data/?map=all-maps&role=All&rq=1&input=PC&region=Americas&tier=Diamond,"{'map': 'all-maps', 'role': 'All', 'rq': '1', 'input': 'PC', 'region': 'Americas', 'tier': 'Diamond'}",All,,Americas,,,sojourn,Sojourn,24.3,47.6,DAMAGE,2026-05-16 15:18:25.728179+00:00,2026_05_16
35,2025-08-29 14:39:02.914654970,https://overwatch.blizzard.com/en-us/rates/data/?map=all-maps&role=All&rq=1&input=PC&region=Americas&tier=Diamond,"{'map': 'all-maps', 'role': 'All', 'rq': '1', 'input': 'PC', 'region': 'Americas', 'tier': 'Diamond'}",All,,Americas,,,soldier-76,Soldier: 76,13.8,48.9,DAMAGE,2026-05-16 15:18:25.728179+00:00,2026_05_16
35,2025-08-29 14:39:02.914654970,https://overwatch.blizzard.com/en-us/rates/data/?map=all-maps&role=All&rq=1&input=PC&region=Americas&tier=Diamond,"{'map': 'all-maps', 'role': 'All', 'rq': '1', 'input': 'PC', 'region': 'Americas', 'tier': 'Diamond'}",All,,Americas,,,sombra,Sombra,4.4,45.4,DAMAGE,2026-05-16 15:18:25.728179+00:00,2026_05_16
35,2025-08-29 14:39:02.914654970,https://overwatch.blizzard.com/en-us/rates/data/?map=all-maps&role=All&rq=1&input=PC&region=Americas&tier=Diamond,"{'map': 'all-maps', 'role': 'All', 'rq': '1', 'input': 'PC', 'region': 'Americas', 'tier': 'Diamond'}",All,,Americas,,,symmetra,Symmetra,3.6,50.6,DAMAGE,2026-05-16 15:18:25.728179+00:00,2026_05_16
35,2025-08-29 14:39:02.914654970,https://overwatch.blizzard.com/en-us/rates/data/?map=all-maps&role=All&rq=1&input=PC&region=Americas&tier=Diamond,"{'map': 'all-maps', 'role': 'All', 'rq': '1', 'input': 'PC', 'region': 'Americas', 'tier': 'Diamond'}",All,,Americas,,,torbjorn,Torbjörn,4.8,47.9,DAMAGE,2026-05-16 15:18:25.728179+00:00,2026_05_16
35,2025-08-29 14:39:02.914654970,https://overwatch.blizzard.com/en-us/rates/data/?map=all-maps&role=All&rq=1&input=PC&region=Americas&tier=Diamond,"{'map': 'all-maps', 'role': 'All', 'rq': '1', 'input': 'PC', 'region': 'Americas', 'tier': 'Diamond'}",All,,Americas,,,tracer,Tracer,21.4,53.4,DAMAGE,2026-05-16 15:18:25.728179+00:00,2026_05_16
35,2025-08-29 14:39:02.914654970,https://overwatch.blizzard.com/en-us/rates/data/?map=all-maps&role=All&rq=1&input=PC&region=Americas&tier=Diamond,"{'map': 'all-maps', 'role': 'All', 'rq': '1', 'input': 'PC', 'region': 'Americas', 'tier': 'Diamond'}",All,,Americas,,,venture,Venture,6.0,51.0,DAMAGE,2026-05-16 15:18:25.728179+00:00,2026_05_16
35,2025-08-29 14:39:02.914654970,https://overwatch.blizzard.com/en-us/rates/data/?map=all-maps&role=All&rq=1&input=PC&region=Americas&tier=Diamond,"{'map': 'all-maps', 'role': 'All', 'rq': '1', 'input': 'PC', 'region': 'Americas', 'tier': 'Diamond'}",All,,Americas,,,widowmaker,Widowmaker,4.5,48.9,DAMAGE,2026-05-16 15:18:25.728179+00:00,2026_05_16
35,2025-08-29 14:39:02.914654970,https://overwatch.blizzard.com/en-us/rates/data/?map=all-maps&role=All&rq=1&input=PC&region=Americas&tier=Diamond,"{'map': 'all-maps', 'role': 'All', 'rq': '1', 'input': 'PC', 'region': 'Americas', 'tier': 'Diamond'}",All,,Americas,,,winston,Winston,9.6,51.7,TANK,2026-05-16 15:18:25.728179+00:00,2026_05_16
35,2025-08-29 14:39:02.914654970,https://overwatch.blizzard.com/en-us/rates/data/?map=all-maps&role=All&rq=1&input=PC&region=Americas&tier=Diamond,"{'map': 'all-maps', 'role': 'All', 'rq': '1', 'input': 'PC', 'region': 'Americas', 'tier': 'Diamond'}",All,,Americas,,,wrecking-ball,Wrecking Ball,6.0,53.9,TANK,2026-05-16 15:18:25.728179+00:00,2026_05_16
35,2025-08-29 14:39:02.914654970,https://overwatch.blizzard.com/en-us/rates/data/?map=all-maps&role=All&rq=1&input=PC&region=Americas&tier=Diamond,"{'map': 'all-maps', 'role': 'All', 'rq': '1', 'input': 'PC', 'region': 'Americas', 'tier': 'Diamond'}",All,,Americas,,,wuyang,Wuyang,35.0,56.5,SUPPORT,2026-05-16 15:18:25.728179+00:00,2026_05_16
35,2025-08-29 14:39:02.914654970,https://overwatch.blizzard.com/en-us/rates/data/?map=all-maps&role=All&rq=1&input=PC&region=Americas&tier=Diamond,"{'map': 'all-maps', 'role': 'All', 'rq': '1', 'input': 'PC', 'region': 'Americas', 'tier': 'Diamond'}",All,,Americas,,,zarya,Zarya,7.4,49.0,TANK,2026-05-16 15:18:25.728179+00:00,2026_05_16
35,2025-08-29 14:39:02.914654970,https://overwatch.blizzard.com/en-us/rates/data/?map=all-maps&role=All&rq=1&input=PC&region=Americas&tier=Diamond,"{'map': 'all-maps', 'role': 'All', 'rq': '1', 'input': 'PC', 'region': 'Americas', 'tier': 'Diamond'}",All,,Americas,,,zenyatta,Zenyatta,8.5,51.1,SUPPORT,2026-05-16 15:18:25.728179+00:00,2026_05_16
36,2025-08-29 14:39:03.170554399,https://overwatch.blizzard.com/en-us/rates/data/?map=all-maps&role=All&rq=1&input=PC&region=Americas&tier=Master,"{'map': 'all-maps', 'role': 'All', 'rq': '1', 'input': 'PC', 'region': 'Americas', 'tier': 'Master'}",All,,Americas,,,ana,Ana,20.3,45.6,SUPPORT,2026-05-16 15:18:25.728179+00:00,2026_05_16
36,2025-08-29 14:39:03.170554399,https://overwatch.blizzard.com/en-us/rates/data/?map=all-maps&role=All&rq=1&input=PC&region=Americas&tier=Master,"{'map': 'all-maps', 'role': 'All', 'rq': '1', 'input': 'PC', 'region': 'Americas', 'tier': 'Master'}",All,,Americas,,,ashe,Ashe,4.7,51.3,DAMAGE,2026-05-16 15:18:25.728179+00:00,2026_05_16
36,2025-08-29 14:39:03.170554399,https://overwatch.blizzard.com/en-us/rates/data/?map=all-maps&role=All&rq=1&input=PC&region=Americas&tier=Master,"{'map': 'all-maps', 'role': 'All', 'rq': '1', 'input': 'PC', 'region': 'Americas', 'tier': 'Master'}",All,,Americas,,,baptiste,Baptiste,20.0,50.1,SUPPORT,2026-05-16 15:18:25.728179+00:00,2026_05_16
36,2025-08-29 14:39:03.170554399,https://overwatch.blizzard.com/en-us/rates/data/?map=all-maps&role=All&rq=1&input=PC&region=Americas&tier=Master,"{'map': 'all-maps', 'role': 'All', 'rq': '1', 'input': 'PC', 'region': 'Americas', 'tier': 'Master'}",All,,Americas,,,bastion,Bastion,2.7,51.8,DAMAGE,2026-05-16 15:18:25.728179+00:00,2026_05_16
36,2025-08-29 14:39:03.170554399,https://overwatch.blizzard.com/en-us/rates/data/?map=all-maps&role=All&rq=1&input=PC&region=Americas&tier=Master,"{'map': 'all-maps', 'role': 'All', 'rq': '1', 'input': 'PC', 'region': 'Americas', 'tier': 'Master'}",All,,Americas,,,brigitte,Brigitte,11.1,48.3,SUPPORT,2026-05-16 15:18:25.728179+00:00,2026_05_16
36,2025-08-29 14:39:03.170554399,https://overwatch.blizzard.com/en-us/rates/data/?map=all-maps&role=All&rq=1&input=PC&region=Americas&tier=Master,"{'map': 'all-maps', 'role': 'All', 'rq': '1', 'input': 'PC', 'region': 'Americas', 'tier': 'Master'}",All,,Americas,,,cassidy,Cassidy,28.7,46.8,DAMAGE,2026-05-16 15:18:25.728179+00:00,2026_05_16
36,2025-08-29 14:39:03.170554399,https://overwatch.blizzard.com/en-us/rates/data/?map=all-maps&role=All&rq=1&input=PC&region=Americas&tier=Master,"{'map': 'all-maps', 'role': 'All', 'rq': '1', 'input': 'PC', 'region': 'Americas', 'tier': 'Master'}",All,,Americas,,,dva,D.Va,8.2,51.4,TANK,2026-05-16 15:18:25.728179+00:00,2026_05_16
36,2025-08-29 14:39:03.170554399,https://overwatch.blizzard.com/en-us/rates/data/?map=all-maps&role=All&rq=1&input=PC&region=Americas&tier=Master,"{'map': 'all-maps', 'role': 'All', 'rq': '1', 'input': 'PC', 'region': 'Americas', 'tier': 'Master'}",All,,Americas,,,doomfist,Doomfist,9.6,45.8,TANK,2026-05-16 15:18:25.728179+00:00,2026_05_16
36,2025-08-29 14:39:03.170554399,https://overwatch.blizzard.com/en-us/rates/data/?map=all-maps&role=All&rq=1&input=PC&region=Americas&tier=Master,"{'map': 'all-maps', 'role': 'All', 'rq': '1', 'input': 'PC', 'region': 'Americas', 'tier': 'Master'}",All,,Americas,,,echo,Echo,4.3,50.8,DAMAGE,2026-05-16 15:18:25.728179+00:00,2026_05_16
36,2025-08-29 14:39:03.170554399,https://overwatch.blizzard.com/en-us/rates/data/?map=all-maps&role=All&rq=1&input=PC&region=Americas&tier=Master,"{'map': 'all-maps', 'role': 'All', 'rq': '1', 'input': 'PC', 'region': 'Americas', 'tier': 'Master'}",All,,Americas,,,freja,Freja,8.1,50.0,DAMAGE,2026-05-16 15:18:25.728179+00:00,2026_05_16
36,2025-08-29 14:39:03.170554399,https://overwatch.blizzard.com/en-us/rates/data/?map=all-maps&role=All&rq=1&input=PC&region=Americas&tier=Master,"{'map': 'all-maps', 'role': 'All', 'rq': '1', 'input': 'PC', 'region': 'Americas', 'tier': 'Master'}",All,,Americas,,,genji,Genji,25.6,49.1,DAMAGE,2026-05-16 15:18:25.728179+00:00,2026_05_16
36,2025-08-29 14:39:03.170554399,https://overwatch.blizzard.com/en-us/rates/data/?map=all-maps&role=All&rq=1&input=PC&region=Americas&tier=Master,"{'map': 'all-maps', 'role': 'All', 'rq': '1', 'input': 'PC', 'region': 'Americas', 'tier': 'Master'}",All,,Americas,,,hanzo,Hanzo,9.4,50.2,DAMAGE,2026-05-16 15:18:25.728179+00:00,2026_05_16
36,2025-08-29 14:39:03.170554399,https://overwatch.blizzard.com/en-us/rates/data/?map=all-maps&role=All&rq=1&input=PC&region=Americas&tier=Master,"{'map': 'all-maps', 'role': 'All', 'rq': '1', 'input': 'PC', 'region': 'Americas', 'tier': 'Master'}",All,,Americas,,,hazard,Hazard,10.2,51.0,TANK,2026-05-16 15:18:25.728179+00:00,2026_05_16
36,2025-08-29 14:39:03.170554399,https://overwatch.blizzard.com/en-us/rates/data/?map=all-maps&role=All&rq=1&input=PC&region=Americas&tier=Master,"{'map': 'all-maps', 'role': 'All', 'rq': '1', 'input': 'PC', 'region': 'Americas', 'tier': 'Master'}",All,,Americas,,,illari,Illari,7.0,55.0,SUPPORT,2026-05-16 15:18:25.728179+00:00,2026_05_16
36,2025-08-29 14:39:03.170554399,https://overwatch.blizzard.com/en-us/rates/data/?map=all-maps&role=All&rq=1&input=PC&region=Americas&tier=Master,"{'map': 'all-maps', 'role': 'All', 'rq': '1', 'input': 'PC', 'region': 'Americas', 'tier': 'Master'}",All,,Americas,,,junker-queen,Junker Queen,11.6,59.0,TANK,2026-05-16 15:18:25.728179+00:00,2026_05_16
36,2025-08-29 14:39:03.170554399,https://overwatch.blizzard.com/en-us/rates/data/?map=all-maps&role=All&rq=1&input=PC&region=Americas&tier=Master,"{'map': 'all-maps', 'role': 'All', 'rq': '1', 'input': 'PC', 'region': 'Americas', 'tier': 'Master'}",All,,Americas,,,junkrat,Junkrat,4.6,50.6,DAMAGE,2026-05-16 15:18:25.728179+00:00,2026_05_16
36,2025-08-29 14:39:03.170554399,https://overwatch.blizzard.com/en-us/rates/data/?map=all-maps&role=All&rq=1&input=PC&region=Americas&tier=Master,"{'map': 'all-maps', 'role': 'All', 'rq': '1', 'input': 'PC', 'region': 'Americas', 'tier': 'Master'}",All,,Americas,,,juno,Juno,7.8,47.1,SUPPORT,2026-05-16 15:18:25.728179+00:00,2026_05_16
36,2025-08-29 14:39:03.170554399,https://overwatch.blizzard.com/en-us/rates/data/?map=all-maps&role=All&rq=1&input=PC&region=Americas&tier=Master,"{'map': 'all-maps', 'role': 'All', 'rq': '1', 'input': 'PC', 'region': 'Americas', 'tier': 'Master'}",All,,Americas,,,kiriko,Kiriko,40.6,46.8,SUPPORT,2026-05-16 15:18:25.728179+00:00,2026_05_16
36,2025-08-29 14:39:03.170554399,https://overwatch.blizzard.com/en-us/rates/data/?map=all-maps&role=All&rq=1&input=PC&region=Americas&tier=Master,"{'map': 'all-maps', 'role': 'All', 'rq': '1', 'input': 'PC', 'region': 'Americas', 'tier': 'Master'}",All,,Americas,,,lifeweaver,Lifeweaver,4.5,44.9,SUPPORT,2026-05-16 15:18:25.728179+00:00,2026_05_16
36,2025-08-29 14:39:03.170554399,https://overwatch.blizzard.com/en-us/rates/data/?map=all-maps&role=All&rq=1&input=PC&region=Americas&tier=Master,"{'map': 'all-maps', 'role': 'All', 'rq': '1', 'input': 'PC', 'region': 'Americas', 'tier': 'Master'}",All,,Americas,,,lucio,Lúcio,26.0,53.3,SUPPORT,2026-05-16 15:18:25.728179+00:00,2026_05_16
36,2025-08-29 14:39:03.170554399,https://overwatch.blizzard.com/en-us/rates/data/?map=all-maps&role=All&rq=1&input=PC&region=Americas&tier=Master,"{'map': 'all-maps', 'role': 'All', 'rq': '1', 'input': 'PC', 'region': 'Americas', 'tier': 'Master'}",All,,Americas,,,mauga,Mauga,4.0,44.6,TANK,2026-05-16 15:18:25.728179+00:00,2026_05_16
36,2025-08-29 14:39:03.170554399,https://overwatch.blizzard.com/en-us/rates/data/?map=all-maps&role=All&rq=1&input=PC&region=Americas&tier=Master,"{'map': 'all-maps', 'role': 'All', 'rq': '1', 'input': 'PC', 'region': 'Americas', 'tier': 'Master'}",All,,Americas,,,mei,Mei,4.3,40.3,DAMAGE,2026-05-16 15:18:25.728179+00:00,2026_05_16
36,2025-08-29 14:39:03.170554399,https://overwatch.blizzard.com/en-us/rates/data/?map=all-maps&role=All&rq=1&input=PC&region=Americas&tier=Master,"{'map': 'all-maps', 'role': 'All', 'rq': '1', 'input': 'PC', 'region': 'Americas', 'tier': 'Master'}",All,,Americas,,,mercy,Mercy,5.8,50.5,SUPPORT,2026-05-16 15:18:25.728179+00:00,2026_05_16
36,2025-08-29 14:39:03.170554399,https://overwatch.blizzard.com/en-us/rates/data/?map=all-maps&role=All&rq=1&input=PC&region=Americas&tier=Master,"{'map': 'all-maps', 'role': 'All', 'rq': '1', 'input': 'PC', 'region': 'Americas', 'tier': 'Master'}",All,,Americas,,,moira,Moira,9.9,43.7,SUPPORT,2026-05-16 15:18:25.728179+00:00,2026_05_16
36,2025-08-29 14:39:03.170554399,https://overwatch.blizzard.com/en-us/rates/data/?map=all-maps&role=All&rq=1&input=PC&region=Americas&tier=Master,"{'map': 'all-maps', 'role': 'All', 'rq': '1', 'input': 'PC', 'region': 'Americas', 'tier': 'Master'}",All,,Americas,,,orisa,Orisa,9.0,47.2,TANK,2026-05-16 15:18:25.728179+00:00,2026_05_16
36,2025-08-29 14:39:03.170554399,https://overwatch.blizzard.com/en-us/rates/data/?map=all-maps&role=All&rq=1&input=PC&region=Americas&tier=Master,"{'map': 'all-maps', 'role': 'All', 'rq': '1', 'input': 'PC', 'region': 'Americas', 'tier': 'Master'}",All,,Americas,,,pharah,Pharah,4.8,46.3,DAMAGE,2026-05-16 15:18:25.728179+00:00,2026_05_16
36,2025-08-29 14:39:03.170554399,https://overwatch.blizzard.com/en-us/rates/data/?map=all-maps&role=All&rq=1&input=PC&region=Americas&tier=Master,"{'map': 'all-maps', 'role': 'All', 'rq': '1', 'input': 'PC', 'region': 'Americas', 'tier': 'Master'}",All,,Americas,,,ramattra,Ramattra,3.4,37.1,TANK,2026-05-16 15:18:25.728179+00:00,2026_05_16
36,2025-08-29 14:39:03.170554399,https://overwatch.blizzard.com/en-us/rates/data/?map=all-maps&role=All&rq=1&input=PC&region=Americas&tier=Master,"{'map': 'all-maps', 'role': 'All', 'rq': '1', 'input': 'PC', 'region': 'Americas', 'tier': 'Master'}",All,,Americas,,,reaper,Reaper,4.6,49.6,DAMAGE,2026-05-16 15:18:25.728179+00:00,2026_05_16
36,2025-08-29 14:39:03.170554399,https://overwatch.blizzard.com/en-us/rates/data/?map=all-maps&role=All&rq=1&input=PC&region=Americas&tier=Master,"{'map': 'all-maps', 'role': 'All', 'rq': '1', 'input': 'PC', 'region': 'Americas', 'tier': 'Master'}",All,,Americas,,,reinhardt,Reinhardt,6.5,45.8,TANK,2026-05-16 15:18:25.728179+00:00,2026_05_16
36,2025-08-29 14:39:03.170554399,https://overwatch.blizzard.com/en-us/rates/data/?map=all-maps&role=All&rq=1&input=PC&region=Americas&tier=Master,"{'map': 'all-maps', 'role': 'All', 'rq': '1', 'input': 'PC', 'region': 'Americas', 'tier': 'Master'}",All,,Americas,,,roadhog,Roadhog,4.4,39.4,TANK,2026-05-16 15:18:25.728179+00:00,2026_05_16
36,2025-08-29 14:39:03.170554399,https://overwatch.blizzard.com/en-us/rates/data/?map=all-maps&role=All&rq=1&input=PC&region=Americas&tier=Master,"{'map': 'all-maps', 'role': 'All', 'rq': '1', 'input': 'PC', 'region': 'Americas', 'tier': 'Master'}",All,,Americas,,,sigma,Sigma,7.8,53.2,TANK,2026-05-16 15:18:25.728179+00:00,2026_05_16
36,2025-08-29 14:39:03.170554399,https://overwatch.blizzard.com/en-us/rates/data/?map=all-maps&role=All&rq=1&input=PC&region=Americas&tier=Master,"{'map': 'all-maps', 'role': 'All', 'rq': '1', 'input': 'PC', 'region': 'Americas', 'tier': 'Master'}",All,,Americas,,,sojourn,Sojourn,29.9,48.5,DAMAGE,2026-05-16 15:18:25.728179+00:00,2026_05_16
36,2025-08-29 14:39:03.170554399,https://overwatch.blizzard.com/en-us/rates/data/?map=all-maps&role=All&rq=1&input=PC&region=Americas&tier=Master,"{'map': 'all-maps', 'role': 'All', 'rq': '1', 'input': 'PC', 'region': 'Americas', 'tier': 'Master'}",All,,Americas,,,soldier-76,Soldier: 76,10.0,53.1,DAMAGE,2026-05-16 15:18:25.728179+00:00,2026_05_16
36,2025-08-29 14:39:03.170554399,https://overwatch.blizzard.com/en-us/rates/data/?map=all-maps&role=All&rq=1&input=PC&region=Americas&tier=Master,"{'map': 'all-maps', 'role': 'All', 'rq': '1', 'input': 'PC', 'region': 'Americas', 'tier': 'Master'}",All,,Americas,,,sombra,Sombra,4.1,48.0,DAMAGE,2026-05-16 15:18:25.728179+00:00,2026_05_16
36,2025-08-29 14:39:03.170554399,https://overwatch.blizzard.com/en-us/rates/data/?map=all-maps&role=All&rq=1&input=PC&region=Americas&tier=Master,"{'map': 'all-maps', 'role': 'All', 'rq': '1', 'input': 'PC', 'region': 'Americas', 'tier': 'Master'}",All,,Americas,,,symmetra,Symmetra,4.0,53.4,DAMAGE,2026-05-16 15:18:25.728179+00:00,2026_05_16
36,2025-08-29 14:39:03.170554399,https://overwatch.blizzard.com/en-us/rates/data/?map=all-maps&role=All&rq=1&input=PC&region=Americas&tier=Master,"{'map': 'all-maps', 'role': 'All', 'rq': '1', 'input': 'PC', 'region': 'Americas', 'tier': 'Master'}",All,,Americas,,,torbjorn,Torbjörn,3.4,43.9,DAMAGE,2026-05-16 15:18:25.728179+00:00,2026_05_16
36,2025-08-29 14:39:03.170554399,https://overwatch.blizzard.com/en-us/rates/data/?map=all-maps&role=All&rq=1&input=PC&region=Americas&tier=Master,"{'map': 'all-maps', 'role': 'All', 'rq': '1', 'input': 'PC', 'region': 'Americas', 'tier': 'Master'}",All,,Americas,,,tracer,Tracer,35.1,55.6,DAMAGE,2026-05-16 15:18:25.728179+00:00,2026_05_16
36,2025-08-29 14:39:03.170554399,https://overwatch.blizzard.com/en-us/rates/data/?map=all-maps&role=All&rq=1&input=PC&region=Americas&tier=Master,"{'map': 'all-maps', 'role': 'All', 'rq': '1', 'input': 'PC', 'region': 'Americas', 'tier': 'Master'}",All,,Americas,,,venture,Venture,6.3,53.1,DAMAGE,2026-05-16 15:18:25.728179+00:00,2026_05_16
36,2025-08-29 14:39:03.170554399,https://overwatch.blizzard.com/en-us/rates/data/?map=all-maps&role=All&rq=1&input=PC&region=Americas&tier=Master,"{'map': 'all-maps', 'role': 'All', 'rq': '1', 'input': 'PC', 'region': 'Americas', 'tier': 'Master'}",All,,Americas,,,widowmaker,Widowmaker,5.4,46.5,DAMAGE,2026-05-16 15:18:25.728179+00:00,2026_05_16
36,2025-08-29 14:39:03.170554399,https://overwatch.blizzard.com/en-us/rates/data/?map=all-maps&role=All&rq=1&input=PC&region=Americas&tier=Master,"{'map': 'all-maps', 'role': 'All', 'rq': '1', 'input': 'PC', 'region': 'Americas', 'tier': 'Master'}",All,,Americas,,,winston,Winston,9.7,50.4,TANK,2026-05-16 15:18:25.728179+00:00,2026_05_16
36,2025-08-29 14:39:03.170554399,https://overwatch.blizzard.com/en-us/rates/data/?map=all-maps&role=All&rq=1&input=PC&region=Americas&tier=Master,"{'map': 'all-maps', 'role': 'All', 'rq': '1', 'input': 'PC', 'region': 'Americas', 'tier': 'Master'}",All,,Americas,,,wrecking-ball,Wrecking Ball,6.8,53.9,TANK,2026-05-16 15:18:25.728179+00:00,2026_05_16
36,2025-08-29 14:39:03.170554399,https://overwatch.blizzard.com/en-us/rates/data/?map=all-maps&role=All&rq=1&input=PC&region=Americas&tier=Master,"{'map': 'all-maps', 'role': 'All', 'rq': '1', 'input': 'PC', 'region': 'Americas', 'tier': 'Master'}",All,,Americas,,,wuyang,Wuyang,40.7,57.4,SUPPORT,2026-05-16 15:18:25.728179+00:00,2026_05_16
36,2025-08-29 14:39:03.170554399,https://overwatch.blizzard.com/en-us/rates/data/?map=all-maps&role=All&rq=1&input=PC&region=Americas&tier=Master,"{'map': 'all-maps', 'role': 'All', 'rq': '1', 'input': 'PC', 'region': 'Americas', 'tier': 'Master'}",All,,Americas,,,zarya,Zarya,8.9,55.1,TANK,2026-05-16 15:18:25.728179+00:00,2026_05_16
36,2025-08-29 14:39:03.170554399,https://overwatch.blizzard.com/en-us/rates/data/?map=all-maps&role=All&rq=1&input=PC&region=Americas&tier=Master,"{'map': 'all-maps', 'role': 'All', 'rq': '1', 'input': 'PC', 'region': 'Americas', 'tier': 'Master'}",All,,Americas,,,zenyatta,Zenyatta,6.2,47.9,SUPPORT,2026-05-16 15:18:25.728179+00:00,2026_05_16
37,2025-08-29 14:39:03.430826664,https://overwatch.blizzard.com/en-us/rates/data/?map=all-maps&role=All&rq=1&input=PC&region=Americas&tier=Grandmaster,"{'map': 'all-maps', 'role': 'All', 'rq': '1', 'input': 'PC', 'region': 'Americas', 'tier': 'Grandmaster'}",All,,Americas,,,ana,Ana,27.8,9.7,SUPPORT,2026-05-16 15:18:25.728179+00:00,2026_05_16
37,2025-08-29 14:39:03.430826664,https://overwatch.blizzard.com/en-us/rates/data/?map=all-maps&role=All&rq=1&input=PC&region=Americas&tier=Grandmaster,"{'map': 'all-maps', 'role': 'All', 'rq': '1', 'input': 'PC', 'region': 'Americas', 'tier': 'Grandmaster'}",All,,Americas,,,ashe,Ashe,3.5,71.2,DAMAGE,2026-05-16 15:18:25.728179+00:00,2026_05_16
37,2025-08-29 14:39:03.430826664,https://overwatch.blizzard.com/en-us/rates/data/?map=all-maps&role=All&rq=1&input=PC&region=Americas&tier=Grandmaster,"{'map': 'all-maps', 'role': 'All', 'rq': '1', 'input': 'PC', 'region': 'Americas', 'tier': 'Grandmaster'}",All,,Americas,,,baptiste,Baptiste,19.7,35.1,SUPPORT,2026-05-16 15:18:25.728179+00:00,2026_05_16
37,2025-08-29 14:39:03.430826664,https://overwatch.blizzard.com/en-us/rates/data/?map=all-maps&role=All&rq=1&input=PC&region=Americas&tier=Grandmaster,"{'map': 'all-maps', 'role': 'All', 'rq': '1', 'input': 'PC', 'region': 'Americas', 'tier': 'Grandmaster'}",All,,Americas,,,bastion,Bastion,9.1,0.0,DAMAGE,2026-05-16 15:18:25.728179+00:00,2026_05_16
37,2025-08-29 14:39:03.430826664,https://overwatch.blizzard.com/en-us/rates/data/?map=all-maps&role=All&rq=1&input=PC&region=Americas&tier=Grandmaster,"{'map': 'all-maps', 'role': 'All', 'rq': '1', 'input': 'PC', 'region': 'Americas', 'tier': 'Grandmaster'}",All,,Americas,,,brigitte,Brigitte,25.4,64.3,SUPPORT,2026-05-16 15:18:25.728179+00:00,2026_05_16
37,2025-08-29 14:39:03.430826664,https://overwatch.blizzard.com/en-us/rates/data/?map=all-maps&role=All&rq=1&input=PC&region=Americas&tier=Grandmaster,"{'map': 'all-maps', 'role': 'All', 'rq': '1', 'input': 'PC', 'region': 'Americas', 'tier': 'Grandmaster'}",All,,Americas,,,cassidy,Cassidy,32.1,42.5,DAMAGE,2026-05-16 15:18:25.728179+00:00,2026_05_16
37,2025-08-29 14:39:03.430826664,https://overwatch.blizzard.com/en-us/rates/data/?map=all-maps&role=All&rq=1&input=PC&region=Americas&tier=Grandmaster,"{'map': 'all-maps', 'role': 'All', 'rq': '1', 'input': 'PC', 'region': 'Americas', 'tier': 'Grandmaster'}",All,,Americas,,,dva,D.Va,38.7,62.8,TANK,2026-05-16 15:18:25.728179+00:00,2026_05_16
37,2025-08-29 14:39:03.430826664,https://overwatch.blizzard.com/en-us/rates/data/?map=all-maps&role=All&rq=1&input=PC&region=Americas&tier=Grandmaster,"{'map': 'all-maps', 'role': 'All', 'rq': '1', 'input': 'PC', 'region': 'Americas', 'tier': 'Grandmaster'}",All,,Americas,,,doomfist,Doomfist,20.5,85.4,TANK,2026-05-16 15:18:25.728179+00:00,2026_05_16
37,2025-08-29 14:39:03.430826664,https://overwatch.blizzard.com/en-us/rates/data/?map=all-maps&role=All&rq=1&input=PC&region=Americas&tier=Grandmaster,"{'map': 'all-maps', 'role': 'All', 'rq': '1', 'input': 'PC', 'region': 'Americas', 'tier': 'Grandmaster'}",All,,Americas,,,echo,Echo,20.6,89.8,DAMAGE,2026-05-16 15:18:25.728179+00:00,2026_05_16
37,2025-08-29 14:39:03.430826664,https://overwatch.blizzard.com/en-us/rates/data/?map=all-maps&role=All&rq=1&input=PC&region=Americas&tier=Grandmaster,"{'map': 'all-maps', 'role': 'All', 'rq': '1', 'input': 'PC', 'region': 'Americas', 'tier': 'Grandmaster'}",All,,Americas,,,freja,Freja,27.6,23.4,DAMAGE,2026-05-16 15:18:25.728179+00:00,2026_05_16
37,2025-08-29 14:39:03.430826664,https://overwatch.blizzard.com/en-us/rates/data/?map=all-maps&role=All&rq=1&input=PC&region=Americas&tier=Grandmaster,"{'map': 'all-maps', 'role': 'All', 'rq': '1', 'input': 'PC', 'region': 'Americas', 'tier': 'Grandmaster'}",All,,Americas,,,genji,Genji,33.7,51.5,DAMAGE,2026-05-16 15:18:25.728179+00:00,2026_05_16
37,2025-08-29 14:39:03.430826664,https://overwatch.blizzard.com/en-us/rates/data/?map=all-maps&role=All&rq=1&input=PC&region=Americas&tier=Grandmaster,"{'map': 'all-maps', 'role': 'All', 'rq': '1', 'input': 'PC', 'region': 'Americas', 'tier': 'Grandmaster'}",All,,Americas,,,hanzo,Hanzo,19.8,62.4,DAMAGE,2026-05-16 15:18:25.728179+00:00,2026_05_16
37,2025-08-29 14:39:03.430826664,https://overwatch.blizzard.com/en-us/rates/data/?map=all-maps&role=All&rq=1&input=PC&region=Americas&tier=Grandmaster,"{'map': 'all-maps', 'role': 'All', 'rq': '1', 'input': 'PC', 'region': 'Americas', 'tier': 'Grandmaster'}",All,,Americas,,,hazard,Hazard,31.9,53.9,TANK,2026-05-16 15:18:25.728179+00:00,2026_05_16
37,2025-08-29 14:39:03.430826664,https://overwatch.blizzard.com/en-us/rates/data/?map=all-maps&role=All&rq=1&input=PC&region=Americas&tier=Grandmaster,"{'map': 'all-maps', 'role': 'All', 'rq': '1', 'input': 'PC', 'region': 'Americas', 'tier': 'Grandmaster'}",All,,Americas,,,illari,Illari,19.5,61.5,SUPPORT,2026-05-16 15:18:25.728179+00:00,2026_05_16
37,2025-08-29 14:39:03.430826664,https://overwatch.blizzard.com/en-us/rates/data/?map=all-maps&role=All&rq=1&input=PC&region=Americas&tier=Grandmaster,"{'map': 'all-maps', 'role': 'All', 'rq': '1', 'input': 'PC', 'region': 'Americas', 'tier': 'Grandmaster'}",All,,Americas,,,junker-queen,Junker Queen,20.1,24.9,TANK,2026-05-16 15:18:25.728179+00:00,2026_05_16
37,2025-08-29 14:39:03.430826664,https://overwatch.blizzard.com/en-us/rates/data/?map=all-maps&role=All&rq=1&input=PC&region=Americas&tier=Grandmaster,"{'map': 'all-maps', 'role': 'All', 'rq': '1', 'input': 'PC', 'region': 'Americas', 'tier': 'Grandmaster'}",All,,Americas,,,junkrat,Junkrat,12.2,29.4,DAMAGE,2026-05-16 15:18:25.728179+00:00,2026_05_16
37,2025-08-29 14:39:03.430826664,https://overwatch.blizzard.com/en-us/rates/data/?map=all-maps&role=All&rq=1&input=PC&region=Americas&tier=Grandmaster,"{'map': 'all-maps', 'role': 'All', 'rq': '1', 'input': 'PC', 'region': 'Americas', 'tier': 'Grandmaster'}",All,,Americas,,,juno,Juno,3.0,98.6,SUPPORT,2026-05-16 15:18:25.728179+00:00,2026_05_16
37,2025-08-29 14:39:03.430826664,https://overwatch.blizzard.com/en-us/rates/data/?map=all-maps&role=All&rq=1&input=PC&region=Americas&tier=Grandmaster,"{'map': 'all-maps', 'role': 'All', 'rq': '1', 'input': 'PC', 'region': 'Americas', 'tier': 'Grandmaster'}",All,,Americas,,,kiriko,Kiriko,44.8,59.7,SUPPORT,2026-05-16 15:18:25.728179+00:00,2026_05_16
37,2025-08-29 14:39:03.430826664,https://overwatch.blizzard.com/en-us/rates/data/?map=all-maps&role=All&rq=1&input=PC&region=Americas&tier=Grandmaster,"{'map': 'all-maps', 'role': 'All', 'rq': '1', 'input': 'PC', 'region': 'Americas', 'tier': 'Grandmaster'}",All,,Americas,,,lifeweaver,Lifeweaver,12.3,2.9,SUPPORT,2026-05-16 15:18:25.728179+00:00,2026_05_16
37,2025-08-29 14:39:03.430826664,https://overwatch.blizzard.com/en-us/rates/data/?map=all-maps&role=All&rq=1&input=PC&region=Americas&tier=Grandmaster,"{'map': 'all-maps', 'role': 'All', 'rq': '1', 'input': 'PC', 'region': 'Americas', 'tier': 'Grandmaster'}",All,,Americas,,,lucio,Lúcio,24.1,44.7,SUPPORT,2026-05-16 15:18:25.728179+00:00,2026_05_16
37,2025-08-29 14:39:03.430826664,https://overwatch.blizzard.com/en-us/rates/data/?map=all-maps&role=All&rq=1&input=PC&region=Americas&tier=Grandmaster,"{'map': 'all-maps', 'role': 'All', 'rq': '1', 'input': 'PC', 'region': 'Americas', 'tier': 'Grandmaster'}",All,,Americas,,,mauga,Mauga,28.1,55.4,TANK,2026-05-16 15:18:25.728179+00:00,2026_05_16
37,2025-08-29 14:39:03.430826664,https://overwatch.blizzard.com/en-us/rates/data/?map=all-maps&role=All&rq=1&input=PC&region=Americas&tier=Grandmaster,"{'map': 'all-maps', 'role': 'All', 'rq': '1', 'input': 'PC', 'region': 'Americas', 'tier': 'Grandmaster'}",All,,Americas,,,mei,Mei,8.4,99.3,DAMAGE,2026-05-16 15:18:25.728179+00:00,2026_05_16
37,2025-08-29 14:39:03.430826664,https://overwatch.blizzard.com/en-us/rates/data/?map=all-maps&role=All&rq=1&input=PC&region=Americas&tier=Grandmaster,"{'map': 'all-maps', 'role': 'All', 'rq': '1', 'input': 'PC', 'region': 'Americas', 'tier': 'Grandmaster'}",All,,Americas,,,mercy,Mercy,-1.0,-1.0,SUPPORT,2026-05-16 15:18:25.728179+00:00,2026_05_16
37,2025-08-29 14:39:03.430826664,https://overwatch.blizzard.com/en-us/rates/data/?map=all-maps&role=All&rq=1&input=PC&region=Americas&tier=Grandmaster,"{'map': 'all-maps', 'role': 'All', 'rq': '1', 'input': 'PC', 'region': 'Americas', 'tier': 'Grandmaster'}",All,,Americas,,,moira,Moira,20.1,50.1,SUPPORT,2026-05-16 15:18:25.728179+00:00,2026_05_16
37,2025-08-29 14:39:03.430826664,https://overwatch.blizzard.com/en-us/rates/data/?map=all-maps&role=All&rq=1&input=PC&region=Americas&tier=Grandmaster,"{'map': 'all-maps', 'role': 'All', 'rq': '1', 'input': 'PC', 'region': 'Americas', 'tier': 'Grandmaster'}",All,,Americas,,,orisa,Orisa,23.0,1.2,TANK,2026-05-16 15:18:25.728179+00:00,2026_05_16
37,2025-08-29 14:39:03.430826664,https://overwatch.blizzard.com/en-us/rates/data/?map=all-maps&role=All&rq=1&input=PC&region=Americas&tier=Grandmaster,"{'map': 'all-maps', 'role': 'All', 'rq': '1', 'input': 'PC', 'region': 'Americas', 'tier': 'Grandmaster'}",All,,Americas,,,pharah,Pharah,10.2,28.8,DAMAGE,2026-05-16 15:18:25.728179+00:00,2026_05_16
37,2025-08-29 14:39:03.430826664,https://overwatch.blizzard.com/en-us/rates/data/?map=all-maps&role=All&rq=1&input=PC&region=Americas&tier=Grandmaster,"{'map': 'all-maps', 'role': 'All', 'rq': '1', 'input': 'PC', 'region': 'Americas', 'tier': 'Grandmaster'}",All,,Americas,,,ramattra,Ramattra,-1.0,-1.0,TANK,2026-05-16 15:18:25.728179+00:00,2026_05_16
37,2025-08-29 14:39:03.430826664,https://overwatch.blizzard.com/en-us/rates/data/?map=all-maps&role=All&rq=1&input=PC&region=Americas&tier=Grandmaster,"{'map': 'all-maps', 'role': 'All', 'rq': '1', 'input': 'PC', 'region': 'Americas', 'tier': 'Grandmaster'}",All,,Americas,,,reaper,Reaper,0.3,0.0,DAMAGE,2026-05-16 15:18:25.728179+00:00,2026_05_16
37,2025-08-29 14:39:03.430826664,https://overwatch.blizzard.com/en-us/rates/data/?map=all-maps&role=All&rq=1&input=PC&region=Americas&tier=Grandmaster,"{'map': 'all-maps', 'role': 'All', 'rq': '1', 'input': 'PC', 'region': 'Americas', 'tier': 'Grandmaster'}",All,,Americas,,,reinhardt,Reinhardt,8.8,0.0,TANK,2026-05-16 15:18:25.728179+00:00,2026_05_16
37,2025-08-29 14:39:03.430826664,https://overwatch.blizzard.com/en-us/rates/data/?map=all-maps&role=All&rq=1&input=PC&region=Americas&tier=Grandmaster,"{'map': 'all-maps', 'role': 'All', 'rq': '1', 'input': 'PC', 'region': 'Americas', 'tier': 'Grandmaster'}",All,,Americas,,,roadhog,Roadhog,19.5,45.3,TANK,2026-05-16 15:18:25.728179+00:00,2026_05_16
37,2025-08-29 14:39:03.430826664,https://overwatch.blizzard.com/en-us/rates/data/?map=all-maps&role=All&rq=1&input=PC&region=Americas&tier=Grandmaster,"{'map': 'all-maps', 'role': 'All', 'rq': '1', 'input': 'PC', 'region': 'Americas', 'tier': 'Grandmaster'}",All,,Americas,,,sigma,Sigma,53.0,89.2,TANK,2026-05-16 15:18:25.728179+00:00,2026_05_16
37,2025-08-29 14:39:03.430826664,https://overwatch.blizzard.com/en-us/rates/data/?map=all-maps&role=All&rq=1&input=PC&region=Americas&tier=Grandmaster,"{'map': 'all-maps', 'role': 'All', 'rq': '1', 'input': 'PC', 'region': 'Americas', 'tier': 'Grandmaster'}",All,,Americas,,,sojourn,Sojourn,25.1,47.5,DAMAGE,2026-05-16 15:18:25.728179+00:00,2026_05_16
37,2025-08-29 14:39:03.430826664,https://overwatch.blizzard.com/en-us/rates/data/?map=all-maps&role=All&rq=1&input=PC&region=Americas&tier=Grandmaster,"{'map': 'all-maps', 'role': 'All', 'rq': '1', 'input': 'PC', 'region': 'Americas', 'tier': 'Grandmaster'}",All,,Americas,,,soldier-76,Soldier: 76,21.1,43.5,DAMAGE,2026-05-16 15:18:25.728179+00:00,2026_05_16
37,2025-08-29 14:39:03.430826664,https://overwatch.blizzard.com/en-us/rates/data/?map=all-maps&role=All&rq=1&input=PC&region=Americas&tier=Grandmaster,"{'map': 'all-maps', 'role': 'All', 'rq': '1', 'input': 'PC', 'region': 'Americas', 'tier': 'Grandmaster'}",All,,Americas,,,sombra,Sombra,5.4,4.0,DAMAGE,2026-05-16 15:18:25.728179+00:00,2026_05_16
37,2025-08-29 14:39:03.430826664,https://overwatch.blizzard.com/en-us/rates/data/?map=all-maps&role=All&rq=1&input=PC&region=Americas&tier=Grandmaster,"{'map': 'all-maps', 'role': 'All', 'rq': '1', 'input': 'PC', 'region': 'Americas', 'tier': 'Grandmaster'}",All,,Americas,,,symmetra,Symmetra,24.0,50.7,DAMAGE,2026-05-16 15:18:25.728179+00:00,2026_05_16
37,2025-08-29 14:39:03.430826664,https://overwatch.blizzard.com/en-us/rates/data/?map=all-maps&role=All&rq=1&input=PC&region=Americas&tier=Grandmaster,"{'map': 'all-maps', 'role': 'All', 'rq': '1', 'input': 'PC', 'region': 'Americas', 'tier': 'Grandmaster'}",All,,Americas,,,torbjorn,Torbjörn,7.5,95.5,DAMAGE,2026-05-16 15:18:25.728179+00:00,2026_05_16
37,2025-08-29 14:39:03.430826664,https://overwatch.blizzard.com/en-us/rates/data/?map=all-maps&role=All&rq=1&input=PC&region=Americas&tier=Grandmaster,"{'map': 'all-maps', 'role': 'All', 'rq': '1', 'input': 'PC', 'region': 'Americas', 'tier': 'Grandmaster'}",All,,Americas,,,tracer,Tracer,44.7,80.6,DAMAGE,2026-05-16 15:18:25.728179+00:00,2026_05_16
37,2025-08-29 14:39:03.430826664,https://overwatch.blizzard.com/en-us/rates/data/?map=all-maps&role=All&rq=1&input=PC&region=Americas&tier=Grandmaster,"{'map': 'all-maps', 'role': 'All', 'rq': '1', 'input': 'PC', 'region': 'Americas', 'tier': 'Grandmaster'}",All,,Americas,,,venture,Venture,9.6,17.9,DAMAGE,2026-05-16 15:18:25.728179+00:00,2026_05_16
37,2025-08-29 14:39:03.430826664,https://overwatch.blizzard.com/en-us/rates/data/?map=all-maps&role=All&rq=1&input=PC&region=Americas&tier=Grandmaster,"{'map': 'all-maps', 'role': 'All', 'rq': '1', 'input': 'PC', 'region': 'Americas', 'tier': 'Grandmaster'}",All,,Americas,,,widowmaker,Widowmaker,9.3,0.2,DAMAGE,2026-05-16 15:18:25.728179+00:00,2026_05_16
37,2025-08-29 14:39:03.430826664,https://overwatch.blizzard.com/en-us/rates/data/?map=all-maps&role=All&rq=1&input=PC&region=Americas&tier=Grandmaster,"{'map': 'all-maps', 'role': 'All', 'rq': '1', 'input': 'PC', 'region': 'Americas', 'tier': 'Grandmaster'}",All,,Americas,,,winston,Winston,25.1,41.4,TANK,2026-05-16 15:18:25.728179+00:00,2026_05_16
37,2025-08-29 14:39:03.430826664,https://overwatch.blizzard.com/en-us/rates/data/?map=all-maps&role=All&rq=1&input=PC&region=Americas&tier=Grandmaster,"{'map': 'all-maps', 'role': 'All', 'rq': '1', 'input': 'PC', 'region': 'Americas', 'tier': 'Grandmaster'}",All,,Americas,,,wrecking-ball,Wrecking Ball,21.7,7.7,TANK,2026-05-16 15:18:25.728179+00:00,2026_05_16
37,2025-08-29 14:39:03.430826664,https://overwatch.blizzard.com/en-us/rates/data/?map=all-maps&role=All&rq=1&input=PC&region=Americas&tier=Grandmaster,"{'map': 'all-maps', 'role': 'All', 'rq': '1', 'input': 'PC', 'region': 'Americas', 'tier': 'Grandmaster'}",All,,Americas,,,wuyang,Wuyang,75.4,48.6,SUPPORT,2026-05-16 15:18:25.728179+00:00,2026_05_16
37,2025-08-29 14:39:03.430826664,https://overwatch.blizzard.com/en-us/rates/data/?map=all-maps&role=All&rq=1&input=PC&region=Americas&tier=Grandmaster,"{'map': 'all-maps', 'role': 'All', 'rq': '1', 'input': 'PC', 'region': 'Americas', 'tier': 'Grandmaster'}",All,,Americas,,,zarya,Zarya,15.0,56.9,TANK,2026-05-16 15:18:25.728179+00:00,2026_05_16
37,2025-08-29 14:39:03.430826664,https://overwatch.blizzard.com/en-us/rates/data/?map=all-maps&role=All&rq=1&input=PC&region=Americas&tier=Grandmaster,"{'map': 'all-maps', 'role': 'All', 'rq': '1', 'input': 'PC', 'region': 'Americas', 'tier': 'Grandmaster'}",All,,Americas,,,zenyatta,Zenyatta,6.4,100.0,SUPPORT,2026-05-16 15:18:25.728179+00:00,2026_05_16
38,2025-08-29 14:39:03.698563099,https://overwatch.blizzard.com/en-us/rates/data/?map=all-maps&role=All&rq=1&input=PC&region=Asia&tier=All,"{'map': 'all-maps', 'role': 'All', 'rq': '1', 'input': 'PC', 'region': 'Asia', 'tier': 'All'}",All,,Asia,,,ana,Ana,47.3,49.8,SUPPORT,2026-05-16 15:18:25.728179+00:00,2026_05_16
38,2025-08-29 14:39:03.698563099,https://overwatch.blizzard.com/en-us/rates/data/?map=all-maps&role=All&rq=1&input=PC&region=Asia&tier=All,"{'map': 'all-maps', 'role': 'All', 'rq': '1', 'input': 'PC', 'region': 'Asia', 'tier': 'All'}",All,,Asia,,,ashe,Ashe,9.7,49.6,DAMAGE,2026-05-16 15:18:25.728179+00:00,2026_05_16
38,2025-08-29 14:39:03.698563099,https://overwatch.blizzard.com/en-us/rates/data/?map=all-maps&role=All&rq=1&input=PC&region=Asia&tier=All,"{'map': 'all-maps', 'role': 'All', 'rq': '1', 'input': 'PC', 'region': 'Asia', 'tier': 'All'}",All,,Asia,,,baptiste,Baptiste,11.0,46.7,SUPPORT,2026-05-16 15:18:25.728179+00:00,2026_05_16
38,2025-08-29 14:39:03.698563099,https://overwatch.blizzard.com/en-us/rates/data/?map=all-maps&role=All&rq=1&input=PC&region=Asia&tier=All,"{'map': 'all-maps', 'role': 'All', 'rq': '1', 'input': 'PC', 'region': 'Asia', 'tier': 'All'}",All,,Asia,,,bastion,Bastion,5.5,46.9,DAMAGE,2026-05-16 15:18:25.728179+00:00,2026_05_16
38,2025-08-29 14:39:03.698563099,https://overwatch.blizzard.com/en-us/rates/data/?map=all-maps&role=All&rq=1&input=PC&region=Asia&tier=All,"{'map': 'all-maps', 'role': 'All', 'rq': '1', 'input': 'PC', 'region': 'Asia', 'tier': 'All'}",All,,Asia,,,brigitte,Brigitte,5.0,45.7,SUPPORT,2026-05-16 15:18:25.728179+00:00,2026_05_16
38,2025-08-29 14:39:03.698563099,https://overwatch.blizzard.com/en-us/rates/data/?map=all-maps&role=All&rq=1&input=PC&region=Asia&tier=All,"{'map': 'all-maps', 'role': 'All', 'rq': '1', 'input': 'PC', 'region': 'Asia', 'tier': 'All'}",All,,Asia,,,cassidy,Cassidy,34.2,46.9,DAMAGE,2026-05-16 15:18:25.728179+00:00,2026_05_16
38,2025-08-29 14:39:03.698563099,https://overwatch.blizzard.com/en-us/rates/data/?map=all-maps&role=All&rq=1&input=PC&region=Asia&tier=All,"{'map': 'all-maps', 'role': 'All', 'rq': '1', 'input': 'PC', 'region': 'Asia', 'tier': 'All'}",All,,Asia,,,dva,D.Va,9.8,48.8,TANK,2026-05-16 15:18:25.728179+00:00,2026_05_16
38,2025-08-29 14:39:03.698563099,https://overwatch.blizzard.com/en-us/rates/data/?map=all-maps&role=All&rq=1&input=PC&region=Asia&tier=All,"{'map': 'all-maps', 'role': 'All', 'rq': '1', 'input': 'PC', 'region': 'Asia', 'tier': 'All'}",All,,Asia,,,doomfist,Doomfist,7.4,53.4,TANK,2026-05-16 15:18:25.728179+00:00,2026_05_16
38,2025-08-29 14:39:03.698563099,https://overwatch.blizzard.com/en-us/rates/data/?map=all-maps&role=All&rq=1&input=PC&region=Asia&tier=All,"{'map': 'all-maps', 'role': 'All', 'rq': '1', 'input': 'PC', 'region': 'Asia', 'tier': 'All'}",All,,Asia,,,echo,Echo,3.9,49.8,DAMAGE,2026-05-16 15:18:25.728179+00:00,2026_05_16
38,2025-08-29 14:39:03.698563099,https://overwatch.blizzard.com/en-us/rates/data/?map=all-maps&role=All&rq=1&input=PC&region=Asia&tier=All,"{'map': 'all-maps', 'role': 'All', 'rq': '1', 'input': 'PC', 'region': 'Asia', 'tier': 'All'}",All,,Asia,,,freja,Freja,4.2,47.9,DAMAGE,2026-05-16 15:18:25.728179+00:00,2026_05_16
38,2025-08-29 14:39:03.698563099,https://overwatch.blizzard.com/en-us/rates/data/?map=all-maps&role=All&rq=1&input=PC&region=Asia&tier=All,"{'map': 'all-maps', 'role': 'All', 'rq': '1', 'input': 'PC', 'region': 'Asia', 'tier': 'All'}",All,,Asia,,,genji,Genji,24.9,54.6,DAMAGE,2026-05-16 15:18:25.728179+00:00,2026_05_16
38,2025-08-29 14:39:03.698563099,https://overwatch.blizzard.com/en-us/rates/data/?map=all-maps&role=All&rq=1&input=PC&region=Asia&tier=All,"{'map': 'all-maps', 'role': 'All', 'rq': '1', 'input': 'PC', 'region': 'Asia', 'tier': 'All'}",All,,Asia,,,hanzo,Hanzo,15.3,51.2,DAMAGE,2026-05-16 15:18:25.728179+00:00,2026_05_16
38,2025-08-29 14:39:03.698563099,https://overwatch.blizzard.com/en-us/rates/data/?map=all-maps&role=All&rq=1&input=PC&region=Asia&tier=All,"{'map': 'all-maps', 'role': 'All', 'rq': '1', 'input': 'PC', 'region': 'Asia', 'tier': 'All'}",All,,Asia,,,hazard,Hazard,7.2,53.4,TANK,2026-05-16 15:18:25.728179+00:00,2026_05_16
38,2025-08-29 14:39:03.698563099,https://overwatch.blizzard.com/en-us/rates/data/?map=all-maps&role=All&rq=1&input=PC&region=Asia&tier=All,"{'map': 'all-maps', 'role': 'All', 'rq': '1', 'input': 'PC', 'region': 'Asia', 'tier': 'All'}",All,,Asia,,,illari,Illari,5.9,50.9,SUPPORT,2026-05-16 15:18:25.728179+00:00,2026_05_16
38,2025-08-29 14:39:03.698563099,https://overwatch.blizzard.com/en-us/rates/data/?map=all-maps&role=All&rq=1&input=PC&region=Asia&tier=All,"{'map': 'all-maps', 'role': 'All', 'rq': '1', 'input': 'PC', 'region': 'Asia', 'tier': 'All'}",All,,Asia,,,junker-queen,Junker Queen,5.9,54.7,TANK,2026-05-16 15:18:25.728179+00:00,2026_05_16
38,2025-08-29 14:39:03.698563099,https://overwatch.blizzard.com/en-us/rates/data/?map=all-maps&role=All&rq=1&input=PC&region=Asia&tier=All,"{'map': 'all-maps', 'role': 'All', 'rq': '1', 'input': 'PC', 'region': 'Asia', 'tier': 'All'}",All,,Asia,,,junkrat,Junkrat,5.0,45.5,DAMAGE,2026-05-16 15:18:25.728179+00:00,2026_05_16
38,2025-08-29 14:39:03.698563099,https://overwatch.blizzard.com/en-us/rates/data/?map=all-maps&role=All&rq=1&input=PC&region=Asia&tier=All,"{'map': 'all-maps', 'role': 'All', 'rq': '1', 'input': 'PC', 'region': 'Asia', 'tier': 'All'}",All,,Asia,,,juno,Juno,13.3,49.2,SUPPORT,2026-05-16 15:18:25.728179+00:00,2026_05_16
38,2025-08-29 14:39:03.698563099,https://overwatch.blizzard.com/en-us/rates/data/?map=all-maps&role=All&rq=1&input=PC&region=Asia&tier=All,"{'map': 'all-maps', 'role': 'All', 'rq': '1', 'input': 'PC', 'region': 'Asia', 'tier': 'All'}",All,,Asia,,,kiriko,Kiriko,35.2,48.0,SUPPORT,2026-05-16 15:18:25.728179+00:00,2026_05_16
38,2025-08-29 14:39:03.698563099,https://overwatch.blizzard.com/en-us/rates/data/?map=all-maps&role=All&rq=1&input=PC&region=Asia&tier=All,"{'map': 'all-maps', 'role': 'All', 'rq': '1', 'input': 'PC', 'region': 'Asia', 'tier': 'All'}",All,,Asia,,,lifeweaver,Lifeweaver,5.5,42.2,SUPPORT,2026-05-16 15:18:25.728179+00:00,2026_05_16
38,2025-08-29 14:39:03.698563099,https://overwatch.blizzard.com/en-us/rates/data/?map=all-maps&role=All&rq=1&input=PC&region=Asia&tier=All,"{'map': 'all-maps', 'role': 'All', 'rq': '1', 'input': 'PC', 'region': 'Asia', 'tier': 'All'}",All,,Asia,,,lucio,Lúcio,8.8,51.5,SUPPORT,2026-05-16 15:18:25.728179+00:00,2026_05_16
38,2025-08-29 14:39:03.698563099,https://overwatch.blizzard.com/en-us/rates/data/?map=all-maps&role=All&rq=1&input=PC&region=Asia&tier=All,"{'map': 'all-maps', 'role': 'All', 'rq': '1', 'input': 'PC', 'region': 'Asia', 'tier': 'All'}",All,,Asia,,,mauga,Mauga,3.6,45.6,TANK,2026-05-16 15:18:25.728179+00:00,2026_05_16
38,2025-08-29 14:39:03.698563099,https://overwatch.blizzard.com/en-us/rates/data/?map=all-maps&role=All&rq=1&input=PC&region=Asia&tier=All,"{'map': 'all-maps', 'role': 'All', 'rq': '1', 'input': 'PC', 'region': 'Asia', 'tier': 'All'}",All,,Asia,,,mei,Mei,7.6,47.3,DAMAGE,2026-05-16 15:18:25.728179+00:00,2026_05_16
38,2025-08-29 14:39:03.698563099,https://overwatch.blizzard.com/en-us/rates/data/?map=all-maps&role=All&rq=1&input=PC&region=Asia&tier=All,"{'map': 'all-maps', 'role': 'All', 'rq': '1', 'input': 'PC', 'region': 'Asia', 'tier': 'All'}",All,,Asia,,,mercy,Mercy,9.3,47.7,SUPPORT,2026-05-16 15:18:25.728179+00:00,2026_05_16
38,2025-08-29 14:39:03.698563099,https://overwatch.blizzard.com/en-us/rates/data/?map=all-maps&role=All&rq=1&input=PC&region=Asia&tier=All,"{'map': 'all-maps', 'role': 'All', 'rq': '1', 'input': 'PC', 'region': 'Asia', 'tier': 'All'}",All,,Asia,,,moira,Moira,15.9,46.1,SUPPORT,2026-05-16 15:18:25.728179+00:00,2026_05_16
38,2025-08-29 14:39:03.698563099,https://overwatch.blizzard.com/en-us/rates/data/?map=all-maps&role=All&rq=1&input=PC&region=Asia&tier=All,"{'map': 'all-maps', 'role': 'All', 'rq': '1', 'input': 'PC', 'region': 'Asia', 'tier': 'All'}",All,,Asia,,,orisa,Orisa,13.5,46.1,TANK,2026-05-16 15:18:25.728179+00:00,2026_05_16
38,2025-08-29 14:39:03.698563099,https://overwatch.blizzard.com/en-us/rates/data/?map=all-maps&role=All&rq=1&input=PC&region=Asia&tier=All,"{'map': 'all-maps', 'role': 'All', 'rq': '1', 'input': 'PC', 'region': 'Asia', 'tier': 'All'}",All,,Asia,,,pharah,Pharah,6.2,49.5,DAMAGE,2026-05-16 15:18:25.728179+00:00,2026_05_16
38,2025-08-29 14:39:03.698563099,https://overwatch.blizzard.com/en-us/rates/data/?map=all-maps&role=All&rq=1&input=PC&region=Asia&tier=All,"{'map': 'all-maps', 'role': 'All', 'rq': '1', 'input': 'PC', 'region': 'Asia', 'tier': 'All'}",All,,Asia,,,ramattra,Ramattra,6.7,45.8,TANK,2026-05-16 15:18:25.728179+00:00,2026_05_16
38,2025-08-29 14:39:03.698563099,https://overwatch.blizzard.com/en-us/rates/data/?map=all-maps&role=All&rq=1&input=PC&region=Asia&tier=All,"{'map': 'all-maps', 'role': 'All', 'rq': '1', 'input': 'PC', 'region': 'Asia', 'tier': 'All'}",All,,Asia,,,reaper,Reaper,9.9,52.4,DAMAGE,2026-05-16 15:18:25.728179+00:00,2026_05_16
38,2025-08-29 14:39:03.698563099,https://overwatch.blizzard.com/en-us/rates/data/?map=all-maps&role=All&rq=1&input=PC&region=Asia&tier=All,"{'map': 'all-maps', 'role': 'All', 'rq': '1', 'input': 'PC', 'region': 'Asia', 'tier': 'All'}",All,,Asia,,,reinhardt,Reinhardt,9.5,50.0,TANK,2026-05-16 15:18:25.728179+00:00,2026_05_16
38,2025-08-29 14:39:03.698563099,https://overwatch.blizzard.com/en-us/rates/data/?map=all-maps&role=All&rq=1&input=PC&region=Asia&tier=All,"{'map': 'all-maps', 'role': 'All', 'rq': '1', 'input': 'PC', 'region': 'Asia', 'tier': 'All'}",All,,Asia,,,roadhog,Roadhog,3.7,32.3,TANK,2026-05-16 15:18:25.728179+00:00,2026_05_16
38,2025-08-29 14:39:03.698563099,https://overwatch.blizzard.com/en-us/rates/data/?map=all-maps&role=All&rq=1&input=PC&region=Asia&tier=All,"{'map': 'all-maps', 'role': 'All', 'rq': '1', 'input': 'PC', 'region': 'Asia', 'tier': 'All'}",All,,Asia,,,sigma,Sigma,11.4,53.2,TANK,2026-05-16 15:18:25.728179+00:00,2026_05_16
38,2025-08-29 14:39:03.698563099,https://overwatch.blizzard.com/en-us/rates/data/?map=all-maps&role=All&rq=1&input=PC&region=Asia&tier=All,"{'map': 'all-maps', 'role': 'All', 'rq': '1', 'input': 'PC', 'region': 'Asia', 'tier': 'All'}",All,,Asia,,,sojourn,Sojourn,18.1,46.3,DAMAGE,2026-05-16 15:18:25.728179+00:00,2026_05_16
38,2025-08-29 14:39:03.698563099,https://overwatch.blizzard.com/en-us/rates/data/?map=all-maps&role=All&rq=1&input=PC&region=Asia&tier=All,"{'map': 'all-maps', 'role': 'All', 'rq': '1', 'input': 'PC', 'region': 'Asia', 'tier': 'All'}",All,,Asia,,,soldier-76,Soldier: 76,18.2,48.1,DAMAGE,2026-05-16 15:18:25.728179+00:00,2026_05_16
38,2025-08-29 14:39:03.698563099,https://overwatch.blizzard.com/en-us/rates/data/?map=all-maps&role=All&rq=1&input=PC&region=Asia&tier=All,"{'map': 'all-maps', 'role': 'All', 'rq': '1', 'input': 'PC', 'region': 'Asia', 'tier': 'All'}",All,,Asia,,,sombra,Sombra,2.9,47.6,DAMAGE,2026-05-16 15:18:25.728179+00:00,2026_05_16
38,2025-08-29 14:39:03.698563099,https://overwatch.blizzard.com/en-us/rates/data/?map=all-maps&role=All&rq=1&input=PC&region=Asia&tier=All,"{'map': 'all-maps', 'role': 'All', 'rq': '1', 'input': 'PC', 'region': 'Asia', 'tier': 'All'}",All,,Asia,,,symmetra,Symmetra,5.1,53.3,DAMAGE,2026-05-16 15:18:25.728179+00:00,2026_05_16
38,2025-08-29 14:39:03.698563099,https://overwatch.blizzard.com/en-us/rates/data/?map=all-maps&role=All&rq=1&input=PC&region=Asia&tier=All,"{'map': 'all-maps', 'role': 'All', 'rq': '1', 'input': 'PC', 'region': 'Asia', 'tier': 'All'}",All,,Asia,,,torbjorn,Torbjörn,4.5,48.1,DAMAGE,2026-05-16 15:18:25.728179+00:00,2026_05_16
38,2025-08-29 14:39:03.698563099,https://overwatch.blizzard.com/en-us/rates/data/?map=all-maps&role=All&rq=1&input=PC&region=Asia&tier=All,"{'map': 'all-maps', 'role': 'All', 'rq': '1', 'input': 'PC', 'region': 'Asia', 'tier': 'All'}",All,,Asia,,,tracer,Tracer,13.0,52.0,DAMAGE,2026-05-16 15:18:25.728179+00:00,2026_05_16
38,2025-08-29 14:39:03.698563099,https://overwatch.blizzard.com/en-us/rates/data/?map=all-maps&role=All&rq=1&input=PC&region=Asia&tier=All,"{'map': 'all-maps', 'role': 'All', 'rq': '1', 'input': 'PC', 'region': 'Asia', 'tier': 'All'}",All,,Asia,,,venture,Venture,7.0,53.5,DAMAGE,2026-05-16 15:18:25.728179+00:00,2026_05_16
38,2025-08-29 14:39:03.698563099,https://overwatch.blizzard.com/en-us/rates/data/?map=all-maps&role=All&rq=1&input=PC&region=Asia&tier=All,"{'map': 'all-maps', 'role': 'All', 'rq': '1', 'input': 'PC', 'region': 'Asia', 'tier': 'All'}",All,,Asia,,,widowmaker,Widowmaker,4.6,47.8,DAMAGE,2026-05-16 15:18:25.728179+00:00,2026_05_16
38,2025-08-29 14:39:03.698563099,https://overwatch.blizzard.com/en-us/rates/data/?map=all-maps&role=All&rq=1&input=PC&region=Asia&tier=All,"{'map': 'all-maps', 'role': 'All', 'rq': '1', 'input': 'PC', 'region': 'Asia', 'tier': 'All'}",All,,Asia,,,winston,Winston,9.4,51.1,TANK,2026-05-16 15:18:25.728179+00:00,2026_05_16
38,2025-08-29 14:39:03.698563099,https://overwatch.blizzard.com/en-us/rates/data/?map=all-maps&role=All&rq=1&input=PC&region=Asia&tier=All,"{'map': 'all-maps', 'role': 'All', 'rq': '1', 'input': 'PC', 'region': 'Asia', 'tier': 'All'}",All,,Asia,,,wrecking-ball,Wrecking Ball,3.1,54.1,TANK,2026-05-16 15:18:25.728179+00:00,2026_05_16
38,2025-08-29 14:39:03.698563099,https://overwatch.blizzard.com/en-us/rates/data/?map=all-maps&role=All&rq=1&input=PC&region=Asia&tier=All,"{'map': 'all-maps', 'role': 'All', 'rq': '1', 'input': 'PC', 'region': 'Asia', 'tier': 'All'}",All,,Asia,,,wuyang,Wuyang,28.5,56.7,SUPPORT,2026-05-16 15:18:25.728179+00:00,2026_05_16
38,2025-08-29 14:39:03.698563099,https://overwatch.blizzard.com/en-us/rates/data/?map=all-maps&role=All&rq=1&input=PC&region=Asia&tier=All,"{'map': 'all-maps', 'role': 'All', 'rq': '1', 'input': 'PC', 'region': 'Asia', 'tier': 'All'}",All,,Asia,,,zarya,Zarya,8.7,50.8,TANK,2026-05-16 15:18:25.728179+00:00,2026_05_16
38,2025-08-29 14:39:03.698563099,https://overwatch.blizzard.com/en-us/rates/data/?map=all-maps&role=All&rq=1&input=PC&region=Asia&tier=All,"{'map': 'all-maps', 'role': 'All', 'rq': '1', 'input': 'PC', 'region': 'Asia', 'tier': 'All'}",All,,Asia,,,zenyatta,Zenyatta,14.3,52.3,SUPPORT,2026-05-16 15:18:25.728179+00:00,2026_05_16
39,2025-08-29 14:39:03.957506180,https://overwatch.blizzard.com/en-us/rates/data/?map=all-maps&role=All&rq=1&input=PC&region=Asia&tier=Bronze,"{'map': 'all-maps', 'role': 'All', 'rq': '1', 'input': 'PC', 'region': 'Asia', 'tier': 'Bronze'}",All,,Asia,,,ana,Ana,25.6,49.9,SUPPORT,2026-05-16 15:18:25.728179+00:00,2026_05_16
39,2025-08-29 14:39:03.957506180,https://overwatch.blizzard.com/en-us/rates/data/?map=all-maps&role=All&rq=1&input=PC&region=Asia&tier=Bronze,"{'map': 'all-maps', 'role': 'All', 'rq': '1', 'input': 'PC', 'region': 'Asia', 'tier': 'Bronze'}",All,,Asia,,,ashe,Ashe,9.8,51.1,DAMAGE,2026-05-16 15:18:25.728179+00:00,2026_05_16
39,2025-08-29 14:39:03.957506180,https://overwatch.blizzard.com/en-us/rates/data/?map=all-maps&role=All&rq=1&input=PC&region=Asia&tier=Bronze,"{'map': 'all-maps', 'role': 'All', 'rq': '1', 'input': 'PC', 'region': 'Asia', 'tier': 'Bronze'}",All,,Asia,,,baptiste,Baptiste,9.4,46.3,SUPPORT,2026-05-16 15:18:25.728179+00:00,2026_05_16
39,2025-08-29 14:39:03.957506180,https://overwatch.blizzard.com/en-us/rates/data/?map=all-maps&role=All&rq=1&input=PC&region=Asia&tier=Bronze,"{'map': 'all-maps', 'role': 'All', 'rq': '1', 'input': 'PC', 'region': 'Asia', 'tier': 'Bronze'}",All,,Asia,,,bastion,Bastion,13.4,49.0,DAMAGE,2026-05-16 15:18:25.728179+00:00,2026_05_16
39,2025-08-29 14:39:03.957506180,https://overwatch.blizzard.com/en-us/rates/data/?map=all-maps&role=All&rq=1&input=PC&region=Asia&tier=Bronze,"{'map': 'all-maps', 'role': 'All', 'rq': '1', 'input': 'PC', 'region': 'Asia', 'tier': 'Bronze'}",All,,Asia,,,brigitte,Brigitte,2.7,47.5,SUPPORT,2026-05-16 15:18:25.728179+00:00,2026_05_16
39,2025-08-29 14:39:03.957506180,https://overwatch.blizzard.com/en-us/rates/data/?map=all-maps&role=All&rq=1&input=PC&region=Asia&tier=Bronze,"{'map': 'all-maps', 'role': 'All', 'rq': '1', 'input': 'PC', 'region': 'Asia', 'tier': 'Bronze'}",All,,Asia,,,cassidy,Cassidy,22.0,49.3,DAMAGE,2026-05-16 15:18:25.728179+00:00,2026_05_16
39,2025-08-29 14:39:03.957506180,https://overwatch.blizzard.com/en-us/rates/data/?map=all-maps&role=All&rq=1&input=PC&region=Asia&tier=Bronze,"{'map': 'all-maps', 'role': 'All', 'rq': '1', 'input': 'PC', 'region': 'Asia', 'tier': 'Bronze'}",All,,Asia,,,dva,D.Va,12.1,45.6,TANK,2026-05-16 15:18:25.728179+00:00,2026_05_16
39,2025-08-29 14:39:03.957506180,https://overwatch.blizzard.com/en-us/rates/data/?map=all-maps&role=All&rq=1&input=PC&region=Asia&tier=Bronze,"{'map': 'all-maps', 'role': 'All', 'rq': '1', 'input': 'PC', 'region': 'Asia', 'tier': 'Bronze'}",All,,Asia,,,doomfist,Doomfist,3.4,55.1,TANK,2026-05-16 15:18:25.728179+00:00,2026_05_16
39,2025-08-29 14:39:03.957506180,https://overwatch.blizzard.com/en-us/rates/data/?map=all-maps&role=All&rq=1&input=PC&region=Asia&tier=Bronze,"{'map': 'all-maps', 'role': 'All', 'rq': '1', 'input': 'PC', 'region': 'Asia', 'tier': 'Bronze'}",All,,Asia,,,echo,Echo,3.5,47.6,DAMAGE,2026-05-16 15:18:25.728179+00:00,2026_05_16
39,2025-08-29 14:39:03.957506180,https://overwatch.blizzard.com/en-us/rates/data/?map=all-maps&role=All&rq=1&input=PC&region=Asia&tier=Bronze,"{'map': 'all-maps', 'role': 'All', 'rq': '1', 'input': 'PC', 'region': 'Asia', 'tier': 'Bronze'}",All,,Asia,,,freja,Freja,5.0,52.4,DAMAGE,2026-05-16 15:18:25.728179+00:00,2026_05_16
39,2025-08-29 14:39:03.957506180,https://overwatch.blizzard.com/en-us/rates/data/?map=all-maps&role=All&rq=1&input=PC&region=Asia&tier=Bronze,"{'map': 'all-maps', 'role': 'All', 'rq': '1', 'input': 'PC', 'region': 'Asia', 'tier': 'Bronze'}",All,,Asia,,,genji,Genji,13.3,51.0,DAMAGE,2026-05-16 15:18:25.728179+00:00,2026_05_16
39,2025-08-29 14:39:03.957506180,https://overwatch.blizzard.com/en-us/rates/data/?map=all-maps&role=All&rq=1&input=PC&region=Asia&tier=Bronze,"{'map': 'all-maps', 'role': 'All', 'rq': '1', 'input': 'PC', 'region': 'Asia', 'tier': 'Bronze'}",All,,Asia,,,hanzo,Hanzo,11.4,51.5,DAMAGE,2026-05-16 15:18:25.728179+00:00,2026_05_16
39,2025-08-29 14:39:03.957506180,https://overwatch.blizzard.com/en-us/rates/data/?map=all-maps&role=All&rq=1&input=PC&region=Asia&tier=Bronze,"{'map': 'all-maps', 'role': 'All', 'rq': '1', 'input': 'PC', 'region': 'Asia', 'tier': 'Bronze'}",All,,Asia,,,hazard,Hazard,4.5,53.1,TANK,2026-05-16 15:18:25.728179+00:00,2026_05_16
39,2025-08-29 14:39:03.957506180,https://overwatch.blizzard.com/en-us/rates/data/?map=all-maps&role=All&rq=1&input=PC&region=Asia&tier=Bronze,"{'map': 'all-maps', 'role': 'All', 'rq': '1', 'input': 'PC', 'region': 'Asia', 'tier': 'Bronze'}",All,,Asia,,,illari,Illari,6.3,51.4,SUPPORT,2026-05-16 15:18:25.728179+00:00,2026_05_16
39,2025-08-29 14:39:03.957506180,https://overwatch.blizzard.com/en-us/rates/data/?map=all-maps&role=All&rq=1&input=PC&region=Asia&tier=Bronze,"{'map': 'all-maps', 'role': 'All', 'rq': '1', 'input': 'PC', 'region': 'Asia', 'tier': 'Bronze'}",All,,Asia,,,junker-queen,Junker Queen,4.1,57.6,TANK,2026-05-16 15:18:25.728179+00:00,2026_05_16
39,2025-08-29 14:39:03.957506180,https://overwatch.blizzard.com/en-us/rates/data/?map=all-maps&role=All&rq=1&input=PC&region=Asia&tier=Bronze,"{'map': 'all-maps', 'role': 'All', 'rq': '1', 'input': 'PC', 'region': 'Asia', 'tier': 'Bronze'}",All,,Asia,,,junkrat,Junkrat,9.2,45.8,DAMAGE,2026-05-16 15:18:25.728179+00:00,2026_05_16
39,2025-08-29 14:39:03.957506180,https://overwatch.blizzard.com/en-us/rates/data/?map=all-maps&role=All&rq=1&input=PC&region=Asia&tier=Bronze,"{'map': 'all-maps', 'role': 'All', 'rq': '1', 'input': 'PC', 'region': 'Asia', 'tier': 'Bronze'}",All,,Asia,,,juno,Juno,25.4,47.4,SUPPORT,2026-05-16 15:18:25.728179+00:00,2026_05_16
39,2025-08-29 14:39:03.957506180,https://overwatch.blizzard.com/en-us/rates/data/?map=all-maps&role=All&rq=1&input=PC&region=Asia&tier=Bronze,"{'map': 'all-maps', 'role': 'All', 'rq': '1', 'input': 'PC', 'region': 'Asia', 'tier': 'Bronze'}",All,,Asia,,,kiriko,Kiriko,39.4,50.8,SUPPORT,2026-05-16 15:18:25.728179+00:00,2026_05_16
39,2025-08-29 14:39:03.957506180,https://overwatch.blizzard.com/en-us/rates/data/?map=all-maps&role=All&rq=1&input=PC&region=Asia&tier=Bronze,"{'map': 'all-maps', 'role': 'All', 'rq': '1', 'input': 'PC', 'region': 'Asia', 'tier': 'Bronze'}",All,,Asia,,,lifeweaver,Lifeweaver,6.9,38.5,SUPPORT,2026-05-16 15:18:25.728179+00:00,2026_05_16
39,2025-08-29 14:39:03.957506180,https://overwatch.blizzard.com/en-us/rates/data/?map=all-maps&role=All&rq=1&input=PC&region=Asia&tier=Bronze,"{'map': 'all-maps', 'role': 'All', 'rq': '1', 'input': 'PC', 'region': 'Asia', 'tier': 'Bronze'}",All,,Asia,,,lucio,Lúcio,10.7,48.9,SUPPORT,2026-05-16 15:18:25.728179+00:00,2026_05_16
39,2025-08-29 14:39:03.957506180,https://overwatch.blizzard.com/en-us/rates/data/?map=all-maps&role=All&rq=1&input=PC&region=Asia&tier=Bronze,"{'map': 'all-maps', 'role': 'All', 'rq': '1', 'input': 'PC', 'region': 'Asia', 'tier': 'Bronze'}",All,,Asia,,,mauga,Mauga,4.5,45.3,TANK,2026-05-16 15:18:25.728179+00:00,2026_05_16
39,2025-08-29 14:39:03.957506180,https://overwatch.blizzard.com/en-us/rates/data/?map=all-maps&role=All&rq=1&input=PC&region=Asia&tier=Bronze,"{'map': 'all-maps', 'role': 'All', 'rq': '1', 'input': 'PC', 'region': 'Asia', 'tier': 'Bronze'}",All,,Asia,,,mei,Mei,8.2,48.1,DAMAGE,2026-05-16 15:18:25.728179+00:00,2026_05_16
39,2025-08-29 14:39:03.957506180,https://overwatch.blizzard.com/en-us/rates/data/?map=all-maps&role=All&rq=1&input=PC&region=Asia&tier=Bronze,"{'map': 'all-maps', 'role': 'All', 'rq': '1', 'input': 'PC', 'region': 'Asia', 'tier': 'Bronze'}",All,,Asia,,,mercy,Mercy,14.3,46.2,SUPPORT,2026-05-16 15:18:25.728179+00:00,2026_05_16
39,2025-08-29 14:39:03.957506180,https://overwatch.blizzard.com/en-us/rates/data/?map=all-maps&role=All&rq=1&input=PC&region=Asia&tier=Bronze,"{'map': 'all-maps', 'role': 'All', 'rq': '1', 'input': 'PC', 'region': 'Asia', 'tier': 'Bronze'}",All,,Asia,,,moira,Moira,24.1,49.0,SUPPORT,2026-05-16 15:18:25.728179+00:00,2026_05_16
39,2025-08-29 14:39:03.957506180,https://overwatch.blizzard.com/en-us/rates/data/?map=all-maps&role=All&rq=1&input=PC&region=Asia&tier=Bronze,"{'map': 'all-maps', 'role': 'All', 'rq': '1', 'input': 'PC', 'region': 'Asia', 'tier': 'Bronze'}",All,,Asia,,,orisa,Orisa,21.5,50.3,TANK,2026-05-16 15:18:25.728179+00:00,2026_05_16
39,2025-08-29 14:39:03.957506180,https://overwatch.blizzard.com/en-us/rates/data/?map=all-maps&role=All&rq=1&input=PC&region=Asia&tier=Bronze,"{'map': 'all-maps', 'role': 'All', 'rq': '1', 'input': 'PC', 'region': 'Asia', 'tier': 'Bronze'}",All,,Asia,,,pharah,Pharah,7.7,50.8,DAMAGE,2026-05-16 15:18:25.728179+00:00,2026_05_16
39,2025-08-29 14:39:03.957506180,https://overwatch.blizzard.com/en-us/rates/data/?map=all-maps&role=All&rq=1&input=PC&region=Asia&tier=Bronze,"{'map': 'all-maps', 'role': 'All', 'rq': '1', 'input': 'PC', 'region': 'Asia', 'tier': 'Bronze'}",All,,Asia,,,ramattra,Ramattra,10.4,50.5,TANK,2026-05-16 15:18:25.728179+00:00,2026_05_16
39,2025-08-29 14:39:03.957506180,https://overwatch.blizzard.com/en-us/rates/data/?map=all-maps&role=All&rq=1&input=PC&region=Asia&tier=Bronze,"{'map': 'all-maps', 'role': 'All', 'rq': '1', 'input': 'PC', 'region': 'Asia', 'tier': 'Bronze'}",All,,Asia,,,reaper,Reaper,12.1,54.6,DAMAGE,2026-05-16 15:18:25.728179+00:00,2026_05_16
39,2025-08-29 14:39:03.957506180,https://overwatch.blizzard.com/en-us/rates/data/?map=all-maps&role=All&rq=1&input=PC&region=Asia&tier=Bronze,"{'map': 'all-maps', 'role': 'All', 'rq': '1', 'input': 'PC', 'region': 'Asia', 'tier': 'Bronze'}",All,,Asia,,,reinhardt,Reinhardt,8.7,46.6,TANK,2026-05-16 15:18:25.728179+00:00,2026_05_16
39,2025-08-29 14:39:03.957506180,https://overwatch.blizzard.com/en-us/rates/data/?map=all-maps&role=All&rq=1&input=PC&region=Asia&tier=Bronze,"{'map': 'all-maps', 'role': 'All', 'rq': '1', 'input': 'PC', 'region': 'Asia', 'tier': 'Bronze'}",All,,Asia,,,roadhog,Roadhog,4.3,34.9,TANK,2026-05-16 15:18:25.728179+00:00,2026_05_16
39,2025-08-29 14:39:03.957506180,https://overwatch.blizzard.com/en-us/rates/data/?map=all-maps&role=All&rq=1&input=PC&region=Asia&tier=Bronze,"{'map': 'all-maps', 'role': 'All', 'rq': '1', 'input': 'PC', 'region': 'Asia', 'tier': 'Bronze'}",All,,Asia,,,sigma,Sigma,14.4,54.5,TANK,2026-05-16 15:18:25.728179+00:00,2026_05_16
39,2025-08-29 14:39:03.957506180,https://overwatch.blizzard.com/en-us/rates/data/?map=all-maps&role=All&rq=1&input=PC&region=Asia&tier=Bronze,"{'map': 'all-maps', 'role': 'All', 'rq': '1', 'input': 'PC', 'region': 'Asia', 'tier': 'Bronze'}",All,,Asia,,,sojourn,Sojourn,26.3,43.9,DAMAGE,2026-05-16 15:18:25.728179+00:00,2026_05_16
39,2025-08-29 14:39:03.957506180,https://overwatch.blizzard.com/en-us/rates/data/?map=all-maps&role=All&rq=1&input=PC&region=Asia&tier=Bronze,"{'map': 'all-maps', 'role': 'All', 'rq': '1', 'input': 'PC', 'region': 'Asia', 'tier': 'Bronze'}",All,,Asia,,,soldier-76,Soldier: 76,25.8,50.6,DAMAGE,2026-05-16 15:18:25.728179+00:00,2026_05_16
39,2025-08-29 14:39:03.957506180,https://overwatch.blizzard.com/en-us/rates/data/?map=all-maps&role=All&rq=1&input=PC&region=Asia&tier=Bronze,"{'map': 'all-maps', 'role': 'All', 'rq': '1', 'input': 'PC', 'region': 'Asia', 'tier': 'Bronze'}",All,,Asia,,,sombra,Sombra,1.4,53.8,DAMAGE,2026-05-16 15:18:25.728179+00:00,2026_05_16
39,2025-08-29 14:39:03.957506180,https://overwatch.blizzard.com/en-us/rates/data/?map=all-maps&role=All&rq=1&input=PC&region=Asia&tier=Bronze,"{'map': 'all-maps', 'role': 'All', 'rq': '1', 'input': 'PC', 'region': 'Asia', 'tier': 'Bronze'}",All,,Asia,,,symmetra,Symmetra,5.6,54.1,DAMAGE,2026-05-16 15:18:25.728179+00:00,2026_05_16
39,2025-08-29 14:39:03.957506180,https://overwatch.blizzard.com/en-us/rates/data/?map=all-maps&role=All&rq=1&input=PC&region=Asia&tier=Bronze,"{'map': 'all-maps', 'role': 'All', 'rq': '1', 'input': 'PC', 'region': 'Asia', 'tier': 'Bronze'}",All,,Asia,,,torbjorn,Torbjörn,6.7,50.8,DAMAGE,2026-05-16 15:18:25.728179+00:00,2026_05_16
39,2025-08-29 14:39:03.957506180,https://overwatch.blizzard.com/en-us/rates/data/?map=all-maps&role=All&rq=1&input=PC&region=Asia&tier=Bronze,"{'map': 'all-maps', 'role': 'All', 'rq': '1', 'input': 'PC', 'region': 'Asia', 'tier': 'Bronze'}",All,,Asia,,,tracer,Tracer,5.7,53.1,DAMAGE,2026-05-16 15:18:25.728179+00:00,2026_05_16
39,2025-08-29 14:39:03.957506180,https://overwatch.blizzard.com/en-us/rates/data/?map=all-maps&role=All&rq=1&input=PC&region=Asia&tier=Bronze,"{'map': 'all-maps', 'role': 'All', 'rq': '1', 'input': 'PC', 'region': 'Asia', 'tier': 'Bronze'}",All,,Asia,,,venture,Venture,7.6,56.3,DAMAGE,2026-05-16 15:18:25.728179+00:00,2026_05_16
39,2025-08-29 14:39:03.957506180,https://overwatch.blizzard.com/en-us/rates/data/?map=all-maps&role=All&rq=1&input=PC&region=Asia&tier=Bronze,"{'map': 'all-maps', 'role': 'All', 'rq': '1', 'input': 'PC', 'region': 'Asia', 'tier': 'Bronze'}",All,,Asia,,,widowmaker,Widowmaker,5.3,43.3,DAMAGE,2026-05-16 15:18:25.728179+00:00,2026_05_16
39,2025-08-29 14:39:03.957506180,https://overwatch.blizzard.com/en-us/rates/data/?map=all-maps&role=All&rq=1&input=PC&region=Asia&tier=Bronze,"{'map': 'all-maps', 'role': 'All', 'rq': '1', 'input': 'PC', 'region': 'Asia', 'tier': 'Bronze'}",All,,Asia,,,winston,Winston,5.2,49.4,TANK,2026-05-16 15:18:25.728179+00:00,2026_05_16
39,2025-08-29 14:39:03.957506180,https://overwatch.blizzard.com/en-us/rates/data/?map=all-maps&role=All&rq=1&input=PC&region=Asia&tier=Bronze,"{'map': 'all-maps', 'role': 'All', 'rq': '1', 'input': 'PC', 'region': 'Asia', 'tier': 'Bronze'}",All,,Asia,,,wrecking-ball,Wrecking Ball,2.1,45.3,TANK,2026-05-16 15:18:25.728179+00:00,2026_05_16
39,2025-08-29 14:39:03.957506180,https://overwatch.blizzard.com/en-us/rates/data/?map=all-maps&role=All&rq=1&input=PC&region=Asia&tier=Bronze,"{'map': 'all-maps', 'role': 'All', 'rq': '1', 'input': 'PC', 'region': 'Asia', 'tier': 'Bronze'}",All,,Asia,,,wuyang,Wuyang,24.4,57.9,SUPPORT,2026-05-16 15:18:25.728179+00:00,2026_05_16
39,2025-08-29 14:39:03.957506180,https://overwatch.blizzard.com/en-us/rates/data/?map=all-maps&role=All&rq=1&input=PC&region=Asia&tier=Bronze,"{'map': 'all-maps', 'role': 'All', 'rq': '1', 'input': 'PC', 'region': 'Asia', 'tier': 'Bronze'}",All,,Asia,,,zarya,Zarya,4.8,56.7,TANK,2026-05-16 15:18:25.728179+00:00,2026_05_16
39,2025-08-29 14:39:03.957506180,https://overwatch.blizzard.com/en-us/rates/data/?map=all-maps&role=All&rq=1&input=PC&region=Asia&tier=Bronze,"{'map': 'all-maps', 'role': 'All', 'rq': '1', 'input': 'PC', 'region': 'Asia', 'tier': 'Bronze'}",All,,Asia,,,zenyatta,Zenyatta,10.8,53.9,SUPPORT,2026-05-16 15:18:25.728179+00:00,2026_05_16
40,2025-08-29 14:39:04.217246294,https://overwatch.blizzard.com/en-us/rates/data/?map=all-maps&role=All&rq=1&input=PC&region=Asia&tier=Silver,"{'map': 'all-maps', 'role': 'All', 'rq': '1', 'input': 'PC', 'region': 'Asia', 'tier': 'Silver'}",All,,Asia,,,ana,Ana,36.9,49.3,SUPPORT,2026-05-16 15:18:25.728179+00:00,2026_05_16
40,2025-08-29 14:39:04.217246294,https://overwatch.blizzard.com/en-us/rates/data/?map=all-maps&role=All&rq=1&input=PC&region=Asia&tier=Silver,"{'map': 'all-maps', 'role': 'All', 'rq': '1', 'input': 'PC', 'region': 'Asia', 'tier': 'Silver'}",All,,Asia,,,ashe,Ashe,11.3,50.5,DAMAGE,2026-05-16 15:18:25.728179+00:00,2026_05_16
40,2025-08-29 14:39:04.217246294,https://overwatch.blizzard.com/en-us/rates/data/?map=all-maps&role=All&rq=1&input=PC&region=Asia&tier=Silver,"{'map': 'all-maps', 'role': 'All', 'rq': '1', 'input': 'PC', 'region': 'Asia', 'tier': 'Silver'}",All,,Asia,,,baptiste,Baptiste,9.3,45.8,SUPPORT,2026-05-16 15:18:25.728179+00:00,2026_05_16
40,2025-08-29 14:39:04.217246294,https://overwatch.blizzard.com/en-us/rates/data/?map=all-maps&role=All&rq=1&input=PC&region=Asia&tier=Silver,"{'map': 'all-maps', 'role': 'All', 'rq': '1', 'input': 'PC', 'region': 'Asia', 'tier': 'Silver'}",All,,Asia,,,bastion,Bastion,9.2,47.6,DAMAGE,2026-05-16 15:18:25.728179+00:00,2026_05_16
40,2025-08-29 14:39:04.217246294,https://overwatch.blizzard.com/en-us/rates/data/?map=all-maps&role=All&rq=1&input=PC&region=Asia&tier=Silver,"{'map': 'all-maps', 'role': 'All', 'rq': '1', 'input': 'PC', 'region': 'Asia', 'tier': 'Silver'}",All,,Asia,,,brigitte,Brigitte,3.2,48.3,SUPPORT,2026-05-16 15:18:25.728179+00:00,2026_05_16
40,2025-08-29 14:39:04.217246294,https://overwatch.blizzard.com/en-us/rates/data/?map=all-maps&role=All&rq=1&input=PC&region=Asia&tier=Silver,"{'map': 'all-maps', 'role': 'All', 'rq': '1', 'input': 'PC', 'region': 'Asia', 'tier': 'Silver'}",All,,Asia,,,cassidy,Cassidy,27.2,47.8,DAMAGE,2026-05-16 15:18:25.728179+00:00,2026_05_16
40,2025-08-29 14:39:04.217246294,https://overwatch.blizzard.com/en-us/rates/data/?map=all-maps&role=All&rq=1&input=PC&region=Asia&tier=Silver,"{'map': 'all-maps', 'role': 'All', 'rq': '1', 'input': 'PC', 'region': 'Asia', 'tier': 'Silver'}",All,,Asia,,,dva,D.Va,10.7,48.9,TANK,2026-05-16 15:18:25.728179+00:00,2026_05_16
40,2025-08-29 14:39:04.217246294,https://overwatch.blizzard.com/en-us/rates/data/?map=all-maps&role=All&rq=1&input=PC&region=Asia&tier=Silver,"{'map': 'all-maps', 'role': 'All', 'rq': '1', 'input': 'PC', 'region': 'Asia', 'tier': 'Silver'}",All,,Asia,,,doomfist,Doomfist,4.3,55.1,TANK,2026-05-16 15:18:25.728179+00:00,2026_05_16
40,2025-08-29 14:39:04.217246294,https://overwatch.blizzard.com/en-us/rates/data/?map=all-maps&role=All&rq=1&input=PC&region=Asia&tier=Silver,"{'map': 'all-maps', 'role': 'All', 'rq': '1', 'input': 'PC', 'region': 'Asia', 'tier': 'Silver'}",All,,Asia,,,echo,Echo,3.5,48.7,DAMAGE,2026-05-16 15:18:25.728179+00:00,2026_05_16
40,2025-08-29 14:39:04.217246294,https://overwatch.blizzard.com/en-us/rates/data/?map=all-maps&role=All&rq=1&input=PC&region=Asia&tier=Silver,"{'map': 'all-maps', 'role': 'All', 'rq': '1', 'input': 'PC', 'region': 'Asia', 'tier': 'Silver'}",All,,Asia,,,freja,Freja,4.8,47.0,DAMAGE,2026-05-16 15:18:25.728179+00:00,2026_05_16
40,2025-08-29 14:39:04.217246294,https://overwatch.blizzard.com/en-us/rates/data/?map=all-maps&role=All&rq=1&input=PC&region=Asia&tier=Silver,"{'map': 'all-maps', 'role': 'All', 'rq': '1', 'input': 'PC', 'region': 'Asia', 'tier': 'Silver'}",All,,Asia,,,genji,Genji,17.2,54.5,DAMAGE,2026-05-16 15:18:25.728179+00:00,2026_05_16
40,2025-08-29 14:39:04.217246294,https://overwatch.blizzard.com/en-us/rates/data/?map=all-maps&role=All&rq=1&input=PC&region=Asia&tier=Silver,"{'map': 'all-maps', 'role': 'All', 'rq': '1', 'input': 'PC', 'region': 'Asia', 'tier': 'Silver'}",All,,Asia,,,hanzo,Hanzo,13.3,51.4,DAMAGE,2026-05-16 15:18:25.728179+00:00,2026_05_16
40,2025-08-29 14:39:04.217246294,https://overwatch.blizzard.com/en-us/rates/data/?map=all-maps&role=All&rq=1&input=PC&region=Asia&tier=Silver,"{'map': 'all-maps', 'role': 'All', 'rq': '1', 'input': 'PC', 'region': 'Asia', 'tier': 'Silver'}",All,,Asia,,,hazard,Hazard,4.7,52.1,TANK,2026-05-16 15:18:25.728179+00:00,2026_05_16
40,2025-08-29 14:39:04.217246294,https://overwatch.blizzard.com/en-us/rates/data/?map=all-maps&role=All&rq=1&input=PC&region=Asia&tier=Silver,"{'map': 'all-maps', 'role': 'All', 'rq': '1', 'input': 'PC', 'region': 'Asia', 'tier': 'Silver'}",All,,Asia,,,illari,Illari,5.7,51.6,SUPPORT,2026-05-16 15:18:25.728179+00:00,2026_05_16
40,2025-08-29 14:39:04.217246294,https://overwatch.blizzard.com/en-us/rates/data/?map=all-maps&role=All&rq=1&input=PC&region=Asia&tier=Silver,"{'map': 'all-maps', 'role': 'All', 'rq': '1', 'input': 'PC', 'region': 'Asia', 'tier': 'Silver'}",All,,Asia,,,junker-queen,Junker Queen,5.3,55.6,TANK,2026-05-16 15:18:25.728179+00:00,2026_05_16
40,2025-08-29 14:39:04.217246294,https://overwatch.blizzard.com/en-us/rates/data/?map=all-maps&role=All&rq=1&input=PC&region=Asia&tier=Silver,"{'map': 'all-maps', 'role': 'All', 'rq': '1', 'input': 'PC', 'region': 'Asia', 'tier': 'Silver'}",All,,Asia,,,junkrat,Junkrat,8.0,46.5,DAMAGE,2026-05-16 15:18:25.728179+00:00,2026_05_16
40,2025-08-29 14:39:04.217246294,https://overwatch.blizzard.com/en-us/rates/data/?map=all-maps&role=All&rq=1&input=PC&region=Asia&tier=Silver,"{'map': 'all-maps', 'role': 'All', 'rq': '1', 'input': 'PC', 'region': 'Asia', 'tier': 'Silver'}",All,,Asia,,,juno,Juno,18.9,49.6,SUPPORT,2026-05-16 15:18:25.728179+00:00,2026_05_16
40,2025-08-29 14:39:04.217246294,https://overwatch.blizzard.com/en-us/rates/data/?map=all-maps&role=All&rq=1&input=PC&region=Asia&tier=Silver,"{'map': 'all-maps', 'role': 'All', 'rq': '1', 'input': 'PC', 'region': 'Asia', 'tier': 'Silver'}",All,,Asia,,,kiriko,Kiriko,36.7,48.8,SUPPORT,2026-05-16 15:18:25.728179+00:00,2026_05_16
40,2025-08-29 14:39:04.217246294,https://overwatch.blizzard.com/en-us/rates/data/?map=all-maps&role=All&rq=1&input=PC&region=Asia&tier=Silver,"{'map': 'all-maps', 'role': 'All', 'rq': '1', 'input': 'PC', 'region': 'Asia', 'tier': 'Silver'}",All,,Asia,,,lifeweaver,Lifeweaver,6.3,43.2,SUPPORT,2026-05-16 15:18:25.728179+00:00,2026_05_16
40,2025-08-29 14:39:04.217246294,https://overwatch.blizzard.com/en-us/rates/data/?map=all-maps&role=All&rq=1&input=PC&region=Asia&tier=Silver,"{'map': 'all-maps', 'role': 'All', 'rq': '1', 'input': 'PC', 'region': 'Asia', 'tier': 'Silver'}",All,,Asia,,,lucio,Lúcio,9.0,50.2,SUPPORT,2026-05-16 15:18:25.728179+00:00,2026_05_16
40,2025-08-29 14:39:04.217246294,https://overwatch.blizzard.com/en-us/rates/data/?map=all-maps&role=All&rq=1&input=PC&region=Asia&tier=Silver,"{'map': 'all-maps', 'role': 'All', 'rq': '1', 'input': 'PC', 'region': 'Asia', 'tier': 'Silver'}",All,,Asia,,,mauga,Mauga,4.5,45.6,TANK,2026-05-16 15:18:25.728179+00:00,2026_05_16
40,2025-08-29 14:39:04.217246294,https://overwatch.blizzard.com/en-us/rates/data/?map=all-maps&role=All&rq=1&input=PC&region=Asia&tier=Silver,"{'map': 'all-maps', 'role': 'All', 'rq': '1', 'input': 'PC', 'region': 'Asia', 'tier': 'Silver'}",All,,Asia,,,mei,Mei,9.0,48.8,DAMAGE,2026-05-16 15:18:25.728179+00:00,2026_05_16
40,2025-08-29 14:39:04.217246294,https://overwatch.blizzard.com/en-us/rates/data/?map=all-maps&role=All&rq=1&input=PC&region=Asia&tier=Silver,"{'map': 'all-maps', 'role': 'All', 'rq': '1', 'input': 'PC', 'region': 'Asia', 'tier': 'Silver'}",All,,Asia,,,mercy,Mercy,13.1,47.7,SUPPORT,2026-05-16 15:18:25.728179+00:00,2026_05_16
40,2025-08-29 14:39:04.217246294,https://overwatch.blizzard.com/en-us/rates/data/?map=all-maps&role=All&rq=1&input=PC&region=Asia&tier=Silver,"{'map': 'all-maps', 'role': 'All', 'rq': '1', 'input': 'PC', 'region': 'Asia', 'tier': 'Silver'}",All,,Asia,,,moira,Moira,22.2,47.2,SUPPORT,2026-05-16 15:18:25.728179+00:00,2026_05_16
40,2025-08-29 14:39:04.217246294,https://overwatch.blizzard.com/en-us/rates/data/?map=all-maps&role=All&rq=1&input=PC&region=Asia&tier=Silver,"{'map': 'all-maps', 'role': 'All', 'rq': '1', 'input': 'PC', 'region': 'Asia', 'tier': 'Silver'}",All,,Asia,,,orisa,Orisa,18.4,46.7,TANK,2026-05-16 15:18:25.728179+00:00,2026_05_16
40,2025-08-29 14:39:04.217246294,https://overwatch.blizzard.com/en-us/rates/data/?map=all-maps&role=All&rq=1&input=PC&region=Asia&tier=Silver,"{'map': 'all-maps', 'role': 'All', 'rq': '1', 'input': 'PC', 'region': 'Asia', 'tier': 'Silver'}",All,,Asia,,,pharah,Pharah,7.7,49.3,DAMAGE,2026-05-16 15:18:25.728179+00:00,2026_05_16
40,2025-08-29 14:39:04.217246294,https://overwatch.blizzard.com/en-us/rates/data/?map=all-maps&role=All&rq=1&input=PC&region=Asia&tier=Silver,"{'map': 'all-maps', 'role': 'All', 'rq': '1', 'input': 'PC', 'region': 'Asia', 'tier': 'Silver'}",All,,Asia,,,ramattra,Ramattra,9.2,47.7,TANK,2026-05-16 15:18:25.728179+00:00,2026_05_16
40,2025-08-29 14:39:04.217246294,https://overwatch.blizzard.com/en-us/rates/data/?map=all-maps&role=All&rq=1&input=PC&region=Asia&tier=Silver,"{'map': 'all-maps', 'role': 'All', 'rq': '1', 'input': 'PC', 'region': 'Asia', 'tier': 'Silver'}",All,,Asia,,,reaper,Reaper,13.1,52.9,DAMAGE,2026-05-16 15:18:25.728179+00:00,2026_05_16
40,2025-08-29 14:39:04.217246294,https://overwatch.blizzard.com/en-us/rates/data/?map=all-maps&role=All&rq=1&input=PC&region=Asia&tier=Silver,"{'map': 'all-maps', 'role': 'All', 'rq': '1', 'input': 'PC', 'region': 'Asia', 'tier': 'Silver'}",All,,Asia,,,reinhardt,Reinhardt,10.5,50.7,TANK,2026-05-16 15:18:25.728179+00:00,2026_05_16
40,2025-08-29 14:39:04.217246294,https://overwatch.blizzard.com/en-us/rates/data/?map=all-maps&role=All&rq=1&input=PC&region=Asia&tier=Silver,"{'map': 'all-maps', 'role': 'All', 'rq': '1', 'input': 'PC', 'region': 'Asia', 'tier': 'Silver'}",All,,Asia,,,roadhog,Roadhog,4.1,33.6,TANK,2026-05-16 15:18:25.728179+00:00,2026_05_16
40,2025-08-29 14:39:04.217246294,https://overwatch.blizzard.com/en-us/rates/data/?map=all-maps&role=All&rq=1&input=PC&region=Asia&tier=Silver,"{'map': 'all-maps', 'role': 'All', 'rq': '1', 'input': 'PC', 'region': 'Asia', 'tier': 'Silver'}",All,,Asia,,,sigma,Sigma,12.6,53.0,TANK,2026-05-16 15:18:25.728179+00:00,2026_05_16
40,2025-08-29 14:39:04.217246294,https://overwatch.blizzard.com/en-us/rates/data/?map=all-maps&role=All&rq=1&input=PC&region=Asia&tier=Silver,"{'map': 'all-maps', 'role': 'All', 'rq': '1', 'input': 'PC', 'region': 'Asia', 'tier': 'Silver'}",All,,Asia,,,sojourn,Sojourn,19.5,45.4,DAMAGE,2026-05-16 15:18:25.728179+00:00,2026_05_16
40,2025-08-29 14:39:04.217246294,https://overwatch.blizzard.com/en-us/rates/data/?map=all-maps&role=All&rq=1&input=PC&region=Asia&tier=Silver,"{'map': 'all-maps', 'role': 'All', 'rq': '1', 'input': 'PC', 'region': 'Asia', 'tier': 'Silver'}",All,,Asia,,,soldier-76,Soldier: 76,24.8,48.8,DAMAGE,2026-05-16 15:18:25.728179+00:00,2026_05_16
40,2025-08-29 14:39:04.217246294,https://overwatch.blizzard.com/en-us/rates/data/?map=all-maps&role=All&rq=1&input=PC&region=Asia&tier=Silver,"{'map': 'all-maps', 'role': 'All', 'rq': '1', 'input': 'PC', 'region': 'Asia', 'tier': 'Silver'}",All,,Asia,,,sombra,Sombra,2.2,47.7,DAMAGE,2026-05-16 15:18:25.728179+00:00,2026_05_16
40,2025-08-29 14:39:04.217246294,https://overwatch.blizzard.com/en-us/rates/data/?map=all-maps&role=All&rq=1&input=PC&region=Asia&tier=Silver,"{'map': 'all-maps', 'role': 'All', 'rq': '1', 'input': 'PC', 'region': 'Asia', 'tier': 'Silver'}",All,,Asia,,,symmetra,Symmetra,5.4,53.5,DAMAGE,2026-05-16 15:18:25.728179+00:00,2026_05_16
40,2025-08-29 14:39:04.217246294,https://overwatch.blizzard.com/en-us/rates/data/?map=all-maps&role=All&rq=1&input=PC&region=Asia&tier=Silver,"{'map': 'all-maps', 'role': 'All', 'rq': '1', 'input': 'PC', 'region': 'Asia', 'tier': 'Silver'}",All,,Asia,,,torbjorn,Torbjörn,5.7,50.2,DAMAGE,2026-05-16 15:18:25.728179+00:00,2026_05_16
40,2025-08-29 14:39:04.217246294,https://overwatch.blizzard.com/en-us/rates/data/?map=all-maps&role=All&rq=1&input=PC&region=Asia&tier=Silver,"{'map': 'all-maps', 'role': 'All', 'rq': '1', 'input': 'PC', 'region': 'Asia', 'tier': 'Silver'}",All,,Asia,,,tracer,Tracer,7.6,50.3,DAMAGE,2026-05-16 15:18:25.728179+00:00,2026_05_16
40,2025-08-29 14:39:04.217246294,https://overwatch.blizzard.com/en-us/rates/data/?map=all-maps&role=All&rq=1&input=PC&region=Asia&tier=Silver,"{'map': 'all-maps', 'role': 'All', 'rq': '1', 'input': 'PC', 'region': 'Asia', 'tier': 'Silver'}",All,,Asia,,,venture,Venture,6.3,54.1,DAMAGE,2026-05-16 15:18:25.728179+00:00,2026_05_16
40,2025-08-29 14:39:04.217246294,https://overwatch.blizzard.com/en-us/rates/data/?map=all-maps&role=All&rq=1&input=PC&region=Asia&tier=Silver,"{'map': 'all-maps', 'role': 'All', 'rq': '1', 'input': 'PC', 'region': 'Asia', 'tier': 'Silver'}",All,,Asia,,,widowmaker,Widowmaker,4.2,46.7,DAMAGE,2026-05-16 15:18:25.728179+00:00,2026_05_16
40,2025-08-29 14:39:04.217246294,https://overwatch.blizzard.com/en-us/rates/data/?map=all-maps&role=All&rq=1&input=PC&region=Asia&tier=Silver,"{'map': 'all-maps', 'role': 'All', 'rq': '1', 'input': 'PC', 'region': 'Asia', 'tier': 'Silver'}",All,,Asia,,,winston,Winston,6.3,50.8,TANK,2026-05-16 15:18:25.728179+00:00,2026_05_16
40,2025-08-29 14:39:04.217246294,https://overwatch.blizzard.com/en-us/rates/data/?map=all-maps&role=All&rq=1&input=PC&region=Asia&tier=Silver,"{'map': 'all-maps', 'role': 'All', 'rq': '1', 'input': 'PC', 'region': 'Asia', 'tier': 'Silver'}",All,,Asia,,,wrecking-ball,Wrecking Ball,2.0,55.4,TANK,2026-05-16 15:18:25.728179+00:00,2026_05_16
40,2025-08-29 14:39:04.217246294,https://overwatch.blizzard.com/en-us/rates/data/?map=all-maps&role=All&rq=1&input=PC&region=Asia&tier=Silver,"{'map': 'all-maps', 'role': 'All', 'rq': '1', 'input': 'PC', 'region': 'Asia', 'tier': 'Silver'}",All,,Asia,,,wuyang,Wuyang,27.4,56.2,SUPPORT,2026-05-16 15:18:25.728179+00:00,2026_05_16
40,2025-08-29 14:39:04.217246294,https://overwatch.blizzard.com/en-us/rates/data/?map=all-maps&role=All&rq=1&input=PC&region=Asia&tier=Silver,"{'map': 'all-maps', 'role': 'All', 'rq': '1', 'input': 'PC', 'region': 'Asia', 'tier': 'Silver'}",All,,Asia,,,zarya,Zarya,7.2,52.6,TANK,2026-05-16 15:18:25.728179+00:00,2026_05_16
40,2025-08-29 14:39:04.217246294,https://overwatch.blizzard.com/en-us/rates/data/?map=all-maps&role=All&rq=1&input=PC&region=Asia&tier=Silver,"{'map': 'all-maps', 'role': 'All', 'rq': '1', 'input': 'PC', 'region': 'Asia', 'tier': 'Silver'}",All,,Asia,,,zenyatta,Zenyatta,11.3,51.5,SUPPORT,2026-05-16 15:18:25.728179+00:00,2026_05_16
41,2025-08-29 14:39:04.478187799,https://overwatch.blizzard.com/en-us/rates/data/?map=all-maps&role=All&rq=1&input=PC&region=Asia&tier=Gold,"{'map': 'all-maps', 'role': 'All', 'rq': '1', 'input': 'PC', 'region': 'Asia', 'tier': 'Gold'}",All,,Asia,,,ana,Ana,47.7,49.4,SUPPORT,2026-05-16 15:18:25.728179+00:00,2026_05_16
41,2025-08-29 14:39:04.478187799,https://overwatch.blizzard.com/en-us/rates/data/?map=all-maps&role=All&rq=1&input=PC&region=Asia&tier=Gold,"{'map': 'all-maps', 'role': 'All', 'rq': '1', 'input': 'PC', 'region': 'Asia', 'tier': 'Gold'}",All,,Asia,,,ashe,Ashe,10.9,49.4,DAMAGE,2026-05-16 15:18:25.728179+00:00,2026_05_16
41,2025-08-29 14:39:04.478187799,https://overwatch.blizzard.com/en-us/rates/data/?map=all-maps&role=All&rq=1&input=PC&region=Asia&tier=Gold,"{'map': 'all-maps', 'role': 'All', 'rq': '1', 'input': 'PC', 'region': 'Asia', 'tier': 'Gold'}",All,,Asia,,,baptiste,Baptiste,10.2,46.8,SUPPORT,2026-05-16 15:18:25.728179+00:00,2026_05_16
41,2025-08-29 14:39:04.478187799,https://overwatch.blizzard.com/en-us/rates/data/?map=all-maps&role=All&rq=1&input=PC&region=Asia&tier=Gold,"{'map': 'all-maps', 'role': 'All', 'rq': '1', 'input': 'PC', 'region': 'Asia', 'tier': 'Gold'}",All,,Asia,,,bastion,Bastion,5.7,46.3,DAMAGE,2026-05-16 15:18:25.728179+00:00,2026_05_16
41,2025-08-29 14:39:04.478187799,https://overwatch.blizzard.com/en-us/rates/data/?map=all-maps&role=All&rq=1&input=PC&region=Asia&tier=Gold,"{'map': 'all-maps', 'role': 'All', 'rq': '1', 'input': 'PC', 'region': 'Asia', 'tier': 'Gold'}",All,,Asia,,,brigitte,Brigitte,4.2,44.9,SUPPORT,2026-05-16 15:18:25.728179+00:00,2026_05_16
41,2025-08-29 14:39:04.478187799,https://overwatch.blizzard.com/en-us/rates/data/?map=all-maps&role=All&rq=1&input=PC&region=Asia&tier=Gold,"{'map': 'all-maps', 'role': 'All', 'rq': '1', 'input': 'PC', 'region': 'Asia', 'tier': 'Gold'}",All,,Asia,,,cassidy,Cassidy,33.2,47.1,DAMAGE,2026-05-16 15:18:25.728179+00:00,2026_05_16
41,2025-08-29 14:39:04.478187799,https://overwatch.blizzard.com/en-us/rates/data/?map=all-maps&role=All&rq=1&input=PC&region=Asia&tier=Gold,"{'map': 'all-maps', 'role': 'All', 'rq': '1', 'input': 'PC', 'region': 'Asia', 'tier': 'Gold'}",All,,Asia,,,dva,D.Va,9.9,49.2,TANK,2026-05-16 15:18:25.728179+00:00,2026_05_16
41,2025-08-29 14:39:04.478187799,https://overwatch.blizzard.com/en-us/rates/data/?map=all-maps&role=All&rq=1&input=PC&region=Asia&tier=Gold,"{'map': 'all-maps', 'role': 'All', 'rq': '1', 'input': 'PC', 'region': 'Asia', 'tier': 'Gold'}",All,,Asia,,,doomfist,Doomfist,5.8,54.0,TANK,2026-05-16 15:18:25.728179+00:00,2026_05_16
41,2025-08-29 14:39:04.478187799,https://overwatch.blizzard.com/en-us/rates/data/?map=all-maps&role=All&rq=1&input=PC&region=Asia&tier=Gold,"{'map': 'all-maps', 'role': 'All', 'rq': '1', 'input': 'PC', 'region': 'Asia', 'tier': 'Gold'}",All,,Asia,,,echo,Echo,3.8,49.7,DAMAGE,2026-05-16 15:18:25.728179+00:00,2026_05_16
41,2025-08-29 14:39:04.478187799,https://overwatch.blizzard.com/en-us/rates/data/?map=all-maps&role=All&rq=1&input=PC&region=Asia&tier=Gold,"{'map': 'all-maps', 'role': 'All', 'rq': '1', 'input': 'PC', 'region': 'Asia', 'tier': 'Gold'}",All,,Asia,,,freja,Freja,4.3,47.7,DAMAGE,2026-05-16 15:18:25.728179+00:00,2026_05_16
41,2025-08-29 14:39:04.478187799,https://overwatch.blizzard.com/en-us/rates/data/?map=all-maps&role=All&rq=1&input=PC&region=Asia&tier=Gold,"{'map': 'all-maps', 'role': 'All', 'rq': '1', 'input': 'PC', 'region': 'Asia', 'tier': 'Gold'}",All,,Asia,,,genji,Genji,24.0,55.5,DAMAGE,2026-05-16 15:18:25.728179+00:00,2026_05_16
41,2025-08-29 14:39:04.478187799,https://overwatch.blizzard.com/en-us/rates/data/?map=all-maps&role=All&rq=1&input=PC&region=Asia&tier=Gold,"{'map': 'all-maps', 'role': 'All', 'rq': '1', 'input': 'PC', 'region': 'Asia', 'tier': 'Gold'}",All,,Asia,,,hanzo,Hanzo,15.0,50.9,DAMAGE,2026-05-16 15:18:25.728179+00:00,2026_05_16
41,2025-08-29 14:39:04.478187799,https://overwatch.blizzard.com/en-us/rates/data/?map=all-maps&role=All&rq=1&input=PC&region=Asia&tier=Gold,"{'map': 'all-maps', 'role': 'All', 'rq': '1', 'input': 'PC', 'region': 'Asia', 'tier': 'Gold'}",All,,Asia,,,hazard,Hazard,6.0,53.1,TANK,2026-05-16 15:18:25.728179+00:00,2026_05_16
41,2025-08-29 14:39:04.478187799,https://overwatch.blizzard.com/en-us/rates/data/?map=all-maps&role=All&rq=1&input=PC&region=Asia&tier=Gold,"{'map': 'all-maps', 'role': 'All', 'rq': '1', 'input': 'PC', 'region': 'Asia', 'tier': 'Gold'}",All,,Asia,,,illari,Illari,5.1,50.3,SUPPORT,2026-05-16 15:18:25.728179+00:00,2026_05_16
41,2025-08-29 14:39:04.478187799,https://overwatch.blizzard.com/en-us/rates/data/?map=all-maps&role=All&rq=1&input=PC&region=Asia&tier=Gold,"{'map': 'all-maps', 'role': 'All', 'rq': '1', 'input': 'PC', 'region': 'Asia', 'tier': 'Gold'}",All,,Asia,,,junker-queen,Junker Queen,6.0,54.1,TANK,2026-05-16 15:18:25.728179+00:00,2026_05_16
41,2025-08-29 14:39:04.478187799,https://overwatch.blizzard.com/en-us/rates/data/?map=all-maps&role=All&rq=1&input=PC&region=Asia&tier=Gold,"{'map': 'all-maps', 'role': 'All', 'rq': '1', 'input': 'PC', 'region': 'Asia', 'tier': 'Gold'}",All,,Asia,,,junkrat,Junkrat,5.3,45.5,DAMAGE,2026-05-16 15:18:25.728179+00:00,2026_05_16
41,2025-08-29 14:39:04.478187799,https://overwatch.blizzard.com/en-us/rates/data/?map=all-maps&role=All&rq=1&input=PC&region=Asia&tier=Gold,"{'map': 'all-maps', 'role': 'All', 'rq': '1', 'input': 'PC', 'region': 'Asia', 'tier': 'Gold'}",All,,Asia,,,juno,Juno,14.0,49.3,SUPPORT,2026-05-16 15:18:25.728179+00:00,2026_05_16
41,2025-08-29 14:39:04.478187799,https://overwatch.blizzard.com/en-us/rates/data/?map=all-maps&role=All&rq=1&input=PC&region=Asia&tier=Gold,"{'map': 'all-maps', 'role': 'All', 'rq': '1', 'input': 'PC', 'region': 'Asia', 'tier': 'Gold'}",All,,Asia,,,kiriko,Kiriko,35.1,48.2,SUPPORT,2026-05-16 15:18:25.728179+00:00,2026_05_16
41,2025-08-29 14:39:04.478187799,https://overwatch.blizzard.com/en-us/rates/data/?map=all-maps&role=All&rq=1&input=PC&region=Asia&tier=Gold,"{'map': 'all-maps', 'role': 'All', 'rq': '1', 'input': 'PC', 'region': 'Asia', 'tier': 'Gold'}",All,,Asia,,,lifeweaver,Lifeweaver,5.9,42.9,SUPPORT,2026-05-16 15:18:25.728179+00:00,2026_05_16
41,2025-08-29 14:39:04.478187799,https://overwatch.blizzard.com/en-us/rates/data/?map=all-maps&role=All&rq=1&input=PC&region=Asia&tier=Gold,"{'map': 'all-maps', 'role': 'All', 'rq': '1', 'input': 'PC', 'region': 'Asia', 'tier': 'Gold'}",All,,Asia,,,lucio,Lúcio,7.8,51.5,SUPPORT,2026-05-16 15:18:25.728179+00:00,2026_05_16
41,2025-08-29 14:39:04.478187799,https://overwatch.blizzard.com/en-us/rates/data/?map=all-maps&role=All&rq=1&input=PC&region=Asia&tier=Gold,"{'map': 'all-maps', 'role': 'All', 'rq': '1', 'input': 'PC', 'region': 'Asia', 'tier': 'Gold'}",All,,Asia,,,mauga,Mauga,3.7,45.8,TANK,2026-05-16 15:18:25.728179+00:00,2026_05_16
41,2025-08-29 14:39:04.478187799,https://overwatch.blizzard.com/en-us/rates/data/?map=all-maps&role=All&rq=1&input=PC&region=Asia&tier=Gold,"{'map': 'all-maps', 'role': 'All', 'rq': '1', 'input': 'PC', 'region': 'Asia', 'tier': 'Gold'}",All,,Asia,,,mei,Mei,8.5,47.5,DAMAGE,2026-05-16 15:18:25.728179+00:00,2026_05_16
41,2025-08-29 14:39:04.478187799,https://overwatch.blizzard.com/en-us/rates/data/?map=all-maps&role=All&rq=1&input=PC&region=Asia&tier=Gold,"{'map': 'all-maps', 'role': 'All', 'rq': '1', 'input': 'PC', 'region': 'Asia', 'tier': 'Gold'}",All,,Asia,,,mercy,Mercy,10.3,48.0,SUPPORT,2026-05-16 15:18:25.728179+00:00,2026_05_16
41,2025-08-29 14:39:04.478187799,https://overwatch.blizzard.com/en-us/rates/data/?map=all-maps&role=All&rq=1&input=PC&region=Asia&tier=Gold,"{'map': 'all-maps', 'role': 'All', 'rq': '1', 'input': 'PC', 'region': 'Asia', 'tier': 'Gold'}",All,,Asia,,,moira,Moira,17.4,45.7,SUPPORT,2026-05-16 15:18:25.728179+00:00,2026_05_16
41,2025-08-29 14:39:04.478187799,https://overwatch.blizzard.com/en-us/rates/data/?map=all-maps&role=All&rq=1&input=PC&region=Asia&tier=Gold,"{'map': 'all-maps', 'role': 'All', 'rq': '1', 'input': 'PC', 'region': 'Asia', 'tier': 'Gold'}",All,,Asia,,,orisa,Orisa,14.5,46.2,TANK,2026-05-16 15:18:25.728179+00:00,2026_05_16
41,2025-08-29 14:39:04.478187799,https://overwatch.blizzard.com/en-us/rates/data/?map=all-maps&role=All&rq=1&input=PC&region=Asia&tier=Gold,"{'map': 'all-maps', 'role': 'All', 'rq': '1', 'input': 'PC', 'region': 'Asia', 'tier': 'Gold'}",All,,Asia,,,pharah,Pharah,6.4,49.1,DAMAGE,2026-05-16 15:18:25.728179+00:00,2026_05_16
41,2025-08-29 14:39:04.478187799,https://overwatch.blizzard.com/en-us/rates/data/?map=all-maps&role=All&rq=1&input=PC&region=Asia&tier=Gold,"{'map': 'all-maps', 'role': 'All', 'rq': '1', 'input': 'PC', 'region': 'Asia', 'tier': 'Gold'}",All,,Asia,,,ramattra,Ramattra,7.3,45.6,TANK,2026-05-16 15:18:25.728179+00:00,2026_05_16
41,2025-08-29 14:39:04.478187799,https://overwatch.blizzard.com/en-us/rates/data/?map=all-maps&role=All&rq=1&input=PC&region=Asia&tier=Gold,"{'map': 'all-maps', 'role': 'All', 'rq': '1', 'input': 'PC', 'region': 'Asia', 'tier': 'Gold'}",All,,Asia,,,reaper,Reaper,10.8,52.0,DAMAGE,2026-05-16 15:18:25.728179+00:00,2026_05_16
41,2025-08-29 14:39:04.478187799,https://overwatch.blizzard.com/en-us/rates/data/?map=all-maps&role=All&rq=1&input=PC&region=Asia&tier=Gold,"{'map': 'all-maps', 'role': 'All', 'rq': '1', 'input': 'PC', 'region': 'Asia', 'tier': 'Gold'}",All,,Asia,,,reinhardt,Reinhardt,10.3,51.2,TANK,2026-05-16 15:18:25.728179+00:00,2026_05_16
41,2025-08-29 14:39:04.478187799,https://overwatch.blizzard.com/en-us/rates/data/?map=all-maps&role=All&rq=1&input=PC&region=Asia&tier=Gold,"{'map': 'all-maps', 'role': 'All', 'rq': '1', 'input': 'PC', 'region': 'Asia', 'tier': 'Gold'}",All,,Asia,,,roadhog,Roadhog,3.9,32.7,TANK,2026-05-16 15:18:25.728179+00:00,2026_05_16
41,2025-08-29 14:39:04.478187799,https://overwatch.blizzard.com/en-us/rates/data/?map=all-maps&role=All&rq=1&input=PC&region=Asia&tier=Gold,"{'map': 'all-maps', 'role': 'All', 'rq': '1', 'input': 'PC', 'region': 'Asia', 'tier': 'Gold'}",All,,Asia,,,sigma,Sigma,11.8,53.3,TANK,2026-05-16 15:18:25.728179+00:00,2026_05_16
41,2025-08-29 14:39:04.478187799,https://overwatch.blizzard.com/en-us/rates/data/?map=all-maps&role=All&rq=1&input=PC&region=Asia&tier=Gold,"{'map': 'all-maps', 'role': 'All', 'rq': '1', 'input': 'PC', 'region': 'Asia', 'tier': 'Gold'}",All,,Asia,,,sojourn,Sojourn,17.4,46.1,DAMAGE,2026-05-16 15:18:25.728179+00:00,2026_05_16
41,2025-08-29 14:39:04.478187799,https://overwatch.blizzard.com/en-us/rates/data/?map=all-maps&role=All&rq=1&input=PC&region=Asia&tier=Gold,"{'map': 'all-maps', 'role': 'All', 'rq': '1', 'input': 'PC', 'region': 'Asia', 'tier': 'Gold'}",All,,Asia,,,soldier-76,Soldier: 76,20.4,47.9,DAMAGE,2026-05-16 15:18:25.728179+00:00,2026_05_16
41,2025-08-29 14:39:04.478187799,https://overwatch.blizzard.com/en-us/rates/data/?map=all-maps&role=All&rq=1&input=PC&region=Asia&tier=Gold,"{'map': 'all-maps', 'role': 'All', 'rq': '1', 'input': 'PC', 'region': 'Asia', 'tier': 'Gold'}",All,,Asia,,,sombra,Sombra,2.7,48.8,DAMAGE,2026-05-16 15:18:25.728179+00:00,2026_05_16
41,2025-08-29 14:39:04.478187799,https://overwatch.blizzard.com/en-us/rates/data/?map=all-maps&role=All&rq=1&input=PC&region=Asia&tier=Gold,"{'map': 'all-maps', 'role': 'All', 'rq': '1', 'input': 'PC', 'region': 'Asia', 'tier': 'Gold'}",All,,Asia,,,symmetra,Symmetra,5.3,53.3,DAMAGE,2026-05-16 15:18:25.728179+00:00,2026_05_16
41,2025-08-29 14:39:04.478187799,https://overwatch.blizzard.com/en-us/rates/data/?map=all-maps&role=All&rq=1&input=PC&region=Asia&tier=Gold,"{'map': 'all-maps', 'role': 'All', 'rq': '1', 'input': 'PC', 'region': 'Asia', 'tier': 'Gold'}",All,,Asia,,,torbjorn,Torbjörn,4.6,48.3,DAMAGE,2026-05-16 15:18:25.728179+00:00,2026_05_16
41,2025-08-29 14:39:04.478187799,https://overwatch.blizzard.com/en-us/rates/data/?map=all-maps&role=All&rq=1&input=PC&region=Asia&tier=Gold,"{'map': 'all-maps', 'role': 'All', 'rq': '1', 'input': 'PC', 'region': 'Asia', 'tier': 'Gold'}",All,,Asia,,,tracer,Tracer,10.0,51.3,DAMAGE,2026-05-16 15:18:25.728179+00:00,2026_05_16
41,2025-08-29 14:39:04.478187799,https://overwatch.blizzard.com/en-us/rates/data/?map=all-maps&role=All&rq=1&input=PC&region=Asia&tier=Gold,"{'map': 'all-maps', 'role': 'All', 'rq': '1', 'input': 'PC', 'region': 'Asia', 'tier': 'Gold'}",All,,Asia,,,venture,Venture,7.0,53.4,DAMAGE,2026-05-16 15:18:25.728179+00:00,2026_05_16
41,2025-08-29 14:39:04.478187799,https://overwatch.blizzard.com/en-us/rates/data/?map=all-maps&role=All&rq=1&input=PC&region=Asia&tier=Gold,"{'map': 'all-maps', 'role': 'All', 'rq': '1', 'input': 'PC', 'region': 'Asia', 'tier': 'Gold'}",All,,Asia,,,widowmaker,Widowmaker,4.6,48.3,DAMAGE,2026-05-16 15:18:25.728179+00:00,2026_05_16
41,2025-08-29 14:39:04.478187799,https://overwatch.blizzard.com/en-us/rates/data/?map=all-maps&role=All&rq=1&input=PC&region=Asia&tier=Gold,"{'map': 'all-maps', 'role': 'All', 'rq': '1', 'input': 'PC', 'region': 'Asia', 'tier': 'Gold'}",All,,Asia,,,winston,Winston,8.6,50.4,TANK,2026-05-16 15:18:25.728179+00:00,2026_05_16
41,2025-08-29 14:39:04.478187799,https://overwatch.blizzard.com/en-us/rates/data/?map=all-maps&role=All&rq=1&input=PC&region=Asia&tier=Gold,"{'map': 'all-maps', 'role': 'All', 'rq': '1', 'input': 'PC', 'region': 'Asia', 'tier': 'Gold'}",All,,Asia,,,wrecking-ball,Wrecking Ball,2.8,55.1,TANK,2026-05-16 15:18:25.728179+00:00,2026_05_16
41,2025-08-29 14:39:04.478187799,https://overwatch.blizzard.com/en-us/rates/data/?map=all-maps&role=All&rq=1&input=PC&region=Asia&tier=Gold,"{'map': 'all-maps', 'role': 'All', 'rq': '1', 'input': 'PC', 'region': 'Asia', 'tier': 'Gold'}",All,,Asia,,,wuyang,Wuyang,28.6,56.8,SUPPORT,2026-05-16 15:18:25.728179+00:00,2026_05_16
41,2025-08-29 14:39:04.478187799,https://overwatch.blizzard.com/en-us/rates/data/?map=all-maps&role=All&rq=1&input=PC&region=Asia&tier=Gold,"{'map': 'all-maps', 'role': 'All', 'rq': '1', 'input': 'PC', 'region': 'Asia', 'tier': 'Gold'}",All,,Asia,,,zarya,Zarya,9.2,50.6,TANK,2026-05-16 15:18:25.728179+00:00,2026_05_16
41,2025-08-29 14:39:04.478187799,https://overwatch.blizzard.com/en-us/rates/data/?map=all-maps&role=All&rq=1&input=PC&region=Asia&tier=Gold,"{'map': 'all-maps', 'role': 'All', 'rq': '1', 'input': 'PC', 'region': 'Asia', 'tier': 'Gold'}",All,,Asia,,,zenyatta,Zenyatta,13.8,52.5,SUPPORT,2026-05-16 15:18:25.728179+00:00,2026_05_16
42,2025-08-29 14:39:04.729349375,https://overwatch.blizzard.com/en-us/rates/data/?map=all-maps&role=All&rq=1&input=PC&region=Asia&tier=Platinum,"{'map': 'all-maps', 'role': 'All', 'rq': '1', 'input': 'PC', 'region': 'Asia', 'tier': 'Platinum'}",All,,Asia,,,ana,Ana,53.9,50.6,SUPPORT,2026-05-16 15:18:25.728179+00:00,2026_05_16
42,2025-08-29 14:39:04.729349375,https://overwatch.blizzard.com/en-us/rates/data/?map=all-maps&role=All&rq=1&input=PC&region=Asia&tier=Platinum,"{'map': 'all-maps', 'role': 'All', 'rq': '1', 'input': 'PC', 'region': 'Asia', 'tier': 'Platinum'}",All,,Asia,,,ashe,Ashe,8.5,49.1,DAMAGE,2026-05-16 15:18:25.728179+00:00,2026_05_16
42,2025-08-29 14:39:04.729349375,https://overwatch.blizzard.com/en-us/rates/data/?map=all-maps&role=All&rq=1&input=PC&region=Asia&tier=Platinum,"{'map': 'all-maps', 'role': 'All', 'rq': '1', 'input': 'PC', 'region': 'Asia', 'tier': 'Platinum'}",All,,Asia,,,baptiste,Baptiste,11.7,46.5,SUPPORT,2026-05-16 15:18:25.728179+00:00,2026_05_16
42,2025-08-29 14:39:04.729349375,https://overwatch.blizzard.com/en-us/rates/data/?map=all-maps&role=All&rq=1&input=PC&region=Asia&tier=Platinum,"{'map': 'all-maps', 'role': 'All', 'rq': '1', 'input': 'PC', 'region': 'Asia', 'tier': 'Platinum'}",All,,Asia,,,bastion,Bastion,3.3,46.5,DAMAGE,2026-05-16 15:18:25.728179+00:00,2026_05_16
42,2025-08-29 14:39:04.729349375,https://overwatch.blizzard.com/en-us/rates/data/?map=all-maps&role=All&rq=1&input=PC&region=Asia&tier=Platinum,"{'map': 'all-maps', 'role': 'All', 'rq': '1', 'input': 'PC', 'region': 'Asia', 'tier': 'Platinum'}",All,,Asia,,,brigitte,Brigitte,6.1,45.2,SUPPORT,2026-05-16 15:18:25.728179+00:00,2026_05_16
42,2025-08-29 14:39:04.729349375,https://overwatch.blizzard.com/en-us/rates/data/?map=all-maps&role=All&rq=1&input=PC&region=Asia&tier=Platinum,"{'map': 'all-maps', 'role': 'All', 'rq': '1', 'input': 'PC', 'region': 'Asia', 'tier': 'Platinum'}",All,,Asia,,,cassidy,Cassidy,39.3,46.4,DAMAGE,2026-05-16 15:18:25.728179+00:00,2026_05_16
42,2025-08-29 14:39:04.729349375,https://overwatch.blizzard.com/en-us/rates/data/?map=all-maps&role=All&rq=1&input=PC&region=Asia&tier=Platinum,"{'map': 'all-maps', 'role': 'All', 'rq': '1', 'input': 'PC', 'region': 'Asia', 'tier': 'Platinum'}",All,,Asia,,,dva,D.Va,9.3,48.3,TANK,2026-05-16 15:18:25.728179+00:00,2026_05_16
42,2025-08-29 14:39:04.729349375,https://overwatch.blizzard.com/en-us/rates/data/?map=all-maps&role=All&rq=1&input=PC&region=Asia&tier=Platinum,"{'map': 'all-maps', 'role': 'All', 'rq': '1', 'input': 'PC', 'region': 'Asia', 'tier': 'Platinum'}",All,,Asia,,,doomfist,Doomfist,10.0,53.4,TANK,2026-05-16 15:18:25.728179+00:00,2026_05_16
42,2025-08-29 14:39:04.729349375,https://overwatch.blizzard.com/en-us/rates/data/?map=all-maps&role=All&rq=1&input=PC&region=Asia&tier=Platinum,"{'map': 'all-maps', 'role': 'All', 'rq': '1', 'input': 'PC', 'region': 'Asia', 'tier': 'Platinum'}",All,,Asia,,,echo,Echo,4.1,50.4,DAMAGE,2026-05-16 15:18:25.728179+00:00,2026_05_16
42,2025-08-29 14:39:04.729349375,https://overwatch.blizzard.com/en-us/rates/data/?map=all-maps&role=All&rq=1&input=PC&region=Asia&tier=Platinum,"{'map': 'all-maps', 'role': 'All', 'rq': '1', 'input': 'PC', 'region': 'Asia', 'tier': 'Platinum'}",All,,Asia,,,freja,Freja,4.0,48.0,DAMAGE,2026-05-16 15:18:25.728179+00:00,2026_05_16
42,2025-08-29 14:39:04.729349375,https://overwatch.blizzard.com/en-us/rates/data/?map=all-maps&role=All&rq=1&input=PC&region=Asia&tier=Platinum,"{'map': 'all-maps', 'role': 'All', 'rq': '1', 'input': 'PC', 'region': 'Asia', 'tier': 'Platinum'}",All,,Asia,,,genji,Genji,29.9,54.5,DAMAGE,2026-05-16 15:18:25.728179+00:00,2026_05_16
42,2025-08-29 14:39:04.729349375,https://overwatch.blizzard.com/en-us/rates/data/?map=all-maps&role=All&rq=1&input=PC&region=Asia&tier=Platinum,"{'map': 'all-maps', 'role': 'All', 'rq': '1', 'input': 'PC', 'region': 'Asia', 'tier': 'Platinum'}",All,,Asia,,,hanzo,Hanzo,16.6,51.2,DAMAGE,2026-05-16 15:18:25.728179+00:00,2026_05_16
42,2025-08-29 14:39:04.729349375,https://overwatch.blizzard.com/en-us/rates/data/?map=all-maps&role=All&rq=1&input=PC&region=Asia&tier=Platinum,"{'map': 'all-maps', 'role': 'All', 'rq': '1', 'input': 'PC', 'region': 'Asia', 'tier': 'Platinum'}",All,,Asia,,,hazard,Hazard,8.7,54.3,TANK,2026-05-16 15:18:25.728179+00:00,2026_05_16
42,2025-08-29 14:39:04.729349375,https://overwatch.blizzard.com/en-us/rates/data/?map=all-maps&role=All&rq=1&input=PC&region=Asia&tier=Platinum,"{'map': 'all-maps', 'role': 'All', 'rq': '1', 'input': 'PC', 'region': 'Asia', 'tier': 'Platinum'}",All,,Asia,,,illari,Illari,5.9,50.6,SUPPORT,2026-05-16 15:18:25.728179+00:00,2026_05_16
42,2025-08-29 14:39:04.729349375,https://overwatch.blizzard.com/en-us/rates/data/?map=all-maps&role=All&rq=1&input=PC&region=Asia&tier=Platinum,"{'map': 'all-maps', 'role': 'All', 'rq': '1', 'input': 'PC', 'region': 'Asia', 'tier': 'Platinum'}",All,,Asia,,,junker-queen,Junker Queen,6.3,54.9,TANK,2026-05-16 15:18:25.728179+00:00,2026_05_16
42,2025-08-29 14:39:04.729349375,https://overwatch.blizzard.com/en-us/rates/data/?map=all-maps&role=All&rq=1&input=PC&region=Asia&tier=Platinum,"{'map': 'all-maps', 'role': 'All', 'rq': '1', 'input': 'PC', 'region': 'Asia', 'tier': 'Platinum'}",All,,Asia,,,junkrat,Junkrat,3.4,44.5,DAMAGE,2026-05-16 15:18:25.728179+00:00,2026_05_16
42,2025-08-29 14:39:04.729349375,https://overwatch.blizzard.com/en-us/rates/data/?map=all-maps&role=All&rq=1&input=PC&region=Asia&tier=Platinum,"{'map': 'all-maps', 'role': 'All', 'rq': '1', 'input': 'PC', 'region': 'Asia', 'tier': 'Platinum'}",All,,Asia,,,juno,Juno,10.2,48.9,SUPPORT,2026-05-16 15:18:25.728179+00:00,2026_05_16
42,2025-08-29 14:39:04.729349375,https://overwatch.blizzard.com/en-us/rates/data/?map=all-maps&role=All&rq=1&input=PC&region=Asia&tier=Platinum,"{'map': 'all-maps', 'role': 'All', 'rq': '1', 'input': 'PC', 'region': 'Asia', 'tier': 'Platinum'}",All,,Asia,,,kiriko,Kiriko,34.0,47.1,SUPPORT,2026-05-16 15:18:25.728179+00:00,2026_05_16
42,2025-08-29 14:39:04.729349375,https://overwatch.blizzard.com/en-us/rates/data/?map=all-maps&role=All&rq=1&input=PC&region=Asia&tier=Platinum,"{'map': 'all-maps', 'role': 'All', 'rq': '1', 'input': 'PC', 'region': 'Asia', 'tier': 'Platinum'}",All,,Asia,,,lifeweaver,Lifeweaver,5.1,41.9,SUPPORT,2026-05-16 15:18:25.728179+00:00,2026_05_16
42,2025-08-29 14:39:04.729349375,https://overwatch.blizzard.com/en-us/rates/data/?map=all-maps&role=All&rq=1&input=PC&region=Asia&tier=Platinum,"{'map': 'all-maps', 'role': 'All', 'rq': '1', 'input': 'PC', 'region': 'Asia', 'tier': 'Platinum'}",All,,Asia,,,lucio,Lúcio,8.8,52.3,SUPPORT,2026-05-16 15:18:25.728179+00:00,2026_05_16
42,2025-08-29 14:39:04.729349375,https://overwatch.blizzard.com/en-us/rates/data/?map=all-maps&role=All&rq=1&input=PC&region=Asia&tier=Platinum,"{'map': 'all-maps', 'role': 'All', 'rq': '1', 'input': 'PC', 'region': 'Asia', 'tier': 'Platinum'}",All,,Asia,,,mauga,Mauga,3.1,45.4,TANK,2026-05-16 15:18:25.728179+00:00,2026_05_16
42,2025-08-29 14:39:04.729349375,https://overwatch.blizzard.com/en-us/rates/data/?map=all-maps&role=All&rq=1&input=PC&region=Asia&tier=Platinum,"{'map': 'all-maps', 'role': 'All', 'rq': '1', 'input': 'PC', 'region': 'Asia', 'tier': 'Platinum'}",All,,Asia,,,mei,Mei,6.6,46.2,DAMAGE,2026-05-16 15:18:25.728179+00:00,2026_05_16
42,2025-08-29 14:39:04.729349375,https://overwatch.blizzard.com/en-us/rates/data/?map=all-maps&role=All&rq=1&input=PC&region=Asia&tier=Platinum,"{'map': 'all-maps', 'role': 'All', 'rq': '1', 'input': 'PC', 'region': 'Asia', 'tier': 'Platinum'}",All,,Asia,,,mercy,Mercy,6.9,47.4,SUPPORT,2026-05-16 15:18:25.728179+00:00,2026_05_16
42,2025-08-29 14:39:04.729349375,https://overwatch.blizzard.com/en-us/rates/data/?map=all-maps&role=All&rq=1&input=PC&region=Asia&tier=Platinum,"{'map': 'all-maps', 'role': 'All', 'rq': '1', 'input': 'PC', 'region': 'Asia', 'tier': 'Platinum'}",All,,Asia,,,moira,Moira,11.7,45.8,SUPPORT,2026-05-16 15:18:25.728179+00:00,2026_05_16
42,2025-08-29 14:39:04.729349375,https://overwatch.blizzard.com/en-us/rates/data/?map=all-maps&role=All&rq=1&input=PC&region=Asia&tier=Platinum,"{'map': 'all-maps', 'role': 'All', 'rq': '1', 'input': 'PC', 'region': 'Asia', 'tier': 'Platinum'}",All,,Asia,,,orisa,Orisa,10.0,44.8,TANK,2026-05-16 15:18:25.728179+00:00,2026_05_16
42,2025-08-29 14:39:04.729349375,https://overwatch.blizzard.com/en-us/rates/data/?map=all-maps&role=All&rq=1&input=PC&region=Asia&tier=Platinum,"{'map': 'all-maps', 'role': 'All', 'rq': '1', 'input': 'PC', 'region': 'Asia', 'tier': 'Platinum'}",All,,Asia,,,pharah,Pharah,5.5,50.0,DAMAGE,2026-05-16 15:18:25.728179+00:00,2026_05_16
42,2025-08-29 14:39:04.729349375,https://overwatch.blizzard.com/en-us/rates/data/?map=all-maps&role=All&rq=1&input=PC&region=Asia&tier=Platinum,"{'map': 'all-maps', 'role': 'All', 'rq': '1', 'input': 'PC', 'region': 'Asia', 'tier': 'Platinum'}",All,,Asia,,,ramattra,Ramattra,5.1,44.3,TANK,2026-05-16 15:18:25.728179+00:00,2026_05_16
42,2025-08-29 14:39:04.729349375,https://overwatch.blizzard.com/en-us/rates/data/?map=all-maps&role=All&rq=1&input=PC&region=Asia&tier=Platinum,"{'map': 'all-maps', 'role': 'All', 'rq': '1', 'input': 'PC', 'region': 'Asia', 'tier': 'Platinum'}",All,,Asia,,,reaper,Reaper,8.0,52.5,DAMAGE,2026-05-16 15:18:25.728179+00:00,2026_05_16
42,2025-08-29 14:39:04.729349375,https://overwatch.blizzard.com/en-us/rates/data/?map=all-maps&role=All&rq=1&input=PC&region=Asia&tier=Platinum,"{'map': 'all-maps', 'role': 'All', 'rq': '1', 'input': 'PC', 'region': 'Asia', 'tier': 'Platinum'}",All,,Asia,,,reinhardt,Reinhardt,8.7,48.8,TANK,2026-05-16 15:18:25.728179+00:00,2026_05_16
42,2025-08-29 14:39:04.729349375,https://overwatch.blizzard.com/en-us/rates/data/?map=all-maps&role=All&rq=1&input=PC&region=Asia&tier=Platinum,"{'map': 'all-maps', 'role': 'All', 'rq': '1', 'input': 'PC', 'region': 'Asia', 'tier': 'Platinum'}",All,,Asia,,,roadhog,Roadhog,3.6,30.9,TANK,2026-05-16 15:18:25.728179+00:00,2026_05_16
42,2025-08-29 14:39:04.729349375,https://overwatch.blizzard.com/en-us/rates/data/?map=all-maps&role=All&rq=1&input=PC&region=Asia&tier=Platinum,"{'map': 'all-maps', 'role': 'All', 'rq': '1', 'input': 'PC', 'region': 'Asia', 'tier': 'Platinum'}",All,,Asia,,,sigma,Sigma,10.5,53.1,TANK,2026-05-16 15:18:25.728179+00:00,2026_05_16
42,2025-08-29 14:39:04.729349375,https://overwatch.blizzard.com/en-us/rates/data/?map=all-maps&role=All&rq=1&input=PC&region=Asia&tier=Platinum,"{'map': 'all-maps', 'role': 'All', 'rq': '1', 'input': 'PC', 'region': 'Asia', 'tier': 'Platinum'}",All,,Asia,,,sojourn,Sojourn,17.0,46.7,DAMAGE,2026-05-16 15:18:25.728179+00:00,2026_05_16
42,2025-08-29 14:39:04.729349375,https://overwatch.blizzard.com/en-us/rates/data/?map=all-maps&role=All&rq=1&input=PC&region=Asia&tier=Platinum,"{'map': 'all-maps', 'role': 'All', 'rq': '1', 'input': 'PC', 'region': 'Asia', 'tier': 'Platinum'}",All,,Asia,,,soldier-76,Soldier: 76,13.6,47.7,DAMAGE,2026-05-16 15:18:25.728179+00:00,2026_05_16
42,2025-08-29 14:39:04.729349375,https://overwatch.blizzard.com/en-us/rates/data/?map=all-maps&role=All&rq=1&input=PC&region=Asia&tier=Platinum,"{'map': 'all-maps', 'role': 'All', 'rq': '1', 'input': 'PC', 'region': 'Asia', 'tier': 'Platinum'}",All,,Asia,,,sombra,Sombra,3.4,46.9,DAMAGE,2026-05-16 15:18:25.728179+00:00,2026_05_16
42,2025-08-29 14:39:04.729349375,https://overwatch.blizzard.com/en-us/rates/data/?map=all-maps&role=All&rq=1&input=PC&region=Asia&tier=Platinum,"{'map': 'all-maps', 'role': 'All', 'rq': '1', 'input': 'PC', 'region': 'Asia', 'tier': 'Platinum'}",All,,Asia,,,symmetra,Symmetra,4.7,53.2,DAMAGE,2026-05-16 15:18:25.728179+00:00,2026_05_16
42,2025-08-29 14:39:04.729349375,https://overwatch.blizzard.com/en-us/rates/data/?map=all-maps&role=All&rq=1&input=PC&region=Asia&tier=Platinum,"{'map': 'all-maps', 'role': 'All', 'rq': '1', 'input': 'PC', 'region': 'Asia', 'tier': 'Platinum'}",All,,Asia,,,torbjorn,Torbjörn,3.9,46.8,DAMAGE,2026-05-16 15:18:25.728179+00:00,2026_05_16
42,2025-08-29 14:39:04.729349375,https://overwatch.blizzard.com/en-us/rates/data/?map=all-maps&role=All&rq=1&input=PC&region=Asia&tier=Platinum,"{'map': 'all-maps', 'role': 'All', 'rq': '1', 'input': 'PC', 'region': 'Asia', 'tier': 'Platinum'}",All,,Asia,,,tracer,Tracer,16.0,52.3,DAMAGE,2026-05-16 15:18:25.728179+00:00,2026_05_16
42,2025-08-29 14:39:04.729349375,https://overwatch.blizzard.com/en-us/rates/data/?map=all-maps&role=All&rq=1&input=PC&region=Asia&tier=Platinum,"{'map': 'all-maps', 'role': 'All', 'rq': '1', 'input': 'PC', 'region': 'Asia', 'tier': 'Platinum'}",All,,Asia,,,venture,Venture,7.4,53.4,DAMAGE,2026-05-16 15:18:25.728179+00:00,2026_05_16
42,2025-08-29 14:39:04.729349375,https://overwatch.blizzard.com/en-us/rates/data/?map=all-maps&role=All&rq=1&input=PC&region=Asia&tier=Platinum,"{'map': 'all-maps', 'role': 'All', 'rq': '1', 'input': 'PC', 'region': 'Asia', 'tier': 'Platinum'}",All,,Asia,,,widowmaker,Widowmaker,4.7,48.9,DAMAGE,2026-05-16 15:18:25.728179+00:00,2026_05_16
42,2025-08-29 14:39:04.729349375,https://overwatch.blizzard.com/en-us/rates/data/?map=all-maps&role=All&rq=1&input=PC&region=Asia&tier=Platinum,"{'map': 'all-maps', 'role': 'All', 'rq': '1', 'input': 'PC', 'region': 'Asia', 'tier': 'Platinum'}",All,,Asia,,,winston,Winston,11.1,51.8,TANK,2026-05-16 15:18:25.728179+00:00,2026_05_16
42,2025-08-29 14:39:04.729349375,https://overwatch.blizzard.com/en-us/rates/data/?map=all-maps&role=All&rq=1&input=PC&region=Asia&tier=Platinum,"{'map': 'all-maps', 'role': 'All', 'rq': '1', 'input': 'PC', 'region': 'Asia', 'tier': 'Platinum'}",All,,Asia,,,wrecking-ball,Wrecking Ball,4.0,54.1,TANK,2026-05-16 15:18:25.728179+00:00,2026_05_16
42,2025-08-29 14:39:04.729349375,https://overwatch.blizzard.com/en-us/rates/data/?map=all-maps&role=All&rq=1&input=PC&region=Asia&tier=Platinum,"{'map': 'all-maps', 'role': 'All', 'rq': '1', 'input': 'PC', 'region': 'Asia', 'tier': 'Platinum'}",All,,Asia,,,wuyang,Wuyang,29.1,56.8,SUPPORT,2026-05-16 15:18:25.728179+00:00,2026_05_16
42,2025-08-29 14:39:04.729349375,https://overwatch.blizzard.com/en-us/rates/data/?map=all-maps&role=All&rq=1&input=PC&region=Asia&tier=Platinum,"{'map': 'all-maps', 'role': 'All', 'rq': '1', 'input': 'PC', 'region': 'Asia', 'tier': 'Platinum'}",All,,Asia,,,zarya,Zarya,9.6,49.9,TANK,2026-05-16 15:18:25.728179+00:00,2026_05_16
42,2025-08-29 14:39:04.729349375,https://overwatch.blizzard.com/en-us/rates/data/?map=all-maps&role=All&rq=1&input=PC&region=Asia&tier=Platinum,"{'map': 'all-maps', 'role': 'All', 'rq': '1', 'input': 'PC', 'region': 'Asia', 'tier': 'Platinum'}",All,,Asia,,,zenyatta,Zenyatta,16.6,52.3,SUPPORT,2026-05-16 15:18:25.728179+00:00,2026_05_16
43,2025-08-29 14:39:04.993749857,https://overwatch.blizzard.com/en-us/rates/data/?map=all-maps&role=All&rq=1&input=PC&region=Asia&tier=Diamond,"{'map': 'all-maps', 'role': 'All', 'rq': '1', 'input': 'PC', 'region': 'Asia', 'tier': 'Diamond'}",All,,Asia,,,ana,Ana,51.5,50.4,SUPPORT,2026-05-16 15:18:25.728179+00:00,2026_05_16
43,2025-08-29 14:39:04.993749857,https://overwatch.blizzard.com/en-us/rates/data/?map=all-maps&role=All&rq=1&input=PC&region=Asia&tier=Diamond,"{'map': 'all-maps', 'role': 'All', 'rq': '1', 'input': 'PC', 'region': 'Asia', 'tier': 'Diamond'}",All,,Asia,,,ashe,Ashe,5.0,48.8,DAMAGE,2026-05-16 15:18:25.728179+00:00,2026_05_16
43,2025-08-29 14:39:04.993749857,https://overwatch.blizzard.com/en-us/rates/data/?map=all-maps&role=All&rq=1&input=PC&region=Asia&tier=Diamond,"{'map': 'all-maps', 'role': 'All', 'rq': '1', 'input': 'PC', 'region': 'Asia', 'tier': 'Diamond'}",All,,Asia,,,baptiste,Baptiste,15.8,48.0,SUPPORT,2026-05-16 15:18:25.728179+00:00,2026_05_16
43,2025-08-29 14:39:04.993749857,https://overwatch.blizzard.com/en-us/rates/data/?map=all-maps&role=All&rq=1&input=PC&region=Asia&tier=Diamond,"{'map': 'all-maps', 'role': 'All', 'rq': '1', 'input': 'PC', 'region': 'Asia', 'tier': 'Diamond'}",All,,Asia,,,bastion,Bastion,2.1,48.1,DAMAGE,2026-05-16 15:18:25.728179+00:00,2026_05_16
43,2025-08-29 14:39:04.993749857,https://overwatch.blizzard.com/en-us/rates/data/?map=all-maps&role=All&rq=1&input=PC&region=Asia&tier=Diamond,"{'map': 'all-maps', 'role': 'All', 'rq': '1', 'input': 'PC', 'region': 'Asia', 'tier': 'Diamond'}",All,,Asia,,,brigitte,Brigitte,9.3,45.6,SUPPORT,2026-05-16 15:18:25.728179+00:00,2026_05_16
43,2025-08-29 14:39:04.993749857,https://overwatch.blizzard.com/en-us/rates/data/?map=all-maps&role=All&rq=1&input=PC&region=Asia&tier=Diamond,"{'map': 'all-maps', 'role': 'All', 'rq': '1', 'input': 'PC', 'region': 'Asia', 'tier': 'Diamond'}",All,,Asia,,,cassidy,Cassidy,40.5,45.3,DAMAGE,2026-05-16 15:18:25.728179+00:00,2026_05_16
43,2025-08-29 14:39:04.993749857,https://overwatch.blizzard.com/en-us/rates/data/?map=all-maps&role=All&rq=1&input=PC&region=Asia&tier=Diamond,"{'map': 'all-maps', 'role': 'All', 'rq': '1', 'input': 'PC', 'region': 'Asia', 'tier': 'Diamond'}",All,,Asia,,,dva,D.Va,7.8,48.9,TANK,2026-05-16 15:18:25.728179+00:00,2026_05_16
43,2025-08-29 14:39:04.993749857,https://overwatch.blizzard.com/en-us/rates/data/?map=all-maps&role=All&rq=1&input=PC&region=Asia&tier=Diamond,"{'map': 'all-maps', 'role': 'All', 'rq': '1', 'input': 'PC', 'region': 'Asia', 'tier': 'Diamond'}",All,,Asia,,,doomfist,Doomfist,13.4,50.7,TANK,2026-05-16 15:18:25.728179+00:00,2026_05_16
43,2025-08-29 14:39:04.993749857,https://overwatch.blizzard.com/en-us/rates/data/?map=all-maps&role=All&rq=1&input=PC&region=Asia&tier=Diamond,"{'map': 'all-maps', 'role': 'All', 'rq': '1', 'input': 'PC', 'region': 'Asia', 'tier': 'Diamond'}",All,,Asia,,,echo,Echo,4.5,50.6,DAMAGE,2026-05-16 15:18:25.728179+00:00,2026_05_16
43,2025-08-29 14:39:04.993749857,https://overwatch.blizzard.com/en-us/rates/data/?map=all-maps&role=All&rq=1&input=PC&region=Asia&tier=Diamond,"{'map': 'all-maps', 'role': 'All', 'rq': '1', 'input': 'PC', 'region': 'Asia', 'tier': 'Diamond'}",All,,Asia,,,freja,Freja,3.6,48.6,DAMAGE,2026-05-16 15:18:25.728179+00:00,2026_05_16
43,2025-08-29 14:39:04.993749857,https://overwatch.blizzard.com/en-us/rates/data/?map=all-maps&role=All&rq=1&input=PC&region=Asia&tier=Diamond,"{'map': 'all-maps', 'role': 'All', 'rq': '1', 'input': 'PC', 'region': 'Asia', 'tier': 'Diamond'}",All,,Asia,,,genji,Genji,32.1,52.6,DAMAGE,2026-05-16 15:18:25.728179+00:00,2026_05_16
43,2025-08-29 14:39:04.993749857,https://overwatch.blizzard.com/en-us/rates/data/?map=all-maps&role=All&rq=1&input=PC&region=Asia&tier=Diamond,"{'map': 'all-maps', 'role': 'All', 'rq': '1', 'input': 'PC', 'region': 'Asia', 'tier': 'Diamond'}",All,,Asia,,,hanzo,Hanzo,17.0,51.6,DAMAGE,2026-05-16 15:18:25.728179+00:00,2026_05_16
43,2025-08-29 14:39:04.993749857,https://overwatch.blizzard.com/en-us/rates/data/?map=all-maps&role=All&rq=1&input=PC&region=Asia&tier=Diamond,"{'map': 'all-maps', 'role': 'All', 'rq': '1', 'input': 'PC', 'region': 'Asia', 'tier': 'Diamond'}",All,,Asia,,,hazard,Hazard,13.2,53.2,TANK,2026-05-16 15:18:25.728179+00:00,2026_05_16
43,2025-08-29 14:39:04.993749857,https://overwatch.blizzard.com/en-us/rates/data/?map=all-maps&role=All&rq=1&input=PC&region=Asia&tier=Diamond,"{'map': 'all-maps', 'role': 'All', 'rq': '1', 'input': 'PC', 'region': 'Asia', 'tier': 'Diamond'}",All,,Asia,,,illari,Illari,8.9,52.7,SUPPORT,2026-05-16 15:18:25.728179+00:00,2026_05_16
43,2025-08-29 14:39:04.993749857,https://overwatch.blizzard.com/en-us/rates/data/?map=all-maps&role=All&rq=1&input=PC&region=Asia&tier=Diamond,"{'map': 'all-maps', 'role': 'All', 'rq': '1', 'input': 'PC', 'region': 'Asia', 'tier': 'Diamond'}",All,,Asia,,,junker-queen,Junker Queen,6.2,55.0,TANK,2026-05-16 15:18:25.728179+00:00,2026_05_16
43,2025-08-29 14:39:04.993749857,https://overwatch.blizzard.com/en-us/rates/data/?map=all-maps&role=All&rq=1&input=PC&region=Asia&tier=Diamond,"{'map': 'all-maps', 'role': 'All', 'rq': '1', 'input': 'PC', 'region': 'Asia', 'tier': 'Diamond'}",All,,Asia,,,junkrat,Junkrat,2.1,43.6,DAMAGE,2026-05-16 15:18:25.728179+00:00,2026_05_16
43,2025-08-29 14:39:04.993749857,https://overwatch.blizzard.com/en-us/rates/data/?map=all-maps&role=All&rq=1&input=PC&region=Asia&tier=Diamond,"{'map': 'all-maps', 'role': 'All', 'rq': '1', 'input': 'PC', 'region': 'Asia', 'tier': 'Diamond'}",All,,Asia,,,juno,Juno,6.4,49.2,SUPPORT,2026-05-16 15:18:25.728179+00:00,2026_05_16
43,2025-08-29 14:39:04.993749857,https://overwatch.blizzard.com/en-us/rates/data/?map=all-maps&role=All&rq=1&input=PC&region=Asia&tier=Diamond,"{'map': 'all-maps', 'role': 'All', 'rq': '1', 'input': 'PC', 'region': 'Asia', 'tier': 'Diamond'}",All,,Asia,,,kiriko,Kiriko,34.9,46.8,SUPPORT,2026-05-16 15:18:25.728179+00:00,2026_05_16
43,2025-08-29 14:39:04.993749857,https://overwatch.blizzard.com/en-us/rates/data/?map=all-maps&role=All&rq=1&input=PC&region=Asia&tier=Diamond,"{'map': 'all-maps', 'role': 'All', 'rq': '1', 'input': 'PC', 'region': 'Asia', 'tier': 'Diamond'}",All,,Asia,,,lifeweaver,Lifeweaver,3.4,37.4,SUPPORT,2026-05-16 15:18:25.728179+00:00,2026_05_16
43,2025-08-29 14:39:04.993749857,https://overwatch.blizzard.com/en-us/rates/data/?map=all-maps&role=All&rq=1&input=PC&region=Asia&tier=Diamond,"{'map': 'all-maps', 'role': 'All', 'rq': '1', 'input': 'PC', 'region': 'Asia', 'tier': 'Diamond'}",All,,Asia,,,lucio,Lúcio,12.0,53.1,SUPPORT,2026-05-16 15:18:25.728179+00:00,2026_05_16
43,2025-08-29 14:39:04.993749857,https://overwatch.blizzard.com/en-us/rates/data/?map=all-maps&role=All&rq=1&input=PC&region=Asia&tier=Diamond,"{'map': 'all-maps', 'role': 'All', 'rq': '1', 'input': 'PC', 'region': 'Asia', 'tier': 'Diamond'}",All,,Asia,,,mauga,Mauga,2.6,42.9,TANK,2026-05-16 15:18:25.728179+00:00,2026_05_16
43,2025-08-29 14:39:04.993749857,https://overwatch.blizzard.com/en-us/rates/data/?map=all-maps&role=All&rq=1&input=PC&region=Asia&tier=Diamond,"{'map': 'all-maps', 'role': 'All', 'rq': '1', 'input': 'PC', 'region': 'Asia', 'tier': 'Diamond'}",All,,Asia,,,mei,Mei,4.3,46.0,DAMAGE,2026-05-16 15:18:25.728179+00:00,2026_05_16
43,2025-08-29 14:39:04.993749857,https://overwatch.blizzard.com/en-us/rates/data/?map=all-maps&role=All&rq=1&input=PC&region=Asia&tier=Diamond,"{'map': 'all-maps', 'role': 'All', 'rq': '1', 'input': 'PC', 'region': 'Asia', 'tier': 'Diamond'}",All,,Asia,,,mercy,Mercy,4.4,46.7,SUPPORT,2026-05-16 15:18:25.728179+00:00,2026_05_16
43,2025-08-29 14:39:04.993749857,https://overwatch.blizzard.com/en-us/rates/data/?map=all-maps&role=All&rq=1&input=PC&region=Asia&tier=Diamond,"{'map': 'all-maps', 'role': 'All', 'rq': '1', 'input': 'PC', 'region': 'Asia', 'tier': 'Diamond'}",All,,Asia,,,moira,Moira,8.0,44.3,SUPPORT,2026-05-16 15:18:25.728179+00:00,2026_05_16
43,2025-08-29 14:39:04.993749857,https://overwatch.blizzard.com/en-us/rates/data/?map=all-maps&role=All&rq=1&input=PC&region=Asia&tier=Diamond,"{'map': 'all-maps', 'role': 'All', 'rq': '1', 'input': 'PC', 'region': 'Asia', 'tier': 'Diamond'}",All,,Asia,,,orisa,Orisa,8.0,44.7,TANK,2026-05-16 15:18:25.728179+00:00,2026_05_16
43,2025-08-29 14:39:04.993749857,https://overwatch.blizzard.com/en-us/rates/data/?map=all-maps&role=All&rq=1&input=PC&region=Asia&tier=Diamond,"{'map': 'all-maps', 'role': 'All', 'rq': '1', 'input': 'PC', 'region': 'Asia', 'tier': 'Diamond'}",All,,Asia,,,pharah,Pharah,4.8,50.1,DAMAGE,2026-05-16 15:18:25.728179+00:00,2026_05_16
43,2025-08-29 14:39:04.993749857,https://overwatch.blizzard.com/en-us/rates/data/?map=all-maps&role=All&rq=1&input=PC&region=Asia&tier=Diamond,"{'map': 'all-maps', 'role': 'All', 'rq': '1', 'input': 'PC', 'region': 'Asia', 'tier': 'Diamond'}",All,,Asia,,,ramattra,Ramattra,3.9,42.4,TANK,2026-05-16 15:18:25.728179+00:00,2026_05_16
43,2025-08-29 14:39:04.993749857,https://overwatch.blizzard.com/en-us/rates/data/?map=all-maps&role=All&rq=1&input=PC&region=Asia&tier=Diamond,"{'map': 'all-maps', 'role': 'All', 'rq': '1', 'input': 'PC', 'region': 'Asia', 'tier': 'Diamond'}",All,,Asia,,,reaper,Reaper,5.5,51.5,DAMAGE,2026-05-16 15:18:25.728179+00:00,2026_05_16
43,2025-08-29 14:39:04.993749857,https://overwatch.blizzard.com/en-us/rates/data/?map=all-maps&role=All&rq=1&input=PC&region=Asia&tier=Diamond,"{'map': 'all-maps', 'role': 'All', 'rq': '1', 'input': 'PC', 'region': 'Asia', 'tier': 'Diamond'}",All,,Asia,,,reinhardt,Reinhardt,6.5,46.2,TANK,2026-05-16 15:18:25.728179+00:00,2026_05_16
43,2025-08-29 14:39:04.993749857,https://overwatch.blizzard.com/en-us/rates/data/?map=all-maps&role=All&rq=1&input=PC&region=Asia&tier=Diamond,"{'map': 'all-maps', 'role': 'All', 'rq': '1', 'input': 'PC', 'region': 'Asia', 'tier': 'Diamond'}",All,,Asia,,,roadhog,Roadhog,2.6,30.6,TANK,2026-05-16 15:18:25.728179+00:00,2026_05_16
43,2025-08-29 14:39:04.993749857,https://overwatch.blizzard.com/en-us/rates/data/?map=all-maps&role=All&rq=1&input=PC&region=Asia&tier=Diamond,"{'map': 'all-maps', 'role': 'All', 'rq': '1', 'input': 'PC', 'region': 'Asia', 'tier': 'Diamond'}",All,,Asia,,,sigma,Sigma,9.3,53.0,TANK,2026-05-16 15:18:25.728179+00:00,2026_05_16
43,2025-08-29 14:39:04.993749857,https://overwatch.blizzard.com/en-us/rates/data/?map=all-maps&role=All&rq=1&input=PC&region=Asia&tier=Diamond,"{'map': 'all-maps', 'role': 'All', 'rq': '1', 'input': 'PC', 'region': 'Asia', 'tier': 'Diamond'}",All,,Asia,,,sojourn,Sojourn,18.8,48.1,DAMAGE,2026-05-16 15:18:25.728179+00:00,2026_05_16
43,2025-08-29 14:39:04.993749857,https://overwatch.blizzard.com/en-us/rates/data/?map=all-maps&role=All&rq=1&input=PC&region=Asia&tier=Diamond,"{'map': 'all-maps', 'role': 'All', 'rq': '1', 'input': 'PC', 'region': 'Asia', 'tier': 'Diamond'}",All,,Asia,,,soldier-76,Soldier: 76,8.6,47.5,DAMAGE,2026-05-16 15:18:25.728179+00:00,2026_05_16
43,2025-08-29 14:39:04.993749857,https://overwatch.blizzard.com/en-us/rates/data/?map=all-maps&role=All&rq=1&input=PC&region=Asia&tier=Diamond,"{'map': 'all-maps', 'role': 'All', 'rq': '1', 'input': 'PC', 'region': 'Asia', 'tier': 'Diamond'}",All,,Asia,,,sombra,Sombra,4.1,44.9,DAMAGE,2026-05-16 15:18:25.728179+00:00,2026_05_16
43,2025-08-29 14:39:04.993749857,https://overwatch.blizzard.com/en-us/rates/data/?map=all-maps&role=All&rq=1&input=PC&region=Asia&tier=Diamond,"{'map': 'all-maps', 'role': 'All', 'rq': '1', 'input': 'PC', 'region': 'Asia', 'tier': 'Diamond'}",All,,Asia,,,symmetra,Symmetra,4.3,52.7,DAMAGE,2026-05-16 15:18:25.728179+00:00,2026_05_16
43,2025-08-29 14:39:04.993749857,https://overwatch.blizzard.com/en-us/rates/data/?map=all-maps&role=All&rq=1&input=PC&region=Asia&tier=Diamond,"{'map': 'all-maps', 'role': 'All', 'rq': '1', 'input': 'PC', 'region': 'Asia', 'tier': 'Diamond'}",All,,Asia,,,torbjorn,Torbjörn,2.7,41.0,DAMAGE,2026-05-16 15:18:25.728179+00:00,2026_05_16
43,2025-08-29 14:39:04.993749857,https://overwatch.blizzard.com/en-us/rates/data/?map=all-maps&role=All&rq=1&input=PC&region=Asia&tier=Diamond,"{'map': 'all-maps', 'role': 'All', 'rq': '1', 'input': 'PC', 'region': 'Asia', 'tier': 'Diamond'}",All,,Asia,,,tracer,Tracer,28.1,54.5,DAMAGE,2026-05-16 15:18:25.728179+00:00,2026_05_16
43,2025-08-29 14:39:04.993749857,https://overwatch.blizzard.com/en-us/rates/data/?map=all-maps&role=All&rq=1&input=PC&region=Asia&tier=Diamond,"{'map': 'all-maps', 'role': 'All', 'rq': '1', 'input': 'PC', 'region': 'Asia', 'tier': 'Diamond'}",All,,Asia,,,venture,Venture,7.3,53.4,DAMAGE,2026-05-16 15:18:25.728179+00:00,2026_05_16
43,2025-08-29 14:39:04.993749857,https://overwatch.blizzard.com/en-us/rates/data/?map=all-maps&role=All&rq=1&input=PC&region=Asia&tier=Diamond,"{'map': 'all-maps', 'role': 'All', 'rq': '1', 'input': 'PC', 'region': 'Asia', 'tier': 'Diamond'}",All,,Asia,,,widowmaker,Widowmaker,4.5,46.7,DAMAGE,2026-05-16 15:18:25.728179+00:00,2026_05_16
43,2025-08-29 14:39:04.993749857,https://overwatch.blizzard.com/en-us/rates/data/?map=all-maps&role=All&rq=1&input=PC&region=Asia&tier=Diamond,"{'map': 'all-maps', 'role': 'All', 'rq': '1', 'input': 'PC', 'region': 'Asia', 'tier': 'Diamond'}",All,,Asia,,,winston,Winston,14.6,52.8,TANK,2026-05-16 15:18:25.728179+00:00,2026_05_16
43,2025-08-29 14:39:04.993749857,https://overwatch.blizzard.com/en-us/rates/data/?map=all-maps&role=All&rq=1&input=PC&region=Asia&tier=Diamond,"{'map': 'all-maps', 'role': 'All', 'rq': '1', 'input': 'PC', 'region': 'Asia', 'tier': 'Diamond'}",All,,Asia,,,wrecking-ball,Wrecking Ball,4.1,52.2,TANK,2026-05-16 15:18:25.728179+00:00,2026_05_16
43,2025-08-29 14:39:04.993749857,https://overwatch.blizzard.com/en-us/rates/data/?map=all-maps&role=All&rq=1&input=PC&region=Asia&tier=Diamond,"{'map': 'all-maps', 'role': 'All', 'rq': '1', 'input': 'PC', 'region': 'Asia', 'tier': 'Diamond'}",All,,Asia,,,wuyang,Wuyang,28.6,56.1,SUPPORT,2026-05-16 15:18:25.728179+00:00,2026_05_16
43,2025-08-29 14:39:04.993749857,https://overwatch.blizzard.com/en-us/rates/data/?map=all-maps&role=All&rq=1&input=PC&region=Asia&tier=Diamond,"{'map': 'all-maps', 'role': 'All', 'rq': '1', 'input': 'PC', 'region': 'Asia', 'tier': 'Diamond'}",All,,Asia,,,zarya,Zarya,7.7,50.1,TANK,2026-05-16 15:18:25.728179+00:00,2026_05_16
43,2025-08-29 14:39:04.993749857,https://overwatch.blizzard.com/en-us/rates/data/?map=all-maps&role=All&rq=1&input=PC&region=Asia&tier=Diamond,"{'map': 'all-maps', 'role': 'All', 'rq': '1', 'input': 'PC', 'region': 'Asia', 'tier': 'Diamond'}",All,,Asia,,,zenyatta,Zenyatta,16.8,51.6,SUPPORT,2026-05-16 15:18:25.728179+00:00,2026_05_16
44,2025-08-29 14:39:05.252349615,https://overwatch.blizzard.com/en-us/rates/data/?map=all-maps&role=All&rq=1&input=PC&region=Asia&tier=Master,"{'map': 'all-maps', 'role': 'All', 'rq': '1', 'input': 'PC', 'region': 'Asia', 'tier': 'Master'}",All,,Asia,,,ana,Ana,44.7,52.9,SUPPORT,2026-05-16 15:18:25.728179+00:00,2026_05_16
44,2025-08-29 14:39:05.252349615,https://overwatch.blizzard.com/en-us/rates/data/?map=all-maps&role=All&rq=1&input=PC&region=Asia&tier=Master,"{'map': 'all-maps', 'role': 'All', 'rq': '1', 'input': 'PC', 'region': 'Asia', 'tier': 'Master'}",All,,Asia,,,ashe,Ashe,2.1,46.1,DAMAGE,2026-05-16 15:18:25.728179+00:00,2026_05_16
44,2025-08-29 14:39:05.252349615,https://overwatch.blizzard.com/en-us/rates/data/?map=all-maps&role=All&rq=1&input=PC&region=Asia&tier=Master,"{'map': 'all-maps', 'role': 'All', 'rq': '1', 'input': 'PC', 'region': 'Asia', 'tier': 'Master'}",All,,Asia,,,baptiste,Baptiste,23.0,52.9,SUPPORT,2026-05-16 15:18:25.728179+00:00,2026_05_16
44,2025-08-29 14:39:05.252349615,https://overwatch.blizzard.com/en-us/rates/data/?map=all-maps&role=All&rq=1&input=PC&region=Asia&tier=Master,"{'map': 'all-maps', 'role': 'All', 'rq': '1', 'input': 'PC', 'region': 'Asia', 'tier': 'Master'}",All,,Asia,,,bastion,Bastion,0.8,26.8,DAMAGE,2026-05-16 15:18:25.728179+00:00,2026_05_16
44,2025-08-29 14:39:05.252349615,https://overwatch.blizzard.com/en-us/rates/data/?map=all-maps&role=All&rq=1&input=PC&region=Asia&tier=Master,"{'map': 'all-maps', 'role': 'All', 'rq': '1', 'input': 'PC', 'region': 'Asia', 'tier': 'Master'}",All,,Asia,,,brigitte,Brigitte,11.9,47.7,SUPPORT,2026-05-16 15:18:25.728179+00:00,2026_05_16
44,2025-08-29 14:39:05.252349615,https://overwatch.blizzard.com/en-us/rates/data/?map=all-maps&role=All&rq=1&input=PC&region=Asia&tier=Master,"{'map': 'all-maps', 'role': 'All', 'rq': '1', 'input': 'PC', 'region': 'Asia', 'tier': 'Master'}",All,,Asia,,,cassidy,Cassidy,33.7,49.4,DAMAGE,2026-05-16 15:18:25.728179+00:00,2026_05_16
44,2025-08-29 14:39:05.252349615,https://overwatch.blizzard.com/en-us/rates/data/?map=all-maps&role=All&rq=1&input=PC&region=Asia&tier=Master,"{'map': 'all-maps', 'role': 'All', 'rq': '1', 'input': 'PC', 'region': 'Asia', 'tier': 'Master'}",All,,Asia,,,dva,D.Va,9.5,51.7,TANK,2026-05-16 15:18:25.728179+00:00,2026_05_16
44,2025-08-29 14:39:05.252349615,https://overwatch.blizzard.com/en-us/rates/data/?map=all-maps&role=All&rq=1&input=PC&region=Asia&tier=Master,"{'map': 'all-maps', 'role': 'All', 'rq': '1', 'input': 'PC', 'region': 'Asia', 'tier': 'Master'}",All,,Asia,,,doomfist,Doomfist,13.4,46.4,TANK,2026-05-16 15:18:25.728179+00:00,2026_05_16
44,2025-08-29 14:39:05.252349615,https://overwatch.blizzard.com/en-us/rates/data/?map=all-maps&role=All&rq=1&input=PC&region=Asia&tier=Master,"{'map': 'all-maps', 'role': 'All', 'rq': '1', 'input': 'PC', 'region': 'Asia', 'tier': 'Master'}",All,,Asia,,,echo,Echo,4.8,48.0,DAMAGE,2026-05-16 15:18:25.728179+00:00,2026_05_16
44,2025-08-29 14:39:05.252349615,https://overwatch.blizzard.com/en-us/rates/data/?map=all-maps&role=All&rq=1&input=PC&region=Asia&tier=Master,"{'map': 'all-maps', 'role': 'All', 'rq': '1', 'input': 'PC', 'region': 'Asia', 'tier': 'Master'}",All,,Asia,,,freja,Freja,5.4,47.7,DAMAGE,2026-05-16 15:18:25.728179+00:00,2026_05_16
44,2025-08-29 14:39:05.252349615,https://overwatch.blizzard.com/en-us/rates/data/?map=all-maps&role=All&rq=1&input=PC&region=Asia&tier=Master,"{'map': 'all-maps', 'role': 'All', 'rq': '1', 'input': 'PC', 'region': 'Asia', 'tier': 'Master'}",All,,Asia,,,genji,Genji,26.1,50.6,DAMAGE,2026-05-16 15:18:25.728179+00:00,2026_05_16
44,2025-08-29 14:39:05.252349615,https://overwatch.blizzard.com/en-us/rates/data/?map=all-maps&role=All&rq=1&input=PC&region=Asia&tier=Master,"{'map': 'all-maps', 'role': 'All', 'rq': '1', 'input': 'PC', 'region': 'Asia', 'tier': 'Master'}",All,,Asia,,,hanzo,Hanzo,20.4,48.9,DAMAGE,2026-05-16 15:18:25.728179+00:00,2026_05_16
44,2025-08-29 14:39:05.252349615,https://overwatch.blizzard.com/en-us/rates/data/?map=all-maps&role=All&rq=1&input=PC&region=Asia&tier=Master,"{'map': 'all-maps', 'role': 'All', 'rq': '1', 'input': 'PC', 'region': 'Asia', 'tier': 'Master'}",All,,Asia,,,hazard,Hazard,19.3,55.2,TANK,2026-05-16 15:18:25.728179+00:00,2026_05_16
44,2025-08-29 14:39:05.252349615,https://overwatch.blizzard.com/en-us/rates/data/?map=all-maps&role=All&rq=1&input=PC&region=Asia&tier=Master,"{'map': 'all-maps', 'role': 'All', 'rq': '1', 'input': 'PC', 'region': 'Asia', 'tier': 'Master'}",All,,Asia,,,illari,Illari,12.1,51.7,SUPPORT,2026-05-16 15:18:25.728179+00:00,2026_05_16
44,2025-08-29 14:39:05.252349615,https://overwatch.blizzard.com/en-us/rates/data/?map=all-maps&role=All&rq=1&input=PC&region=Asia&tier=Master,"{'map': 'all-maps', 'role': 'All', 'rq': '1', 'input': 'PC', 'region': 'Asia', 'tier': 'Master'}",All,,Asia,,,junker-queen,Junker Queen,5.3,48.6,TANK,2026-05-16 15:18:25.728179+00:00,2026_05_16
44,2025-08-29 14:39:05.252349615,https://overwatch.blizzard.com/en-us/rates/data/?map=all-maps&role=All&rq=1&input=PC&region=Asia&tier=Master,"{'map': 'all-maps', 'role': 'All', 'rq': '1', 'input': 'PC', 'region': 'Asia', 'tier': 'Master'}",All,,Asia,,,junkrat,Junkrat,1.9,53.1,DAMAGE,2026-05-16 15:18:25.728179+00:00,2026_05_16
44,2025-08-29 14:39:05.252349615,https://overwatch.blizzard.com/en-us/rates/data/?map=all-maps&role=All&rq=1&input=PC&region=Asia&tier=Master,"{'map': 'all-maps', 'role': 'All', 'rq': '1', 'input': 'PC', 'region': 'Asia', 'tier': 'Master'}",All,,Asia,,,juno,Juno,3.6,38.8,SUPPORT,2026-05-16 15:18:25.728179+00:00,2026_05_16
44,2025-08-29 14:39:05.252349615,https://overwatch.blizzard.com/en-us/rates/data/?map=all-maps&role=All&rq=1&input=PC&region=Asia&tier=Master,"{'map': 'all-maps', 'role': 'All', 'rq': '1', 'input': 'PC', 'region': 'Asia', 'tier': 'Master'}",All,,Asia,,,kiriko,Kiriko,35.2,46.4,SUPPORT,2026-05-16 15:18:25.728179+00:00,2026_05_16
44,2025-08-29 14:39:05.252349615,https://overwatch.blizzard.com/en-us/rates/data/?map=all-maps&role=All&rq=1&input=PC&region=Asia&tier=Master,"{'map': 'all-maps', 'role': 'All', 'rq': '1', 'input': 'PC', 'region': 'Asia', 'tier': 'Master'}",All,,Asia,,,lifeweaver,Lifeweaver,2.5,35.2,SUPPORT,2026-05-16 15:18:25.728179+00:00,2026_05_16
44,2025-08-29 14:39:05.252349615,https://overwatch.blizzard.com/en-us/rates/data/?map=all-maps&role=All&rq=1&input=PC&region=Asia&tier=Master,"{'map': 'all-maps', 'role': 'All', 'rq': '1', 'input': 'PC', 'region': 'Asia', 'tier': 'Master'}",All,,Asia,,,lucio,Lúcio,15.9,49.9,SUPPORT,2026-05-16 15:18:25.728179+00:00,2026_05_16
44,2025-08-29 14:39:05.252349615,https://overwatch.blizzard.com/en-us/rates/data/?map=all-maps&role=All&rq=1&input=PC&region=Asia&tier=Master,"{'map': 'all-maps', 'role': 'All', 'rq': '1', 'input': 'PC', 'region': 'Asia', 'tier': 'Master'}",All,,Asia,,,mauga,Mauga,1.5,60.1,TANK,2026-05-16 15:18:25.728179+00:00,2026_05_16
44,2025-08-29 14:39:05.252349615,https://overwatch.blizzard.com/en-us/rates/data/?map=all-maps&role=All&rq=1&input=PC&region=Asia&tier=Master,"{'map': 'all-maps', 'role': 'All', 'rq': '1', 'input': 'PC', 'region': 'Asia', 'tier': 'Master'}",All,,Asia,,,mei,Mei,3.2,39.4,DAMAGE,2026-05-16 15:18:25.728179+00:00,2026_05_16
44,2025-08-29 14:39:05.252349615,https://overwatch.blizzard.com/en-us/rates/data/?map=all-maps&role=All&rq=1&input=PC&region=Asia&tier=Master,"{'map': 'all-maps', 'role': 'All', 'rq': '1', 'input': 'PC', 'region': 'Asia', 'tier': 'Master'}",All,,Asia,,,mercy,Mercy,2.7,50.5,SUPPORT,2026-05-16 15:18:25.728179+00:00,2026_05_16
44,2025-08-29 14:39:05.252349615,https://overwatch.blizzard.com/en-us/rates/data/?map=all-maps&role=All&rq=1&input=PC&region=Asia&tier=Master,"{'map': 'all-maps', 'role': 'All', 'rq': '1', 'input': 'PC', 'region': 'Asia', 'tier': 'Master'}",All,,Asia,,,moira,Moira,6.4,39.4,SUPPORT,2026-05-16 15:18:25.728179+00:00,2026_05_16
44,2025-08-29 14:39:05.252349615,https://overwatch.blizzard.com/en-us/rates/data/?map=all-maps&role=All&rq=1&input=PC&region=Asia&tier=Master,"{'map': 'all-maps', 'role': 'All', 'rq': '1', 'input': 'PC', 'region': 'Asia', 'tier': 'Master'}",All,,Asia,,,orisa,Orisa,12.5,46.5,TANK,2026-05-16 15:18:25.728179+00:00,2026_05_16
44,2025-08-29 14:39:05.252349615,https://overwatch.blizzard.com/en-us/rates/data/?map=all-maps&role=All&rq=1&input=PC&region=Asia&tier=Master,"{'map': 'all-maps', 'role': 'All', 'rq': '1', 'input': 'PC', 'region': 'Asia', 'tier': 'Master'}",All,,Asia,,,pharah,Pharah,3.3,40.1,DAMAGE,2026-05-16 15:18:25.728179+00:00,2026_05_16
44,2025-08-29 14:39:05.252349615,https://overwatch.blizzard.com/en-us/rates/data/?map=all-maps&role=All&rq=1&input=PC&region=Asia&tier=Master,"{'map': 'all-maps', 'role': 'All', 'rq': '1', 'input': 'PC', 'region': 'Asia', 'tier': 'Master'}",All,,Asia,,,ramattra,Ramattra,2.6,35.5,TANK,2026-05-16 15:18:25.728179+00:00,2026_05_16
44,2025-08-29 14:39:05.252349615,https://overwatch.blizzard.com/en-us/rates/data/?map=all-maps&role=All&rq=1&input=PC&region=Asia&tier=Master,"{'map': 'all-maps', 'role': 'All', 'rq': '1', 'input': 'PC', 'region': 'Asia', 'tier': 'Master'}",All,,Asia,,,reaper,Reaper,3.0,53.5,DAMAGE,2026-05-16 15:18:25.728179+00:00,2026_05_16
44,2025-08-29 14:39:05.252349615,https://overwatch.blizzard.com/en-us/rates/data/?map=all-maps&role=All&rq=1&input=PC&region=Asia&tier=Master,"{'map': 'all-maps', 'role': 'All', 'rq': '1', 'input': 'PC', 'region': 'Asia', 'tier': 'Master'}",All,,Asia,,,reinhardt,Reinhardt,3.6,34.1,TANK,2026-05-16 15:18:25.728179+00:00,2026_05_16
44,2025-08-29 14:39:05.252349615,https://overwatch.blizzard.com/en-us/rates/data/?map=all-maps&role=All&rq=1&input=PC&region=Asia&tier=Master,"{'map': 'all-maps', 'role': 'All', 'rq': '1', 'input': 'PC', 'region': 'Asia', 'tier': 'Master'}",All,,Asia,,,roadhog,Roadhog,1.7,20.2,TANK,2026-05-16 15:18:25.728179+00:00,2026_05_16
44,2025-08-29 14:39:05.252349615,https://overwatch.blizzard.com/en-us/rates/data/?map=all-maps&role=All&rq=1&input=PC&region=Asia&tier=Master,"{'map': 'all-maps', 'role': 'All', 'rq': '1', 'input': 'PC', 'region': 'Asia', 'tier': 'Master'}",All,,Asia,,,sigma,Sigma,10.4,61.0,TANK,2026-05-16 15:18:25.728179+00:00,2026_05_16
44,2025-08-29 14:39:05.252349615,https://overwatch.blizzard.com/en-us/rates/data/?map=all-maps&role=All&rq=1&input=PC&region=Asia&tier=Master,"{'map': 'all-maps', 'role': 'All', 'rq': '1', 'input': 'PC', 'region': 'Asia', 'tier': 'Master'}",All,,Asia,,,sojourn,Sojourn,22.1,50.6,DAMAGE,2026-05-16 15:18:25.728179+00:00,2026_05_16
44,2025-08-29 14:39:05.252349615,https://overwatch.blizzard.com/en-us/rates/data/?map=all-maps&role=All&rq=1&input=PC&region=Asia&tier=Master,"{'map': 'all-maps', 'role': 'All', 'rq': '1', 'input': 'PC', 'region': 'Asia', 'tier': 'Master'}",All,,Asia,,,soldier-76,Soldier: 76,4.8,47.7,DAMAGE,2026-05-16 15:18:25.728179+00:00,2026_05_16
44,2025-08-29 14:39:05.252349615,https://overwatch.blizzard.com/en-us/rates/data/?map=all-maps&role=All&rq=1&input=PC&region=Asia&tier=Master,"{'map': 'all-maps', 'role': 'All', 'rq': '1', 'input': 'PC', 'region': 'Asia', 'tier': 'Master'}",All,,Asia,,,sombra,Sombra,2.9,55.0,DAMAGE,2026-05-16 15:18:25.728179+00:00,2026_05_16
44,2025-08-29 14:39:05.252349615,https://overwatch.blizzard.com/en-us/rates/data/?map=all-maps&role=All&rq=1&input=PC&region=Asia&tier=Master,"{'map': 'all-maps', 'role': 'All', 'rq': '1', 'input': 'PC', 'region': 'Asia', 'tier': 'Master'}",All,,Asia,,,symmetra,Symmetra,7.2,56.2,DAMAGE,2026-05-16 15:18:25.728179+00:00,2026_05_16
44,2025-08-29 14:39:05.252349615,https://overwatch.blizzard.com/en-us/rates/data/?map=all-maps&role=All&rq=1&input=PC&region=Asia&tier=Master,"{'map': 'all-maps', 'role': 'All', 'rq': '1', 'input': 'PC', 'region': 'Asia', 'tier': 'Master'}",All,,Asia,,,torbjorn,Torbjörn,2.3,42.0,DAMAGE,2026-05-16 15:18:25.728179+00:00,2026_05_16
44,2025-08-29 14:39:05.252349615,https://overwatch.blizzard.com/en-us/rates/data/?map=all-maps&role=All&rq=1&input=PC&region=Asia&tier=Master,"{'map': 'all-maps', 'role': 'All', 'rq': '1', 'input': 'PC', 'region': 'Asia', 'tier': 'Master'}",All,,Asia,,,tracer,Tracer,46.1,52.5,DAMAGE,2026-05-16 15:18:25.728179+00:00,2026_05_16
44,2025-08-29 14:39:05.252349615,https://overwatch.blizzard.com/en-us/rates/data/?map=all-maps&role=All&rq=1&input=PC&region=Asia&tier=Master,"{'map': 'all-maps', 'role': 'All', 'rq': '1', 'input': 'PC', 'region': 'Asia', 'tier': 'Master'}",All,,Asia,,,venture,Venture,6.4,51.2,DAMAGE,2026-05-16 15:18:25.728179+00:00,2026_05_16
44,2025-08-29 14:39:05.252349615,https://overwatch.blizzard.com/en-us/rates/data/?map=all-maps&role=All&rq=1&input=PC&region=Asia&tier=Master,"{'map': 'all-maps', 'role': 'All', 'rq': '1', 'input': 'PC', 'region': 'Asia', 'tier': 'Master'}",All,,Asia,,,widowmaker,Widowmaker,5.2,44.9,DAMAGE,2026-05-16 15:18:25.728179+00:00,2026_05_16
44,2025-08-29 14:39:05.252349615,https://overwatch.blizzard.com/en-us/rates/data/?map=all-maps&role=All&rq=1&input=PC&region=Asia&tier=Master,"{'map': 'all-maps', 'role': 'All', 'rq': '1', 'input': 'PC', 'region': 'Asia', 'tier': 'Master'}",All,,Asia,,,winston,Winston,13.9,54.2,TANK,2026-05-16 15:18:25.728179+00:00,2026_05_16
44,2025-08-29 14:39:05.252349615,https://overwatch.blizzard.com/en-us/rates/data/?map=all-maps&role=All&rq=1&input=PC&region=Asia&tier=Master,"{'map': 'all-maps', 'role': 'All', 'rq': '1', 'input': 'PC', 'region': 'Asia', 'tier': 'Master'}",All,,Asia,,,wrecking-ball,Wrecking Ball,1.3,42.1,TANK,2026-05-16 15:18:25.728179+00:00,2026_05_16
44,2025-08-29 14:39:05.252349615,https://overwatch.blizzard.com/en-us/rates/data/?map=all-maps&role=All&rq=1&input=PC&region=Asia&tier=Master,"{'map': 'all-maps', 'role': 'All', 'rq': '1', 'input': 'PC', 'region': 'Asia', 'tier': 'Master'}",All,,Asia,,,wuyang,Wuyang,28.0,52.4,SUPPORT,2026-05-16 15:18:25.728179+00:00,2026_05_16
44,2025-08-29 14:39:05.252349615,https://overwatch.blizzard.com/en-us/rates/data/?map=all-maps&role=All&rq=1&input=PC&region=Asia&tier=Master,"{'map': 'all-maps', 'role': 'All', 'rq': '1', 'input': 'PC', 'region': 'Asia', 'tier': 'Master'}",All,,Asia,,,zarya,Zarya,6.4,44.3,TANK,2026-05-16 15:18:25.728179+00:00,2026_05_16
44,2025-08-29 14:39:05.252349615,https://overwatch.blizzard.com/en-us/rates/data/?map=all-maps&role=All&rq=1&input=PC&region=Asia&tier=Master,"{'map': 'all-maps', 'role': 'All', 'rq': '1', 'input': 'PC', 'region': 'Asia', 'tier': 'Master'}",All,,Asia,,,zenyatta,Zenyatta,14.3,54.6,SUPPORT,2026-05-16 15:18:25.728179+00:00,2026_05_16
45,2025-08-29 14:39:05.512262583,https://overwatch.blizzard.com/en-us/rates/data/?map=all-maps&role=All&rq=1&input=PC&region=Asia&tier=Grandmaster,"{'map': 'all-maps', 'role': 'All', 'rq': '1', 'input': 'PC', 'region': 'Asia', 'tier': 'Grandmaster'}",All,,Asia,,,ana,Ana,35.8,67.2,SUPPORT,2026-05-16 15:18:25.728179+00:00,2026_05_16
45,2025-08-29 14:39:05.512262583,https://overwatch.blizzard.com/en-us/rates/data/?map=all-maps&role=All&rq=1&input=PC&region=Asia&tier=Grandmaster,"{'map': 'all-maps', 'role': 'All', 'rq': '1', 'input': 'PC', 'region': 'Asia', 'tier': 'Grandmaster'}",All,,Asia,,,ashe,Ashe,0.2,81.8,DAMAGE,2026-05-16 15:18:25.728179+00:00,2026_05_16
45,2025-08-29 14:39:05.512262583,https://overwatch.blizzard.com/en-us/rates/data/?map=all-maps&role=All&rq=1&input=PC&region=Asia&tier=Grandmaster,"{'map': 'all-maps', 'role': 'All', 'rq': '1', 'input': 'PC', 'region': 'Asia', 'tier': 'Grandmaster'}",All,,Asia,,,baptiste,Baptiste,30.1,60.7,SUPPORT,2026-05-16 15:18:25.728179+00:00,2026_05_16
45,2025-08-29 14:39:05.512262583,https://overwatch.blizzard.com/en-us/rates/data/?map=all-maps&role=All&rq=1&input=PC&region=Asia&tier=Grandmaster,"{'map': 'all-maps', 'role': 'All', 'rq': '1', 'input': 'PC', 'region': 'Asia', 'tier': 'Grandmaster'}",All,,Asia,,,bastion,Bastion,-1.0,-1.0,DAMAGE,2026-05-16 15:18:25.728179+00:00,2026_05_16
45,2025-08-29 14:39:05.512262583,https://overwatch.blizzard.com/en-us/rates/data/?map=all-maps&role=All&rq=1&input=PC&region=Asia&tier=Grandmaster,"{'map': 'all-maps', 'role': 'All', 'rq': '1', 'input': 'PC', 'region': 'Asia', 'tier': 'Grandmaster'}",All,,Asia,,,brigitte,Brigitte,26.5,28.3,SUPPORT,2026-05-16 15:18:25.728179+00:00,2026_05_16
45,2025-08-29 14:39:05.512262583,https://overwatch.blizzard.com/en-us/rates/data/?map=all-maps&role=All&rq=1&input=PC&region=Asia&tier=Grandmaster,"{'map': 'all-maps', 'role': 'All', 'rq': '1', 'input': 'PC', 'region': 'Asia', 'tier': 'Grandmaster'}",All,,Asia,,,cassidy,Cassidy,26.7,29.9,DAMAGE,2026-05-16 15:18:25.728179+00:00,2026_05_16
45,2025-08-29 14:39:05.512262583,https://overwatch.blizzard.com/en-us/rates/data/?map=all-maps&role=All&rq=1&input=PC&region=Asia&tier=Grandmaster,"{'map': 'all-maps', 'role': 'All', 'rq': '1', 'input': 'PC', 'region': 'Asia', 'tier': 'Grandmaster'}",All,,Asia,,,dva,D.Va,27.7,34.4,TANK,2026-05-16 15:18:25.728179+00:00,2026_05_16
45,2025-08-29 14:39:05.512262583,https://overwatch.blizzard.com/en-us/rates/data/?map=all-maps&role=All&rq=1&input=PC&region=Asia&tier=Grandmaster,"{'map': 'all-maps', 'role': 'All', 'rq': '1', 'input': 'PC', 'region': 'Asia', 'tier': 'Grandmaster'}",All,,Asia,,,doomfist,Doomfist,42.8,62.5,TANK,2026-05-16 15:18:25.728179+00:00,2026_05_16
45,2025-08-29 14:39:05.512262583,https://overwatch.blizzard.com/en-us/rates/data/?map=all-maps&role=All&rq=1&input=PC&region=Asia&tier=Grandmaster,"{'map': 'all-maps', 'role': 'All', 'rq': '1', 'input': 'PC', 'region': 'Asia', 'tier': 'Grandmaster'}",All,,Asia,,,echo,Echo,18.7,4.8,DAMAGE,2026-05-16 15:18:25.728179+00:00,2026_05_16
45,2025-08-29 14:39:05.512262583,https://overwatch.blizzard.com/en-us/rates/data/?map=all-maps&role=All&rq=1&input=PC&region=Asia&tier=Grandmaster,"{'map': 'all-maps', 'role': 'All', 'rq': '1', 'input': 'PC', 'region': 'Asia', 'tier': 'Grandmaster'}",All,,Asia,,,freja,Freja,30.6,53.1,DAMAGE,2026-05-16 15:18:25.728179+00:00,2026_05_16
45,2025-08-29 14:39:05.512262583,https://overwatch.blizzard.com/en-us/rates/data/?map=all-maps&role=All&rq=1&input=PC&region=Asia&tier=Grandmaster,"{'map': 'all-maps', 'role': 'All', 'rq': '1', 'input': 'PC', 'region': 'Asia', 'tier': 'Grandmaster'}",All,,Asia,,,genji,Genji,43.9,58.8,DAMAGE,2026-05-16 15:18:25.728179+00:00,2026_05_16
45,2025-08-29 14:39:05.512262583,https://overwatch.blizzard.com/en-us/rates/data/?map=all-maps&role=All&rq=1&input=PC&region=Asia&tier=Grandmaster,"{'map': 'all-maps', 'role': 'All', 'rq': '1', 'input': 'PC', 'region': 'Asia', 'tier': 'Grandmaster'}",All,,Asia,,,hanzo,Hanzo,34.4,79.2,DAMAGE,2026-05-16 15:18:25.728179+00:00,2026_05_16
45,2025-08-29 14:39:05.512262583,https://overwatch.blizzard.com/en-us/rates/data/?map=all-maps&role=All&rq=1&input=PC&region=Asia&tier=Grandmaster,"{'map': 'all-maps', 'role': 'All', 'rq': '1', 'input': 'PC', 'region': 'Asia', 'tier': 'Grandmaster'}",All,,Asia,,,hazard,Hazard,39.7,74.5,TANK,2026-05-16 15:18:25.728179+00:00,2026_05_16
45,2025-08-29 14:39:05.512262583,https://overwatch.blizzard.com/en-us/rates/data/?map=all-maps&role=All&rq=1&input=PC&region=Asia&tier=Grandmaster,"{'map': 'all-maps', 'role': 'All', 'rq': '1', 'input': 'PC', 'region': 'Asia', 'tier': 'Grandmaster'}",All,,Asia,,,illari,Illari,20.0,50.7,SUPPORT,2026-05-16 15:18:25.728179+00:00,2026_05_16
45,2025-08-29 14:39:05.512262583,https://overwatch.blizzard.com/en-us/rates/data/?map=all-maps&role=All&rq=1&input=PC&region=Asia&tier=Grandmaster,"{'map': 'all-maps', 'role': 'All', 'rq': '1', 'input': 'PC', 'region': 'Asia', 'tier': 'Grandmaster'}",All,,Asia,,,junker-queen,Junker Queen,13.7,14.3,TANK,2026-05-16 15:18:25.728179+00:00,2026_05_16
45,2025-08-29 14:39:05.512262583,https://overwatch.blizzard.com/en-us/rates/data/?map=all-maps&role=All&rq=1&input=PC&region=Asia&tier=Grandmaster,"{'map': 'all-maps', 'role': 'All', 'rq': '1', 'input': 'PC', 'region': 'Asia', 'tier': 'Grandmaster'}",All,,Asia,,,junkrat,Junkrat,-1.0,-1.0,DAMAGE,2026-05-16 15:18:25.728179+00:00,2026_05_16
45,2025-08-29 14:39:05.512262583,https://overwatch.blizzard.com/en-us/rates/data/?map=all-maps&role=All&rq=1&input=PC&region=Asia&tier=Grandmaster,"{'map': 'all-maps', 'role': 'All', 'rq': '1', 'input': 'PC', 'region': 'Asia', 'tier': 'Grandmaster'}",All,,Asia,,,juno,Juno,0.0,52.7,SUPPORT,2026-05-16 15:18:25.728179+00:00,2026_05_16
45,2025-08-29 14:39:05.512262583,https://overwatch.blizzard.com/en-us/rates/data/?map=all-maps&role=All&rq=1&input=PC&region=Asia&tier=Grandmaster,"{'map': 'all-maps', 'role': 'All', 'rq': '1', 'input': 'PC', 'region': 'Asia', 'tier': 'Grandmaster'}",All,,Asia,,,kiriko,Kiriko,46.8,48.7,SUPPORT,2026-05-16 15:18:25.728179+00:00,2026_05_16
45,2025-08-29 14:39:05.512262583,https://overwatch.blizzard.com/en-us/rates/data/?map=all-maps&role=All&rq=1&input=PC&region=Asia&tier=Grandmaster,"{'map': 'all-maps', 'role': 'All', 'rq': '1', 'input': 'PC', 'region': 'Asia', 'tier': 'Grandmaster'}",All,,Asia,,,lifeweaver,Lifeweaver,-1.0,-1.0,SUPPORT,2026-05-16 15:18:25.728179+00:00,2026_05_16
45,2025-08-29 14:39:05.512262583,https://overwatch.blizzard.com/en-us/rates/data/?map=all-maps&role=All&rq=1&input=PC&region=Asia&tier=Grandmaster,"{'map': 'all-maps', 'role': 'All', 'rq': '1', 'input': 'PC', 'region': 'Asia', 'tier': 'Grandmaster'}",All,,Asia,,,lucio,Lúcio,40.1,50.0,SUPPORT,2026-05-16 15:18:25.728179+00:00,2026_05_16
45,2025-08-29 14:39:05.512262583,https://overwatch.blizzard.com/en-us/rates/data/?map=all-maps&role=All&rq=1&input=PC&region=Asia&tier=Grandmaster,"{'map': 'all-maps', 'role': 'All', 'rq': '1', 'input': 'PC', 'region': 'Asia', 'tier': 'Grandmaster'}",All,,Asia,,,mauga,Mauga,25.9,43.9,TANK,2026-05-16 15:18:25.728179+00:00,2026_05_16
45,2025-08-29 14:39:05.512262583,https://overwatch.blizzard.com/en-us/rates/data/?map=all-maps&role=All&rq=1&input=PC&region=Asia&tier=Grandmaster,"{'map': 'all-maps', 'role': 'All', 'rq': '1', 'input': 'PC', 'region': 'Asia', 'tier': 'Grandmaster'}",All,,Asia,,,mei,Mei,-1.0,-1.0,DAMAGE,2026-05-16 15:18:25.728179+00:00,2026_05_16
45,2025-08-29 14:39:05.512262583,https://overwatch.blizzard.com/en-us/rates/data/?map=all-maps&role=All&rq=1&input=PC&region=Asia&tier=Grandmaster,"{'map': 'all-maps', 'role': 'All', 'rq': '1', 'input': 'PC', 'region': 'Asia', 'tier': 'Grandmaster'}",All,,Asia,,,mercy,Mercy,-1.0,-1.0,SUPPORT,2026-05-16 15:18:25.728179+00:00,2026_05_16
45,2025-08-29 14:39:05.512262583,https://overwatch.blizzard.com/en-us/rates/data/?map=all-maps&role=All&rq=1&input=PC&region=Asia&tier=Grandmaster,"{'map': 'all-maps', 'role': 'All', 'rq': '1', 'input': 'PC', 'region': 'Asia', 'tier': 'Grandmaster'}",All,,Asia,,,moira,Moira,33.3,50.0,SUPPORT,2026-05-16 15:18:25.728179+00:00,2026_05_16
45,2025-08-29 14:39:05.512262583,https://overwatch.blizzard.com/en-us/rates/data/?map=all-maps&role=All&rq=1&input=PC&region=Asia&tier=Grandmaster,"{'map': 'all-maps', 'role': 'All', 'rq': '1', 'input': 'PC', 'region': 'Asia', 'tier': 'Grandmaster'}",All,,Asia,,,orisa,Orisa,30.2,67.2,TANK,2026-05-16 15:18:25.728179+00:00,2026_05_16
45,2025-08-29 14:39:05.512262583,https://overwatch.blizzard.com/en-us/rates/data/?map=all-maps&role=All&rq=1&input=PC&region=Asia&tier=Grandmaster,"{'map': 'all-maps', 'role': 'All', 'rq': '1', 'input': 'PC', 'region': 'Asia', 'tier': 'Grandmaster'}",All,,Asia,,,pharah,Pharah,-1.0,-1.0,DAMAGE,2026-05-16 15:18:25.728179+00:00,2026_05_16
45,2025-08-29 14:39:05.512262583,https://overwatch.blizzard.com/en-us/rates/data/?map=all-maps&role=All&rq=1&input=PC&region=Asia&tier=Grandmaster,"{'map': 'all-maps', 'role': 'All', 'rq': '1', 'input': 'PC', 'region': 'Asia', 'tier': 'Grandmaster'}",All,,Asia,,,ramattra,Ramattra,14.9,71.3,TANK,2026-05-16 15:18:25.728179+00:00,2026_05_16
45,2025-08-29 14:39:05.512262583,https://overwatch.blizzard.com/en-us/rates/data/?map=all-maps&role=All&rq=1&input=PC&region=Asia&tier=Grandmaster,"{'map': 'all-maps', 'role': 'All', 'rq': '1', 'input': 'PC', 'region': 'Asia', 'tier': 'Grandmaster'}",All,,Asia,,,reaper,Reaper,9.9,45.0,DAMAGE,2026-05-16 15:18:25.728179+00:00,2026_05_16
45,2025-08-29 14:39:05.512262583,https://overwatch.blizzard.com/en-us/rates/data/?map=all-maps&role=All&rq=1&input=PC&region=Asia&tier=Grandmaster,"{'map': 'all-maps', 'role': 'All', 'rq': '1', 'input': 'PC', 'region': 'Asia', 'tier': 'Grandmaster'}",All,,Asia,,,reinhardt,Reinhardt,1.3,0.0,TANK,2026-05-16 15:18:25.728179+00:00,2026_05_16
45,2025-08-29 14:39:05.512262583,https://overwatch.blizzard.com/en-us/rates/data/?map=all-maps&role=All&rq=1&input=PC&region=Asia&tier=Grandmaster,"{'map': 'all-maps', 'role': 'All', 'rq': '1', 'input': 'PC', 'region': 'Asia', 'tier': 'Grandmaster'}",All,,Asia,,,roadhog,Roadhog,0.3,0.0,TANK,2026-05-16 15:18:25.728179+00:00,2026_05_16
45,2025-08-29 14:39:05.512262583,https://overwatch.blizzard.com/en-us/rates/data/?map=all-maps&role=All&rq=1&input=PC&region=Asia&tier=Grandmaster,"{'map': 'all-maps', 'role': 'All', 'rq': '1', 'input': 'PC', 'region': 'Asia', 'tier': 'Grandmaster'}",All,,Asia,,,sigma,Sigma,14.4,4.3,TANK,2026-05-16 15:18:25.728179+00:00,2026_05_16
45,2025-08-29 14:39:05.512262583,https://overwatch.blizzard.com/en-us/rates/data/?map=all-maps&role=All&rq=1&input=PC&region=Asia&tier=Grandmaster,"{'map': 'all-maps', 'role': 'All', 'rq': '1', 'input': 'PC', 'region': 'Asia', 'tier': 'Grandmaster'}",All,,Asia,,,sojourn,Sojourn,52.9,53.7,DAMAGE,2026-05-16 15:18:25.728179+00:00,2026_05_16
45,2025-08-29 14:39:05.512262583,https://overwatch.blizzard.com/en-us/rates/data/?map=all-maps&role=All&rq=1&input=PC&region=Asia&tier=Grandmaster,"{'map': 'all-maps', 'role': 'All', 'rq': '1', 'input': 'PC', 'region': 'Asia', 'tier': 'Grandmaster'}",All,,Asia,,,soldier-76,Soldier: 76,1.4,0.0,DAMAGE,2026-05-16 15:18:25.728179+00:00,2026_05_16
45,2025-08-29 14:39:05.512262583,https://overwatch.blizzard.com/en-us/rates/data/?map=all-maps&role=All&rq=1&input=PC&region=Asia&tier=Grandmaster,"{'map': 'all-maps', 'role': 'All', 'rq': '1', 'input': 'PC', 'region': 'Asia', 'tier': 'Grandmaster'}",All,,Asia,,,sombra,Sombra,6.7,93.6,DAMAGE,2026-05-16 15:18:25.728179+00:00,2026_05_16
45,2025-08-29 14:39:05.512262583,https://overwatch.blizzard.com/en-us/rates/data/?map=all-maps&role=All&rq=1&input=PC&region=Asia&tier=Grandmaster,"{'map': 'all-maps', 'role': 'All', 'rq': '1', 'input': 'PC', 'region': 'Asia', 'tier': 'Grandmaster'}",All,,Asia,,,symmetra,Symmetra,9.2,33.6,DAMAGE,2026-05-16 15:18:25.728179+00:00,2026_05_16
45,2025-08-29 14:39:05.512262583,https://overwatch.blizzard.com/en-us/rates/data/?map=all-maps&role=All&rq=1&input=PC&region=Asia&tier=Grandmaster,"{'map': 'all-maps', 'role': 'All', 'rq': '1', 'input': 'PC', 'region': 'Asia', 'tier': 'Grandmaster'}",All,,Asia,,,torbjorn,Torbjörn,1.0,78.0,DAMAGE,2026-05-16 15:18:25.728179+00:00,2026_05_16
45,2025-08-29 14:39:05.512262583,https://overwatch.blizzard.com/en-us/rates/data/?map=all-maps&role=All&rq=1&input=PC&region=Asia&tier=Grandmaster,"{'map': 'all-maps', 'role': 'All', 'rq': '1', 'input': 'PC', 'region': 'Asia', 'tier': 'Grandmaster'}",All,,Asia,,,tracer,Tracer,88.3,84.7,DAMAGE,2026-05-16 15:18:25.728179+00:00,2026_05_16
45,2025-08-29 14:39:05.512262583,https://overwatch.blizzard.com/en-us/rates/data/?map=all-maps&role=All&rq=1&input=PC&region=Asia&tier=Grandmaster,"{'map': 'all-maps', 'role': 'All', 'rq': '1', 'input': 'PC', 'region': 'Asia', 'tier': 'Grandmaster'}",All,,Asia,,,venture,Venture,7.0,4.6,DAMAGE,2026-05-16 15:18:25.728179+00:00,2026_05_16
45,2025-08-29 14:39:05.512262583,https://overwatch.blizzard.com/en-us/rates/data/?map=all-maps&role=All&rq=1&input=PC&region=Asia&tier=Grandmaster,"{'map': 'all-maps', 'role': 'All', 'rq': '1', 'input': 'PC', 'region': 'Asia', 'tier': 'Grandmaster'}",All,,Asia,,,widowmaker,Widowmaker,4.6,23.1,DAMAGE,2026-05-16 15:18:25.728179+00:00,2026_05_16
45,2025-08-29 14:39:05.512262583,https://overwatch.blizzard.com/en-us/rates/data/?map=all-maps&role=All&rq=1&input=PC&region=Asia&tier=Grandmaster,"{'map': 'all-maps', 'role': 'All', 'rq': '1', 'input': 'PC', 'region': 'Asia', 'tier': 'Grandmaster'}",All,,Asia,,,winston,Winston,31.4,48.1,TANK,2026-05-16 15:18:25.728179+00:00,2026_05_16
45,2025-08-29 14:39:05.512262583,https://overwatch.blizzard.com/en-us/rates/data/?map=all-maps&role=All&rq=1&input=PC&region=Asia&tier=Grandmaster,"{'map': 'all-maps', 'role': 'All', 'rq': '1', 'input': 'PC', 'region': 'Asia', 'tier': 'Grandmaster'}",All,,Asia,,,wrecking-ball,Wrecking Ball,-1.0,-1.0,TANK,2026-05-16 15:18:25.728179+00:00,2026_05_16
45,2025-08-29 14:39:05.512262583,https://overwatch.blizzard.com/en-us/rates/data/?map=all-maps&role=All&rq=1&input=PC&region=Asia&tier=Grandmaster,"{'map': 'all-maps', 'role': 'All', 'rq': '1', 'input': 'PC', 'region': 'Asia', 'tier': 'Grandmaster'}",All,,Asia,,,wuyang,Wuyang,85.4,63.8,SUPPORT,2026-05-16 15:18:25.728179+00:00,2026_05_16
45,2025-08-29 14:39:05.512262583,https://overwatch.blizzard.com/en-us/rates/data/?map=all-maps&role=All&rq=1&input=PC&region=Asia&tier=Grandmaster,"{'map': 'all-maps', 'role': 'All', 'rq': '1', 'input': 'PC', 'region': 'Asia', 'tier': 'Grandmaster'}",All,,Asia,,,zarya,Zarya,16.4,23.0,TANK,2026-05-16 15:18:25.728179+00:00,2026_05_16
45,2025-08-29 14:39:05.512262583,https://overwatch.blizzard.com/en-us/rates/data/?map=all-maps&role=All&rq=1&input=PC&region=Asia&tier=Grandmaster,"{'map': 'all-maps', 'role': 'All', 'rq': '1', 'input': 'PC', 'region': 'Asia', 'tier': 'Grandmaster'}",All,,Asia,,,zenyatta,Zenyatta,13.3,0.0,SUPPORT,2026-05-16 15:18:25.728179+00:00,2026_05_16
46,2025-08-29 14:39:05.766779184,https://overwatch.blizzard.com/en-us/rates/data/?map=all-maps&role=All&rq=1&input=PC&region=Europe&tier=All,"{'map': 'all-maps', 'role': 'All', 'rq': '1', 'input': 'PC', 'region': 'Europe', 'tier': 'All'}",All,,Europe,,,ana,Ana,30.2,48.3,SUPPORT,2026-05-16 15:18:25.728179+00:00,2026_05_16
46,2025-08-29 14:39:05.766779184,https://overwatch.blizzard.com/en-us/rates/data/?map=all-maps&role=All&rq=1&input=PC&region=Europe&tier=All,"{'map': 'all-maps', 'role': 'All', 'rq': '1', 'input': 'PC', 'region': 'Europe', 'tier': 'All'}",All,,Europe,,,ashe,Ashe,12.5,50.5,DAMAGE,2026-05-16 15:18:25.728179+00:00,2026_05_16
46,2025-08-29 14:39:05.766779184,https://overwatch.blizzard.com/en-us/rates/data/?map=all-maps&role=All&rq=1&input=PC&region=Europe&tier=All,"{'map': 'all-maps', 'role': 'All', 'rq': '1', 'input': 'PC', 'region': 'Europe', 'tier': 'All'}",All,,Europe,,,baptiste,Baptiste,9.3,47.0,SUPPORT,2026-05-16 15:18:25.728179+00:00,2026_05_16
46,2025-08-29 14:39:05.766779184,https://overwatch.blizzard.com/en-us/rates/data/?map=all-maps&role=All&rq=1&input=PC&region=Europe&tier=All,"{'map': 'all-maps', 'role': 'All', 'rq': '1', 'input': 'PC', 'region': 'Europe', 'tier': 'All'}",All,,Europe,,,bastion,Bastion,10.2,46.1,DAMAGE,2026-05-16 15:18:25.728179+00:00,2026_05_16
46,2025-08-29 14:39:05.766779184,https://overwatch.blizzard.com/en-us/rates/data/?map=all-maps&role=All&rq=1&input=PC&region=Europe&tier=All,"{'map': 'all-maps', 'role': 'All', 'rq': '1', 'input': 'PC', 'region': 'Europe', 'tier': 'All'}",All,,Europe,,,brigitte,Brigitte,3.8,47.7,SUPPORT,2026-05-16 15:18:25.728179+00:00,2026_05_16
46,2025-08-29 14:39:05.766779184,https://overwatch.blizzard.com/en-us/rates/data/?map=all-maps&role=All&rq=1&input=PC&region=Europe&tier=All,"{'map': 'all-maps', 'role': 'All', 'rq': '1', 'input': 'PC', 'region': 'Europe', 'tier': 'All'}",All,,Europe,,,cassidy,Cassidy,29.9,48.2,DAMAGE,2026-05-16 15:18:25.728179+00:00,2026_05_16
46,2025-08-29 14:39:05.766779184,https://overwatch.blizzard.com/en-us/rates/data/?map=all-maps&role=All&rq=1&input=PC&region=Europe&tier=All,"{'map': 'all-maps', 'role': 'All', 'rq': '1', 'input': 'PC', 'region': 'Europe', 'tier': 'All'}",All,,Europe,,,dva,D.Va,10.2,48.3,TANK,2026-05-16 15:18:25.728179+00:00,2026_05_16
46,2025-08-29 14:39:05.766779184,https://overwatch.blizzard.com/en-us/rates/data/?map=all-maps&role=All&rq=1&input=PC&region=Europe&tier=All,"{'map': 'all-maps', 'role': 'All', 'rq': '1', 'input': 'PC', 'region': 'Europe', 'tier': 'All'}",All,,Europe,,,doomfist,Doomfist,7.7,54.0,TANK,2026-05-16 15:18:25.728179+00:00,2026_05_16
46,2025-08-29 14:39:05.766779184,https://overwatch.blizzard.com/en-us/rates/data/?map=all-maps&role=All&rq=1&input=PC&region=Europe&tier=All,"{'map': 'all-maps', 'role': 'All', 'rq': '1', 'input': 'PC', 'region': 'Europe', 'tier': 'All'}",All,,Europe,,,echo,Echo,4.8,49.0,DAMAGE,2026-05-16 15:18:25.728179+00:00,2026_05_16
46,2025-08-29 14:39:05.766779184,https://overwatch.blizzard.com/en-us/rates/data/?map=all-maps&role=All&rq=1&input=PC&region=Europe&tier=All,"{'map': 'all-maps', 'role': 'All', 'rq': '1', 'input': 'PC', 'region': 'Europe', 'tier': 'All'}",All,,Europe,,,freja,Freja,5.3,46.2,DAMAGE,2026-05-16 15:18:25.728179+00:00,2026_05_16
46,2025-08-29 14:39:05.766779184,https://overwatch.blizzard.com/en-us/rates/data/?map=all-maps&role=All&rq=1&input=PC&region=Europe&tier=All,"{'map': 'all-maps', 'role': 'All', 'rq': '1', 'input': 'PC', 'region': 'Europe', 'tier': 'All'}",All,,Europe,,,genji,Genji,19.7,55.2,DAMAGE,2026-05-16 15:18:25.728179+00:00,2026_05_16
46,2025-08-29 14:39:05.766779184,https://overwatch.blizzard.com/en-us/rates/data/?map=all-maps&role=All&rq=1&input=PC&region=Europe&tier=All,"{'map': 'all-maps', 'role': 'All', 'rq': '1', 'input': 'PC', 'region': 'Europe', 'tier': 'All'}",All,,Europe,,,hanzo,Hanzo,15.6,52.4,DAMAGE,2026-05-16 15:18:25.728179+00:00,2026_05_16
46,2025-08-29 14:39:05.766779184,https://overwatch.blizzard.com/en-us/rates/data/?map=all-maps&role=All&rq=1&input=PC&region=Europe&tier=All,"{'map': 'all-maps', 'role': 'All', 'rq': '1', 'input': 'PC', 'region': 'Europe', 'tier': 'All'}",All,,Europe,,,hazard,Hazard,3.8,51.8,TANK,2026-05-16 15:18:25.728179+00:00,2026_05_16
46,2025-08-29 14:39:05.766779184,https://overwatch.blizzard.com/en-us/rates/data/?map=all-maps&role=All&rq=1&input=PC&region=Europe&tier=All,"{'map': 'all-maps', 'role': 'All', 'rq': '1', 'input': 'PC', 'region': 'Europe', 'tier': 'All'}",All,,Europe,,,illari,Illari,6.3,50.8,SUPPORT,2026-05-16 15:18:25.728179+00:00,2026_05_16
46,2025-08-29 14:39:05.766779184,https://overwatch.blizzard.com/en-us/rates/data/?map=all-maps&role=All&rq=1&input=PC&region=Europe&tier=All,"{'map': 'all-maps', 'role': 'All', 'rq': '1', 'input': 'PC', 'region': 'Europe', 'tier': 'All'}",All,,Europe,,,junker-queen,Junker Queen,6.6,54.9,TANK,2026-05-16 15:18:25.728179+00:00,2026_05_16
46,2025-08-29 14:39:05.766779184,https://overwatch.blizzard.com/en-us/rates/data/?map=all-maps&role=All&rq=1&input=PC&region=Europe&tier=All,"{'map': 'all-maps', 'role': 'All', 'rq': '1', 'input': 'PC', 'region': 'Europe', 'tier': 'All'}",All,,Europe,,,junkrat,Junkrat,8.8,46.5,DAMAGE,2026-05-16 15:18:25.728179+00:00,2026_05_16
46,2025-08-29 14:39:05.766779184,https://overwatch.blizzard.com/en-us/rates/data/?map=all-maps&role=All&rq=1&input=PC&region=Europe&tier=All,"{'map': 'all-maps', 'role': 'All', 'rq': '1', 'input': 'PC', 'region': 'Europe', 'tier': 'All'}",All,,Europe,,,juno,Juno,14.3,49.5,SUPPORT,2026-05-16 15:18:25.728179+00:00,2026_05_16
46,2025-08-29 14:39:05.766779184,https://overwatch.blizzard.com/en-us/rates/data/?map=all-maps&role=All&rq=1&input=PC&region=Europe&tier=All,"{'map': 'all-maps', 'role': 'All', 'rq': '1', 'input': 'PC', 'region': 'Europe', 'tier': 'All'}",All,,Europe,,,kiriko,Kiriko,28.2,46.2,SUPPORT,2026-05-16 15:18:25.728179+00:00,2026_05_16
46,2025-08-29 14:39:05.766779184,https://overwatch.blizzard.com/en-us/rates/data/?map=all-maps&role=All&rq=1&input=PC&region=Europe&tier=All,"{'map': 'all-maps', 'role': 'All', 'rq': '1', 'input': 'PC', 'region': 'Europe', 'tier': 'All'}",All,,Europe,,,lifeweaver,Lifeweaver,9.8,44.4,SUPPORT,2026-05-16 15:18:25.728179+00:00,2026_05_16
46,2025-08-29 14:39:05.766779184,https://overwatch.blizzard.com/en-us/rates/data/?map=all-maps&role=All&rq=1&input=PC&region=Europe&tier=All,"{'map': 'all-maps', 'role': 'All', 'rq': '1', 'input': 'PC', 'region': 'Europe', 'tier': 'All'}",All,,Europe,,,lucio,Lúcio,8.5,53.9,SUPPORT,2026-05-16 15:18:25.728179+00:00,2026_05_16
46,2025-08-29 14:39:05.766779184,https://overwatch.blizzard.com/en-us/rates/data/?map=all-maps&role=All&rq=1&input=PC&region=Europe&tier=All,"{'map': 'all-maps', 'role': 'All', 'rq': '1', 'input': 'PC', 'region': 'Europe', 'tier': 'All'}",All,,Europe,,,mauga,Mauga,4.5,47.4,TANK,2026-05-16 15:18:25.728179+00:00,2026_05_16
46,2025-08-29 14:39:05.766779184,https://overwatch.blizzard.com/en-us/rates/data/?map=all-maps&role=All&rq=1&input=PC&region=Europe&tier=All,"{'map': 'all-maps', 'role': 'All', 'rq': '1', 'input': 'PC', 'region': 'Europe', 'tier': 'All'}",All,,Europe,,,mei,Mei,7.9,47.4,DAMAGE,2026-05-16 15:18:25.728179+00:00,2026_05_16
46,2025-08-29 14:39:05.766779184,https://overwatch.blizzard.com/en-us/rates/data/?map=all-maps&role=All&rq=1&input=PC&region=Europe&tier=All,"{'map': 'all-maps', 'role': 'All', 'rq': '1', 'input': 'PC', 'region': 'Europe', 'tier': 'All'}",All,,Europe,,,mercy,Mercy,25.7,51.3,SUPPORT,2026-05-16 15:18:25.728179+00:00,2026_05_16
46,2025-08-29 14:39:05.766779184,https://overwatch.blizzard.com/en-us/rates/data/?map=all-maps&role=All&rq=1&input=PC&region=Europe&tier=All,"{'map': 'all-maps', 'role': 'All', 'rq': '1', 'input': 'PC', 'region': 'Europe', 'tier': 'All'}",All,,Europe,,,moira,Moira,23.7,46.0,SUPPORT,2026-05-16 15:18:25.728179+00:00,2026_05_16
46,2025-08-29 14:39:05.766779184,https://overwatch.blizzard.com/en-us/rates/data/?map=all-maps&role=All&rq=1&input=PC&region=Europe&tier=All,"{'map': 'all-maps', 'role': 'All', 'rq': '1', 'input': 'PC', 'region': 'Europe', 'tier': 'All'}",All,,Europe,,,orisa,Orisa,11.6,43.1,TANK,2026-05-16 15:18:25.728179+00:00,2026_05_16
46,2025-08-29 14:39:05.766779184,https://overwatch.blizzard.com/en-us/rates/data/?map=all-maps&role=All&rq=1&input=PC&region=Europe&tier=All,"{'map': 'all-maps', 'role': 'All', 'rq': '1', 'input': 'PC', 'region': 'Europe', 'tier': 'All'}",All,,Europe,,,pharah,Pharah,4.9,50.0,DAMAGE,2026-05-16 15:18:25.728179+00:00,2026_05_16
46,2025-08-29 14:39:05.766779184,https://overwatch.blizzard.com/en-us/rates/data/?map=all-maps&role=All&rq=1&input=PC&region=Europe&tier=All,"{'map': 'all-maps', 'role': 'All', 'rq': '1', 'input': 'PC', 'region': 'Europe', 'tier': 'All'}",All,,Europe,,,ramattra,Ramattra,9.5,46.9,TANK,2026-05-16 15:18:25.728179+00:00,2026_05_16
46,2025-08-29 14:39:05.766779184,https://overwatch.blizzard.com/en-us/rates/data/?map=all-maps&role=All&rq=1&input=PC&region=Europe&tier=All,"{'map': 'all-maps', 'role': 'All', 'rq': '1', 'input': 'PC', 'region': 'Europe', 'tier': 'All'}",All,,Europe,,,reaper,Reaper,11.1,52.3,DAMAGE,2026-05-16 15:18:25.728179+00:00,2026_05_16
46,2025-08-29 14:39:05.766779184,https://overwatch.blizzard.com/en-us/rates/data/?map=all-maps&role=All&rq=1&input=PC&region=Europe&tier=All,"{'map': 'all-maps', 'role': 'All', 'rq': '1', 'input': 'PC', 'region': 'Europe', 'tier': 'All'}",All,,Europe,,,reinhardt,Reinhardt,15.8,55.1,TANK,2026-05-16 15:18:25.728179+00:00,2026_05_16
46,2025-08-29 14:39:05.766779184,https://overwatch.blizzard.com/en-us/rates/data/?map=all-maps&role=All&rq=1&input=PC&region=Europe&tier=All,"{'map': 'all-maps', 'role': 'All', 'rq': '1', 'input': 'PC', 'region': 'Europe', 'tier': 'All'}",All,,Europe,,,roadhog,Roadhog,5.7,38.7,TANK,2026-05-16 15:18:25.728179+00:00,2026_05_16
46,2025-08-29 14:39:05.766779184,https://overwatch.blizzard.com/en-us/rates/data/?map=all-maps&role=All&rq=1&input=PC&region=Europe&tier=All,"{'map': 'all-maps', 'role': 'All', 'rq': '1', 'input': 'PC', 'region': 'Europe', 'tier': 'All'}",All,,Europe,,,sigma,Sigma,10.3,51.4,TANK,2026-05-16 15:18:25.728179+00:00,2026_05_16
46,2025-08-29 14:39:05.766779184,https://overwatch.blizzard.com/en-us/rates/data/?map=all-maps&role=All&rq=1&input=PC&region=Europe&tier=All,"{'map': 'all-maps', 'role': 'All', 'rq': '1', 'input': 'PC', 'region': 'Europe', 'tier': 'All'}",All,,Europe,,,sojourn,Sojourn,17.7,45.9,DAMAGE,2026-05-16 15:18:25.728179+00:00,2026_05_16
46,2025-08-29 14:39:05.766779184,https://overwatch.blizzard.com/en-us/rates/data/?map=all-maps&role=All&rq=1&input=PC&region=Europe&tier=All,"{'map': 'all-maps', 'role': 'All', 'rq': '1', 'input': 'PC', 'region': 'Europe', 'tier': 'All'}",All,,Europe,,,soldier-76,Soldier: 76,20.2,48.8,DAMAGE,2026-05-16 15:18:25.728179+00:00,2026_05_16
46,2025-08-29 14:39:05.766779184,https://overwatch.blizzard.com/en-us/rates/data/?map=all-maps&role=All&rq=1&input=PC&region=Europe&tier=All,"{'map': 'all-maps', 'role': 'All', 'rq': '1', 'input': 'PC', 'region': 'Europe', 'tier': 'All'}",All,,Europe,,,sombra,Sombra,3.3,47.9,DAMAGE,2026-05-16 15:18:25.728179+00:00,2026_05_16
46,2025-08-29 14:39:05.766779184,https://overwatch.blizzard.com/en-us/rates/data/?map=all-maps&role=All&rq=1&input=PC&region=Europe&tier=All,"{'map': 'all-maps', 'role': 'All', 'rq': '1', 'input': 'PC', 'region': 'Europe', 'tier': 'All'}",All,,Europe,,,symmetra,Symmetra,4.2,51.8,DAMAGE,2026-05-16 15:18:25.728179+00:00,2026_05_16
46,2025-08-29 14:39:05.766779184,https://overwatch.blizzard.com/en-us/rates/data/?map=all-maps&role=All&rq=1&input=PC&region=Europe&tier=All,"{'map': 'all-maps', 'role': 'All', 'rq': '1', 'input': 'PC', 'region': 'Europe', 'tier': 'All'}",All,,Europe,,,torbjorn,Torbjörn,4.5,48.3,DAMAGE,2026-05-16 15:18:25.728179+00:00,2026_05_16
46,2025-08-29 14:39:05.766779184,https://overwatch.blizzard.com/en-us/rates/data/?map=all-maps&role=All&rq=1&input=PC&region=Europe&tier=All,"{'map': 'all-maps', 'role': 'All', 'rq': '1', 'input': 'PC', 'region': 'Europe', 'tier': 'All'}",All,,Europe,,,tracer,Tracer,9.0,52.1,DAMAGE,2026-05-16 15:18:25.728179+00:00,2026_05_16
46,2025-08-29 14:39:05.766779184,https://overwatch.blizzard.com/en-us/rates/data/?map=all-maps&role=All&rq=1&input=PC&region=Europe&tier=All,"{'map': 'all-maps', 'role': 'All', 'rq': '1', 'input': 'PC', 'region': 'Europe', 'tier': 'All'}",All,,Europe,,,venture,Venture,5.0,52.8,DAMAGE,2026-05-16 15:18:25.728179+00:00,2026_05_16
46,2025-08-29 14:39:05.766779184,https://overwatch.blizzard.com/en-us/rates/data/?map=all-maps&role=All&rq=1&input=PC&region=Europe&tier=All,"{'map': 'all-maps', 'role': 'All', 'rq': '1', 'input': 'PC', 'region': 'Europe', 'tier': 'All'}",All,,Europe,,,widowmaker,Widowmaker,5.7,48.8,DAMAGE,2026-05-16 15:18:25.728179+00:00,2026_05_16
46,2025-08-29 14:39:05.766779184,https://overwatch.blizzard.com/en-us/rates/data/?map=all-maps&role=All&rq=1&input=PC&region=Europe&tier=All,"{'map': 'all-maps', 'role': 'All', 'rq': '1', 'input': 'PC', 'region': 'Europe', 'tier': 'All'}",All,,Europe,,,winston,Winston,5.6,49.5,TANK,2026-05-16 15:18:25.728179+00:00,2026_05_16
46,2025-08-29 14:39:05.766779184,https://overwatch.blizzard.com/en-us/rates/data/?map=all-maps&role=All&rq=1&input=PC&region=Europe&tier=All,"{'map': 'all-maps', 'role': 'All', 'rq': '1', 'input': 'PC', 'region': 'Europe', 'tier': 'All'}",All,,Europe,,,wrecking-ball,Wrecking Ball,3.0,55.5,TANK,2026-05-16 15:18:25.728179+00:00,2026_05_16
46,2025-08-29 14:39:05.766779184,https://overwatch.blizzard.com/en-us/rates/data/?map=all-maps&role=All&rq=1&input=PC&region=Europe&tier=All,"{'map': 'all-maps', 'role': 'All', 'rq': '1', 'input': 'PC', 'region': 'Europe', 'tier': 'All'}",All,,Europe,,,wuyang,Wuyang,31.7,56.5,SUPPORT,2026-05-16 15:18:25.728179+00:00,2026_05_16
46,2025-08-29 14:39:05.766779184,https://overwatch.blizzard.com/en-us/rates/data/?map=all-maps&role=All&rq=1&input=PC&region=Europe&tier=All,"{'map': 'all-maps', 'role': 'All', 'rq': '1', 'input': 'PC', 'region': 'Europe', 'tier': 'All'}",All,,Europe,,,zarya,Zarya,5.7,49.1,TANK,2026-05-16 15:18:25.728179+00:00,2026_05_16
46,2025-08-29 14:39:05.766779184,https://overwatch.blizzard.com/en-us/rates/data/?map=all-maps&role=All&rq=1&input=PC&region=Europe&tier=All,"{'map': 'all-maps', 'role': 'All', 'rq': '1', 'input': 'PC', 'region': 'Europe', 'tier': 'All'}",All,,Europe,,,zenyatta,Zenyatta,8.5,51.9,SUPPORT,2026-05-16 15:18:25.728179+00:00,2026_05_16
47,2025-08-29 14:39:06.034615993,https://overwatch.blizzard.com/en-us/rates/data/?map=all-maps&role=All&rq=1&input=PC&region=Europe&tier=Bronze,"{'map': 'all-maps', 'role': 'All', 'rq': '1', 'input': 'PC', 'region': 'Europe', 'tier': 'Bronze'}",All,,Europe,,,ana,Ana,15.3,46.5,SUPPORT,2026-05-16 15:18:25.728179+00:00,2026_05_16
47,2025-08-29 14:39:06.034615993,https://overwatch.blizzard.com/en-us/rates/data/?map=all-maps&role=All&rq=1&input=PC&region=Europe&tier=Bronze,"{'map': 'all-maps', 'role': 'All', 'rq': '1', 'input': 'PC', 'region': 'Europe', 'tier': 'Bronze'}",All,,Europe,,,ashe,Ashe,14.2,54.2,DAMAGE,2026-05-16 15:18:25.728179+00:00,2026_05_16
47,2025-08-29 14:39:06.034615993,https://overwatch.blizzard.com/en-us/rates/data/?map=all-maps&role=All&rq=1&input=PC&region=Europe&tier=Bronze,"{'map': 'all-maps', 'role': 'All', 'rq': '1', 'input': 'PC', 'region': 'Europe', 'tier': 'Bronze'}",All,,Europe,,,baptiste,Baptiste,6.6,48.0,SUPPORT,2026-05-16 15:18:25.728179+00:00,2026_05_16
47,2025-08-29 14:39:06.034615993,https://overwatch.blizzard.com/en-us/rates/data/?map=all-maps&role=All&rq=1&input=PC&region=Europe&tier=Bronze,"{'map': 'all-maps', 'role': 'All', 'rq': '1', 'input': 'PC', 'region': 'Europe', 'tier': 'Bronze'}",All,,Europe,,,bastion,Bastion,17.1,51.8,DAMAGE,2026-05-16 15:18:25.728179+00:00,2026_05_16
47,2025-08-29 14:39:06.034615993,https://overwatch.blizzard.com/en-us/rates/data/?map=all-maps&role=All&rq=1&input=PC&region=Europe&tier=Bronze,"{'map': 'all-maps', 'role': 'All', 'rq': '1', 'input': 'PC', 'region': 'Europe', 'tier': 'Bronze'}",All,,Europe,,,brigitte,Brigitte,2.3,48.0,SUPPORT,2026-05-16 15:18:25.728179+00:00,2026_05_16
47,2025-08-29 14:39:06.034615993,https://overwatch.blizzard.com/en-us/rates/data/?map=all-maps&role=All&rq=1&input=PC&region=Europe&tier=Bronze,"{'map': 'all-maps', 'role': 'All', 'rq': '1', 'input': 'PC', 'region': 'Europe', 'tier': 'Bronze'}",All,,Europe,,,cassidy,Cassidy,18.9,50.2,DAMAGE,2026-05-16 15:18:25.728179+00:00,2026_05_16
47,2025-08-29 14:39:06.034615993,https://overwatch.blizzard.com/en-us/rates/data/?map=all-maps&role=All&rq=1&input=PC&region=Europe&tier=Bronze,"{'map': 'all-maps', 'role': 'All', 'rq': '1', 'input': 'PC', 'region': 'Europe', 'tier': 'Bronze'}",All,,Europe,,,dva,D.Va,16.6,47.0,TANK,2026-05-16 15:18:25.728179+00:00,2026_05_16
47,2025-08-29 14:39:06.034615993,https://overwatch.blizzard.com/en-us/rates/data/?map=all-maps&role=All&rq=1&input=PC&region=Europe&tier=Bronze,"{'map': 'all-maps', 'role': 'All', 'rq': '1', 'input': 'PC', 'region': 'Europe', 'tier': 'Bronze'}",All,,Europe,,,doomfist,Doomfist,4.7,44.3,TANK,2026-05-16 15:18:25.728179+00:00,2026_05_16
47,2025-08-29 14:39:06.034615993,https://overwatch.blizzard.com/en-us/rates/data/?map=all-maps&role=All&rq=1&input=PC&region=Europe&tier=Bronze,"{'map': 'all-maps', 'role': 'All', 'rq': '1', 'input': 'PC', 'region': 'Europe', 'tier': 'Bronze'}",All,,Europe,,,echo,Echo,6.9,43.0,DAMAGE,2026-05-16 15:18:25.728179+00:00,2026_05_16
47,2025-08-29 14:39:06.034615993,https://overwatch.blizzard.com/en-us/rates/data/?map=all-maps&role=All&rq=1&input=PC&region=Europe&tier=Bronze,"{'map': 'all-maps', 'role': 'All', 'rq': '1', 'input': 'PC', 'region': 'Europe', 'tier': 'Bronze'}",All,,Europe,,,freja,Freja,5.4,45.9,DAMAGE,2026-05-16 15:18:25.728179+00:00,2026_05_16
47,2025-08-29 14:39:06.034615993,https://overwatch.blizzard.com/en-us/rates/data/?map=all-maps&role=All&rq=1&input=PC&region=Europe&tier=Bronze,"{'map': 'all-maps', 'role': 'All', 'rq': '1', 'input': 'PC', 'region': 'Europe', 'tier': 'Bronze'}",All,,Europe,,,genji,Genji,12.0,52.7,DAMAGE,2026-05-16 15:18:25.728179+00:00,2026_05_16
47,2025-08-29 14:39:06.034615993,https://overwatch.blizzard.com/en-us/rates/data/?map=all-maps&role=All&rq=1&input=PC&region=Europe&tier=Bronze,"{'map': 'all-maps', 'role': 'All', 'rq': '1', 'input': 'PC', 'region': 'Europe', 'tier': 'Bronze'}",All,,Europe,,,hanzo,Hanzo,16.0,50.7,DAMAGE,2026-05-16 15:18:25.728179+00:00,2026_05_16
47,2025-08-29 14:39:06.034615993,https://overwatch.blizzard.com/en-us/rates/data/?map=all-maps&role=All&rq=1&input=PC&region=Europe&tier=Bronze,"{'map': 'all-maps', 'role': 'All', 'rq': '1', 'input': 'PC', 'region': 'Europe', 'tier': 'Bronze'}",All,,Europe,,,hazard,Hazard,2.7,51.9,TANK,2026-05-16 15:18:25.728179+00:00,2026_05_16
47,2025-08-29 14:39:06.034615993,https://overwatch.blizzard.com/en-us/rates/data/?map=all-maps&role=All&rq=1&input=PC&region=Europe&tier=Bronze,"{'map': 'all-maps', 'role': 'All', 'rq': '1', 'input': 'PC', 'region': 'Europe', 'tier': 'Bronze'}",All,,Europe,,,illari,Illari,7.6,48.9,SUPPORT,2026-05-16 15:18:25.728179+00:00,2026_05_16
47,2025-08-29 14:39:06.034615993,https://overwatch.blizzard.com/en-us/rates/data/?map=all-maps&role=All&rq=1&input=PC&region=Europe&tier=Bronze,"{'map': 'all-maps', 'role': 'All', 'rq': '1', 'input': 'PC', 'region': 'Europe', 'tier': 'Bronze'}",All,,Europe,,,junker-queen,Junker Queen,4.7,54.1,TANK,2026-05-16 15:18:25.728179+00:00,2026_05_16
47,2025-08-29 14:39:06.034615993,https://overwatch.blizzard.com/en-us/rates/data/?map=all-maps&role=All&rq=1&input=PC&region=Europe&tier=Bronze,"{'map': 'all-maps', 'role': 'All', 'rq': '1', 'input': 'PC', 'region': 'Europe', 'tier': 'Bronze'}",All,,Europe,,,junkrat,Junkrat,16.7,46.6,DAMAGE,2026-05-16 15:18:25.728179+00:00,2026_05_16
47,2025-08-29 14:39:06.034615993,https://overwatch.blizzard.com/en-us/rates/data/?map=all-maps&role=All&rq=1&input=PC&region=Europe&tier=Bronze,"{'map': 'all-maps', 'role': 'All', 'rq': '1', 'input': 'PC', 'region': 'Europe', 'tier': 'Bronze'}",All,,Europe,,,juno,Juno,17.5,46.5,SUPPORT,2026-05-16 15:18:25.728179+00:00,2026_05_16
47,2025-08-29 14:39:06.034615993,https://overwatch.blizzard.com/en-us/rates/data/?map=all-maps&role=All&rq=1&input=PC&region=Europe&tier=Bronze,"{'map': 'all-maps', 'role': 'All', 'rq': '1', 'input': 'PC', 'region': 'Europe', 'tier': 'Bronze'}",All,,Europe,,,kiriko,Kiriko,27.1,48.7,SUPPORT,2026-05-16 15:18:25.728179+00:00,2026_05_16
47,2025-08-29 14:39:06.034615993,https://overwatch.blizzard.com/en-us/rates/data/?map=all-maps&role=All&rq=1&input=PC&region=Europe&tier=Bronze,"{'map': 'all-maps', 'role': 'All', 'rq': '1', 'input': 'PC', 'region': 'Europe', 'tier': 'Bronze'}",All,,Europe,,,lifeweaver,Lifeweaver,11.4,48.4,SUPPORT,2026-05-16 15:18:25.728179+00:00,2026_05_16
47,2025-08-29 14:39:06.034615993,https://overwatch.blizzard.com/en-us/rates/data/?map=all-maps&role=All&rq=1&input=PC&region=Europe&tier=Bronze,"{'map': 'all-maps', 'role': 'All', 'rq': '1', 'input': 'PC', 'region': 'Europe', 'tier': 'Bronze'}",All,,Europe,,,lucio,Lúcio,11.0,50.5,SUPPORT,2026-05-16 15:18:25.728179+00:00,2026_05_16
47,2025-08-29 14:39:06.034615993,https://overwatch.blizzard.com/en-us/rates/data/?map=all-maps&role=All&rq=1&input=PC&region=Europe&tier=Bronze,"{'map': 'all-maps', 'role': 'All', 'rq': '1', 'input': 'PC', 'region': 'Europe', 'tier': 'Bronze'}",All,,Europe,,,mauga,Mauga,5.8,47.2,TANK,2026-05-16 15:18:25.728179+00:00,2026_05_16
47,2025-08-29 14:39:06.034615993,https://overwatch.blizzard.com/en-us/rates/data/?map=all-maps&role=All&rq=1&input=PC&region=Europe&tier=Bronze,"{'map': 'all-maps', 'role': 'All', 'rq': '1', 'input': 'PC', 'region': 'Europe', 'tier': 'Bronze'}",All,,Europe,,,mei,Mei,6.8,50.2,DAMAGE,2026-05-16 15:18:25.728179+00:00,2026_05_16
47,2025-08-29 14:39:06.034615993,https://overwatch.blizzard.com/en-us/rates/data/?map=all-maps&role=All&rq=1&input=PC&region=Europe&tier=Bronze,"{'map': 'all-maps', 'role': 'All', 'rq': '1', 'input': 'PC', 'region': 'Europe', 'tier': 'Bronze'}",All,,Europe,,,mercy,Mercy,35.4,50.7,SUPPORT,2026-05-16 15:18:25.728179+00:00,2026_05_16
47,2025-08-29 14:39:06.034615993,https://overwatch.blizzard.com/en-us/rates/data/?map=all-maps&role=All&rq=1&input=PC&region=Europe&tier=Bronze,"{'map': 'all-maps', 'role': 'All', 'rq': '1', 'input': 'PC', 'region': 'Europe', 'tier': 'Bronze'}",All,,Europe,,,moira,Moira,30.8,49.4,SUPPORT,2026-05-16 15:18:25.728179+00:00,2026_05_16
47,2025-08-29 14:39:06.034615993,https://overwatch.blizzard.com/en-us/rates/data/?map=all-maps&role=All&rq=1&input=PC&region=Europe&tier=Bronze,"{'map': 'all-maps', 'role': 'All', 'rq': '1', 'input': 'PC', 'region': 'Europe', 'tier': 'Bronze'}",All,,Europe,,,orisa,Orisa,16.4,47.0,TANK,2026-05-16 15:18:25.728179+00:00,2026_05_16
47,2025-08-29 14:39:06.034615993,https://overwatch.blizzard.com/en-us/rates/data/?map=all-maps&role=All&rq=1&input=PC&region=Europe&tier=Bronze,"{'map': 'all-maps', 'role': 'All', 'rq': '1', 'input': 'PC', 'region': 'Europe', 'tier': 'Bronze'}",All,,Europe,,,pharah,Pharah,6.9,47.6,DAMAGE,2026-05-16 15:18:25.728179+00:00,2026_05_16
47,2025-08-29 14:39:06.034615993,https://overwatch.blizzard.com/en-us/rates/data/?map=all-maps&role=All&rq=1&input=PC&region=Europe&tier=Bronze,"{'map': 'all-maps', 'role': 'All', 'rq': '1', 'input': 'PC', 'region': 'Europe', 'tier': 'Bronze'}",All,,Europe,,,ramattra,Ramattra,13.0,53.5,TANK,2026-05-16 15:18:25.728179+00:00,2026_05_16
47,2025-08-29 14:39:06.034615993,https://overwatch.blizzard.com/en-us/rates/data/?map=all-maps&role=All&rq=1&input=PC&region=Europe&tier=Bronze,"{'map': 'all-maps', 'role': 'All', 'rq': '1', 'input': 'PC', 'region': 'Europe', 'tier': 'Bronze'}",All,,Europe,,,reaper,Reaper,10.0,56.0,DAMAGE,2026-05-16 15:18:25.728179+00:00,2026_05_16
47,2025-08-29 14:39:06.034615993,https://overwatch.blizzard.com/en-us/rates/data/?map=all-maps&role=All&rq=1&input=PC&region=Europe&tier=Bronze,"{'map': 'all-maps', 'role': 'All', 'rq': '1', 'input': 'PC', 'region': 'Europe', 'tier': 'Bronze'}",All,,Europe,,,reinhardt,Reinhardt,13.3,56.1,TANK,2026-05-16 15:18:25.728179+00:00,2026_05_16
47,2025-08-29 14:39:06.034615993,https://overwatch.blizzard.com/en-us/rates/data/?map=all-maps&role=All&rq=1&input=PC&region=Europe&tier=Bronze,"{'map': 'all-maps', 'role': 'All', 'rq': '1', 'input': 'PC', 'region': 'Europe', 'tier': 'Bronze'}",All,,Europe,,,roadhog,Roadhog,5.6,38.8,TANK,2026-05-16 15:18:25.728179+00:00,2026_05_16
47,2025-08-29 14:39:06.034615993,https://overwatch.blizzard.com/en-us/rates/data/?map=all-maps&role=All&rq=1&input=PC&region=Europe&tier=Bronze,"{'map': 'all-maps', 'role': 'All', 'rq': '1', 'input': 'PC', 'region': 'Europe', 'tier': 'Bronze'}",All,,Europe,,,sigma,Sigma,10.4,51.2,TANK,2026-05-16 15:18:25.728179+00:00,2026_05_16
47,2025-08-29 14:39:06.034615993,https://overwatch.blizzard.com/en-us/rates/data/?map=all-maps&role=All&rq=1&input=PC&region=Europe&tier=Bronze,"{'map': 'all-maps', 'role': 'All', 'rq': '1', 'input': 'PC', 'region': 'Europe', 'tier': 'Bronze'}",All,,Europe,,,sojourn,Sojourn,17.1,44.3,DAMAGE,2026-05-16 15:18:25.728179+00:00,2026_05_16
47,2025-08-29 14:39:06.034615993,https://overwatch.blizzard.com/en-us/rates/data/?map=all-maps&role=All&rq=1&input=PC&region=Europe&tier=Bronze,"{'map': 'all-maps', 'role': 'All', 'rq': '1', 'input': 'PC', 'region': 'Europe', 'tier': 'Bronze'}",All,,Europe,,,soldier-76,Soldier: 76,21.1,47.3,DAMAGE,2026-05-16 15:18:25.728179+00:00,2026_05_16
47,2025-08-29 14:39:06.034615993,https://overwatch.blizzard.com/en-us/rates/data/?map=all-maps&role=All&rq=1&input=PC&region=Europe&tier=Bronze,"{'map': 'all-maps', 'role': 'All', 'rq': '1', 'input': 'PC', 'region': 'Europe', 'tier': 'Bronze'}",All,,Europe,,,sombra,Sombra,2.8,52.2,DAMAGE,2026-05-16 15:18:25.728179+00:00,2026_05_16
47,2025-08-29 14:39:06.034615993,https://overwatch.blizzard.com/en-us/rates/data/?map=all-maps&role=All&rq=1&input=PC&region=Europe&tier=Bronze,"{'map': 'all-maps', 'role': 'All', 'rq': '1', 'input': 'PC', 'region': 'Europe', 'tier': 'Bronze'}",All,,Europe,,,symmetra,Symmetra,3.7,56.1,DAMAGE,2026-05-16 15:18:25.728179+00:00,2026_05_16
47,2025-08-29 14:39:06.034615993,https://overwatch.blizzard.com/en-us/rates/data/?map=all-maps&role=All&rq=1&input=PC&region=Europe&tier=Bronze,"{'map': 'all-maps', 'role': 'All', 'rq': '1', 'input': 'PC', 'region': 'Europe', 'tier': 'Bronze'}",All,,Europe,,,torbjorn,Torbjörn,6.4,48.0,DAMAGE,2026-05-16 15:18:25.728179+00:00,2026_05_16
47,2025-08-29 14:39:06.034615993,https://overwatch.blizzard.com/en-us/rates/data/?map=all-maps&role=All&rq=1&input=PC&region=Europe&tier=Bronze,"{'map': 'all-maps', 'role': 'All', 'rq': '1', 'input': 'PC', 'region': 'Europe', 'tier': 'Bronze'}",All,,Europe,,,tracer,Tracer,5.4,51.2,DAMAGE,2026-05-16 15:18:25.728179+00:00,2026_05_16
47,2025-08-29 14:39:06.034615993,https://overwatch.blizzard.com/en-us/rates/data/?map=all-maps&role=All&rq=1&input=PC&region=Europe&tier=Bronze,"{'map': 'all-maps', 'role': 'All', 'rq': '1', 'input': 'PC', 'region': 'Europe', 'tier': 'Bronze'}",All,,Europe,,,venture,Venture,4.0,56.7,DAMAGE,2026-05-16 15:18:25.728179+00:00,2026_05_16
47,2025-08-29 14:39:06.034615993,https://overwatch.blizzard.com/en-us/rates/data/?map=all-maps&role=All&rq=1&input=PC&region=Europe&tier=Bronze,"{'map': 'all-maps', 'role': 'All', 'rq': '1', 'input': 'PC', 'region': 'Europe', 'tier': 'Bronze'}",All,,Europe,,,widowmaker,Widowmaker,8.7,46.4,DAMAGE,2026-05-16 15:18:25.728179+00:00,2026_05_16
47,2025-08-29 14:39:06.034615993,https://overwatch.blizzard.com/en-us/rates/data/?map=all-maps&role=All&rq=1&input=PC&region=Europe&tier=Bronze,"{'map': 'all-maps', 'role': 'All', 'rq': '1', 'input': 'PC', 'region': 'Europe', 'tier': 'Bronze'}",All,,Europe,,,winston,Winston,3.3,48.9,TANK,2026-05-16 15:18:25.728179+00:00,2026_05_16
47,2025-08-29 14:39:06.034615993,https://overwatch.blizzard.com/en-us/rates/data/?map=all-maps&role=All&rq=1&input=PC&region=Europe&tier=Bronze,"{'map': 'all-maps', 'role': 'All', 'rq': '1', 'input': 'PC', 'region': 'Europe', 'tier': 'Bronze'}",All,,Europe,,,wrecking-ball,Wrecking Ball,1.4,54.9,TANK,2026-05-16 15:18:25.728179+00:00,2026_05_16
47,2025-08-29 14:39:06.034615993,https://overwatch.blizzard.com/en-us/rates/data/?map=all-maps&role=All&rq=1&input=PC&region=Europe&tier=Bronze,"{'map': 'all-maps', 'role': 'All', 'rq': '1', 'input': 'PC', 'region': 'Europe', 'tier': 'Bronze'}",All,,Europe,,,wuyang,Wuyang,26.0,53.9,SUPPORT,2026-05-16 15:18:25.728179+00:00,2026_05_16
47,2025-08-29 14:39:06.034615993,https://overwatch.blizzard.com/en-us/rates/data/?map=all-maps&role=All&rq=1&input=PC&region=Europe&tier=Bronze,"{'map': 'all-maps', 'role': 'All', 'rq': '1', 'input': 'PC', 'region': 'Europe', 'tier': 'Bronze'}",All,,Europe,,,zarya,Zarya,2.0,53.4,TANK,2026-05-16 15:18:25.728179+00:00,2026_05_16
47,2025-08-29 14:39:06.034615993,https://overwatch.blizzard.com/en-us/rates/data/?map=all-maps&role=All&rq=1&input=PC&region=Europe&tier=Bronze,"{'map': 'all-maps', 'role': 'All', 'rq': '1', 'input': 'PC', 'region': 'Europe', 'tier': 'Bronze'}",All,,Europe,,,zenyatta,Zenyatta,8.9,53.4,SUPPORT,2026-05-16 15:18:25.728179+00:00,2026_05_16
48,2025-08-29 14:39:06.293432236,https://overwatch.blizzard.com/en-us/rates/data/?map=all-maps&role=All&rq=1&input=PC&region=Europe&tier=Silver,"{'map': 'all-maps', 'role': 'All', 'rq': '1', 'input': 'PC', 'region': 'Europe', 'tier': 'Silver'}",All,,Europe,,,ana,Ana,20.9,47.8,SUPPORT,2026-05-16 15:18:25.728179+00:00,2026_05_16
48,2025-08-29 14:39:06.293432236,https://overwatch.blizzard.com/en-us/rates/data/?map=all-maps&role=All&rq=1&input=PC&region=Europe&tier=Silver,"{'map': 'all-maps', 'role': 'All', 'rq': '1', 'input': 'PC', 'region': 'Europe', 'tier': 'Silver'}",All,,Europe,,,ashe,Ashe,13.3,51.1,DAMAGE,2026-05-16 15:18:25.728179+00:00,2026_05_16
48,2025-08-29 14:39:06.293432236,https://overwatch.blizzard.com/en-us/rates/data/?map=all-maps&role=All&rq=1&input=PC&region=Europe&tier=Silver,"{'map': 'all-maps', 'role': 'All', 'rq': '1', 'input': 'PC', 'region': 'Europe', 'tier': 'Silver'}",All,,Europe,,,baptiste,Baptiste,7.2,45.6,SUPPORT,2026-05-16 15:18:25.728179+00:00,2026_05_16
48,2025-08-29 14:39:06.293432236,https://overwatch.blizzard.com/en-us/rates/data/?map=all-maps&role=All&rq=1&input=PC&region=Europe&tier=Silver,"{'map': 'all-maps', 'role': 'All', 'rq': '1', 'input': 'PC', 'region': 'Europe', 'tier': 'Silver'}",All,,Europe,,,bastion,Bastion,15.1,47.3,DAMAGE,2026-05-16 15:18:25.728179+00:00,2026_05_16
48,2025-08-29 14:39:06.293432236,https://overwatch.blizzard.com/en-us/rates/data/?map=all-maps&role=All&rq=1&input=PC&region=Europe&tier=Silver,"{'map': 'all-maps', 'role': 'All', 'rq': '1', 'input': 'PC', 'region': 'Europe', 'tier': 'Silver'}",All,,Europe,,,brigitte,Brigitte,2.8,48.3,SUPPORT,2026-05-16 15:18:25.728179+00:00,2026_05_16
48,2025-08-29 14:39:06.293432236,https://overwatch.blizzard.com/en-us/rates/data/?map=all-maps&role=All&rq=1&input=PC&region=Europe&tier=Silver,"{'map': 'all-maps', 'role': 'All', 'rq': '1', 'input': 'PC', 'region': 'Europe', 'tier': 'Silver'}",All,,Europe,,,cassidy,Cassidy,22.1,49.5,DAMAGE,2026-05-16 15:18:25.728179+00:00,2026_05_16
48,2025-08-29 14:39:06.293432236,https://overwatch.blizzard.com/en-us/rates/data/?map=all-maps&role=All&rq=1&input=PC&region=Europe&tier=Silver,"{'map': 'all-maps', 'role': 'All', 'rq': '1', 'input': 'PC', 'region': 'Europe', 'tier': 'Silver'}",All,,Europe,,,dva,D.Va,13.0,47.3,TANK,2026-05-16 15:18:25.728179+00:00,2026_05_16
48,2025-08-29 14:39:06.293432236,https://overwatch.blizzard.com/en-us/rates/data/?map=all-maps&role=All&rq=1&input=PC&region=Europe&tier=Silver,"{'map': 'all-maps', 'role': 'All', 'rq': '1', 'input': 'PC', 'region': 'Europe', 'tier': 'Silver'}",All,,Europe,,,doomfist,Doomfist,5.5,54.8,TANK,2026-05-16 15:18:25.728179+00:00,2026_05_16
48,2025-08-29 14:39:06.293432236,https://overwatch.blizzard.com/en-us/rates/data/?map=all-maps&role=All&rq=1&input=PC&region=Europe&tier=Silver,"{'map': 'all-maps', 'role': 'All', 'rq': '1', 'input': 'PC', 'region': 'Europe', 'tier': 'Silver'}",All,,Europe,,,echo,Echo,5.3,47.9,DAMAGE,2026-05-16 15:18:25.728179+00:00,2026_05_16
48,2025-08-29 14:39:06.293432236,https://overwatch.blizzard.com/en-us/rates/data/?map=all-maps&role=All&rq=1&input=PC&region=Europe&tier=Silver,"{'map': 'all-maps', 'role': 'All', 'rq': '1', 'input': 'PC', 'region': 'Europe', 'tier': 'Silver'}",All,,Europe,,,freja,Freja,5.9,45.2,DAMAGE,2026-05-16 15:18:25.728179+00:00,2026_05_16
48,2025-08-29 14:39:06.293432236,https://overwatch.blizzard.com/en-us/rates/data/?map=all-maps&role=All&rq=1&input=PC&region=Europe&tier=Silver,"{'map': 'all-maps', 'role': 'All', 'rq': '1', 'input': 'PC', 'region': 'Europe', 'tier': 'Silver'}",All,,Europe,,,genji,Genji,13.9,55.5,DAMAGE,2026-05-16 15:18:25.728179+00:00,2026_05_16
48,2025-08-29 14:39:06.293432236,https://overwatch.blizzard.com/en-us/rates/data/?map=all-maps&role=All&rq=1&input=PC&region=Europe&tier=Silver,"{'map': 'all-maps', 'role': 'All', 'rq': '1', 'input': 'PC', 'region': 'Europe', 'tier': 'Silver'}",All,,Europe,,,hanzo,Hanzo,15.5,52.4,DAMAGE,2026-05-16 15:18:25.728179+00:00,2026_05_16
48,2025-08-29 14:39:06.293432236,https://overwatch.blizzard.com/en-us/rates/data/?map=all-maps&role=All&rq=1&input=PC&region=Europe&tier=Silver,"{'map': 'all-maps', 'role': 'All', 'rq': '1', 'input': 'PC', 'region': 'Europe', 'tier': 'Silver'}",All,,Europe,,,hazard,Hazard,2.5,50.9,TANK,2026-05-16 15:18:25.728179+00:00,2026_05_16
48,2025-08-29 14:39:06.293432236,https://overwatch.blizzard.com/en-us/rates/data/?map=all-maps&role=All&rq=1&input=PC&region=Europe&tier=Silver,"{'map': 'all-maps', 'role': 'All', 'rq': '1', 'input': 'PC', 'region': 'Europe', 'tier': 'Silver'}",All,,Europe,,,illari,Illari,7.2,48.7,SUPPORT,2026-05-16 15:18:25.728179+00:00,2026_05_16
48,2025-08-29 14:39:06.293432236,https://overwatch.blizzard.com/en-us/rates/data/?map=all-maps&role=All&rq=1&input=PC&region=Europe&tier=Silver,"{'map': 'all-maps', 'role': 'All', 'rq': '1', 'input': 'PC', 'region': 'Europe', 'tier': 'Silver'}",All,,Europe,,,junker-queen,Junker Queen,5.4,53.2,TANK,2026-05-16 15:18:25.728179+00:00,2026_05_16
48,2025-08-29 14:39:06.293432236,https://overwatch.blizzard.com/en-us/rates/data/?map=all-maps&role=All&rq=1&input=PC&region=Europe&tier=Silver,"{'map': 'all-maps', 'role': 'All', 'rq': '1', 'input': 'PC', 'region': 'Europe', 'tier': 'Silver'}",All,,Europe,,,junkrat,Junkrat,13.4,47.2,DAMAGE,2026-05-16 15:18:25.728179+00:00,2026_05_16
48,2025-08-29 14:39:06.293432236,https://overwatch.blizzard.com/en-us/rates/data/?map=all-maps&role=All&rq=1&input=PC&region=Europe&tier=Silver,"{'map': 'all-maps', 'role': 'All', 'rq': '1', 'input': 'PC', 'region': 'Europe', 'tier': 'Silver'}",All,,Europe,,,juno,Juno,15.1,49.2,SUPPORT,2026-05-16 15:18:25.728179+00:00,2026_05_16
48,2025-08-29 14:39:06.293432236,https://overwatch.blizzard.com/en-us/rates/data/?map=all-maps&role=All&rq=1&input=PC&region=Europe&tier=Silver,"{'map': 'all-maps', 'role': 'All', 'rq': '1', 'input': 'PC', 'region': 'Europe', 'tier': 'Silver'}",All,,Europe,,,kiriko,Kiriko,26.4,46.9,SUPPORT,2026-05-16 15:18:25.728179+00:00,2026_05_16
48,2025-08-29 14:39:06.293432236,https://overwatch.blizzard.com/en-us/rates/data/?map=all-maps&role=All&rq=1&input=PC&region=Europe&tier=Silver,"{'map': 'all-maps', 'role': 'All', 'rq': '1', 'input': 'PC', 'region': 'Europe', 'tier': 'Silver'}",All,,Europe,,,lifeweaver,Lifeweaver,10.9,45.1,SUPPORT,2026-05-16 15:18:25.728179+00:00,2026_05_16
48,2025-08-29 14:39:06.293432236,https://overwatch.blizzard.com/en-us/rates/data/?map=all-maps&role=All&rq=1&input=PC&region=Europe&tier=Silver,"{'map': 'all-maps', 'role': 'All', 'rq': '1', 'input': 'PC', 'region': 'Europe', 'tier': 'Silver'}",All,,Europe,,,lucio,Lúcio,9.5,54.2,SUPPORT,2026-05-16 15:18:25.728179+00:00,2026_05_16
48,2025-08-29 14:39:06.293432236,https://overwatch.blizzard.com/en-us/rates/data/?map=all-maps&role=All&rq=1&input=PC&region=Europe&tier=Silver,"{'map': 'all-maps', 'role': 'All', 'rq': '1', 'input': 'PC', 'region': 'Europe', 'tier': 'Silver'}",All,,Europe,,,mauga,Mauga,5.6,47.8,TANK,2026-05-16 15:18:25.728179+00:00,2026_05_16
48,2025-08-29 14:39:06.293432236,https://overwatch.blizzard.com/en-us/rates/data/?map=all-maps&role=All&rq=1&input=PC&region=Europe&tier=Silver,"{'map': 'all-maps', 'role': 'All', 'rq': '1', 'input': 'PC', 'region': 'Europe', 'tier': 'Silver'}",All,,Europe,,,mei,Mei,8.3,48.0,DAMAGE,2026-05-16 15:18:25.728179+00:00,2026_05_16
48,2025-08-29 14:39:06.293432236,https://overwatch.blizzard.com/en-us/rates/data/?map=all-maps&role=All&rq=1&input=PC&region=Europe&tier=Silver,"{'map': 'all-maps', 'role': 'All', 'rq': '1', 'input': 'PC', 'region': 'Europe', 'tier': 'Silver'}",All,,Europe,,,mercy,Mercy,32.6,50.7,SUPPORT,2026-05-16 15:18:25.728179+00:00,2026_05_16
48,2025-08-29 14:39:06.293432236,https://overwatch.blizzard.com/en-us/rates/data/?map=all-maps&role=All&rq=1&input=PC&region=Europe&tier=Silver,"{'map': 'all-maps', 'role': 'All', 'rq': '1', 'input': 'PC', 'region': 'Europe', 'tier': 'Silver'}",All,,Europe,,,moira,Moira,30.2,47.6,SUPPORT,2026-05-16 15:18:25.728179+00:00,2026_05_16
48,2025-08-29 14:39:06.293432236,https://overwatch.blizzard.com/en-us/rates/data/?map=all-maps&role=All&rq=1&input=PC&region=Europe&tier=Silver,"{'map': 'all-maps', 'role': 'All', 'rq': '1', 'input': 'PC', 'region': 'Europe', 'tier': 'Silver'}",All,,Europe,,,orisa,Orisa,14.9,43.6,TANK,2026-05-16 15:18:25.728179+00:00,2026_05_16
48,2025-08-29 14:39:06.293432236,https://overwatch.blizzard.com/en-us/rates/data/?map=all-maps&role=All&rq=1&input=PC&region=Europe&tier=Silver,"{'map': 'all-maps', 'role': 'All', 'rq': '1', 'input': 'PC', 'region': 'Europe', 'tier': 'Silver'}",All,,Europe,,,pharah,Pharah,6.0,50.4,DAMAGE,2026-05-16 15:18:25.728179+00:00,2026_05_16
48,2025-08-29 14:39:06.293432236,https://overwatch.blizzard.com/en-us/rates/data/?map=all-maps&role=All&rq=1&input=PC&region=Europe&tier=Silver,"{'map': 'all-maps', 'role': 'All', 'rq': '1', 'input': 'PC', 'region': 'Europe', 'tier': 'Silver'}",All,,Europe,,,ramattra,Ramattra,11.7,49.4,TANK,2026-05-16 15:18:25.728179+00:00,2026_05_16
48,2025-08-29 14:39:06.293432236,https://overwatch.blizzard.com/en-us/rates/data/?map=all-maps&role=All&rq=1&input=PC&region=Europe&tier=Silver,"{'map': 'all-maps', 'role': 'All', 'rq': '1', 'input': 'PC', 'region': 'Europe', 'tier': 'Silver'}",All,,Europe,,,reaper,Reaper,13.7,52.2,DAMAGE,2026-05-16 15:18:25.728179+00:00,2026_05_16
48,2025-08-29 14:39:06.293432236,https://overwatch.blizzard.com/en-us/rates/data/?map=all-maps&role=All&rq=1&input=PC&region=Europe&tier=Silver,"{'map': 'all-maps', 'role': 'All', 'rq': '1', 'input': 'PC', 'region': 'Europe', 'tier': 'Silver'}",All,,Europe,,,reinhardt,Reinhardt,15.6,56.5,TANK,2026-05-16 15:18:25.728179+00:00,2026_05_16
48,2025-08-29 14:39:06.293432236,https://overwatch.blizzard.com/en-us/rates/data/?map=all-maps&role=All&rq=1&input=PC&region=Europe&tier=Silver,"{'map': 'all-maps', 'role': 'All', 'rq': '1', 'input': 'PC', 'region': 'Europe', 'tier': 'Silver'}",All,,Europe,,,roadhog,Roadhog,5.3,38.5,TANK,2026-05-16 15:18:25.728179+00:00,2026_05_16
48,2025-08-29 14:39:06.293432236,https://overwatch.blizzard.com/en-us/rates/data/?map=all-maps&role=All&rq=1&input=PC&region=Europe&tier=Silver,"{'map': 'all-maps', 'role': 'All', 'rq': '1', 'input': 'PC', 'region': 'Europe', 'tier': 'Silver'}",All,,Europe,,,sigma,Sigma,11.5,51.5,TANK,2026-05-16 15:18:25.728179+00:00,2026_05_16
48,2025-08-29 14:39:06.293432236,https://overwatch.blizzard.com/en-us/rates/data/?map=all-maps&role=All&rq=1&input=PC&region=Europe&tier=Silver,"{'map': 'all-maps', 'role': 'All', 'rq': '1', 'input': 'PC', 'region': 'Europe', 'tier': 'Silver'}",All,,Europe,,,sojourn,Sojourn,16.7,45.7,DAMAGE,2026-05-16 15:18:25.728179+00:00,2026_05_16
48,2025-08-29 14:39:06.293432236,https://overwatch.blizzard.com/en-us/rates/data/?map=all-maps&role=All&rq=1&input=PC&region=Europe&tier=Silver,"{'map': 'all-maps', 'role': 'All', 'rq': '1', 'input': 'PC', 'region': 'Europe', 'tier': 'Silver'}",All,,Europe,,,soldier-76,Soldier: 76,22.2,49.0,DAMAGE,2026-05-16 15:18:25.728179+00:00,2026_05_16
48,2025-08-29 14:39:06.293432236,https://overwatch.blizzard.com/en-us/rates/data/?map=all-maps&role=All&rq=1&input=PC&region=Europe&tier=Silver,"{'map': 'all-maps', 'role': 'All', 'rq': '1', 'input': 'PC', 'region': 'Europe', 'tier': 'Silver'}",All,,Europe,,,sombra,Sombra,2.5,49.8,DAMAGE,2026-05-16 15:18:25.728179+00:00,2026_05_16
48,2025-08-29 14:39:06.293432236,https://overwatch.blizzard.com/en-us/rates/data/?map=all-maps&role=All&rq=1&input=PC&region=Europe&tier=Silver,"{'map': 'all-maps', 'role': 'All', 'rq': '1', 'input': 'PC', 'region': 'Europe', 'tier': 'Silver'}",All,,Europe,,,symmetra,Symmetra,4.7,52.0,DAMAGE,2026-05-16 15:18:25.728179+00:00,2026_05_16
48,2025-08-29 14:39:06.293432236,https://overwatch.blizzard.com/en-us/rates/data/?map=all-maps&role=All&rq=1&input=PC&region=Europe&tier=Silver,"{'map': 'all-maps', 'role': 'All', 'rq': '1', 'input': 'PC', 'region': 'Europe', 'tier': 'Silver'}",All,,Europe,,,torbjorn,Torbjörn,5.7,48.6,DAMAGE,2026-05-16 15:18:25.728179+00:00,2026_05_16
48,2025-08-29 14:39:06.293432236,https://overwatch.blizzard.com/en-us/rates/data/?map=all-maps&role=All&rq=1&input=PC&region=Europe&tier=Silver,"{'map': 'all-maps', 'role': 'All', 'rq': '1', 'input': 'PC', 'region': 'Europe', 'tier': 'Silver'}",All,,Europe,,,tracer,Tracer,5.4,50.4,DAMAGE,2026-05-16 15:18:25.728179+00:00,2026_05_16
48,2025-08-29 14:39:06.293432236,https://overwatch.blizzard.com/en-us/rates/data/?map=all-maps&role=All&rq=1&input=PC&region=Europe&tier=Silver,"{'map': 'all-maps', 'role': 'All', 'rq': '1', 'input': 'PC', 'region': 'Europe', 'tier': 'Silver'}",All,,Europe,,,venture,Venture,4.5,54.9,DAMAGE,2026-05-16 15:18:25.728179+00:00,2026_05_16
48,2025-08-29 14:39:06.293432236,https://overwatch.blizzard.com/en-us/rates/data/?map=all-maps&role=All&rq=1&input=PC&region=Europe&tier=Silver,"{'map': 'all-maps', 'role': 'All', 'rq': '1', 'input': 'PC', 'region': 'Europe', 'tier': 'Silver'}",All,,Europe,,,widowmaker,Widowmaker,5.7,45.3,DAMAGE,2026-05-16 15:18:25.728179+00:00,2026_05_16
48,2025-08-29 14:39:06.293432236,https://overwatch.blizzard.com/en-us/rates/data/?map=all-maps&role=All&rq=1&input=PC&region=Europe&tier=Silver,"{'map': 'all-maps', 'role': 'All', 'rq': '1', 'input': 'PC', 'region': 'Europe', 'tier': 'Silver'}",All,,Europe,,,winston,Winston,3.7,49.2,TANK,2026-05-16 15:18:25.728179+00:00,2026_05_16
48,2025-08-29 14:39:06.293432236,https://overwatch.blizzard.com/en-us/rates/data/?map=all-maps&role=All&rq=1&input=PC&region=Europe&tier=Silver,"{'map': 'all-maps', 'role': 'All', 'rq': '1', 'input': 'PC', 'region': 'Europe', 'tier': 'Silver'}",All,,Europe,,,wrecking-ball,Wrecking Ball,1.8,51.6,TANK,2026-05-16 15:18:25.728179+00:00,2026_05_16
48,2025-08-29 14:39:06.293432236,https://overwatch.blizzard.com/en-us/rates/data/?map=all-maps&role=All&rq=1&input=PC&region=Europe&tier=Silver,"{'map': 'all-maps', 'role': 'All', 'rq': '1', 'input': 'PC', 'region': 'Europe', 'tier': 'Silver'}",All,,Europe,,,wuyang,Wuyang,28.9,55.7,SUPPORT,2026-05-16 15:18:25.728179+00:00,2026_05_16
48,2025-08-29 14:39:06.293432236,https://overwatch.blizzard.com/en-us/rates/data/?map=all-maps&role=All&rq=1&input=PC&region=Europe&tier=Silver,"{'map': 'all-maps', 'role': 'All', 'rq': '1', 'input': 'PC', 'region': 'Europe', 'tier': 'Silver'}",All,,Europe,,,zarya,Zarya,3.5,53.1,TANK,2026-05-16 15:18:25.728179+00:00,2026_05_16
48,2025-08-29 14:39:06.293432236,https://overwatch.blizzard.com/en-us/rates/data/?map=all-maps&role=All&rq=1&input=PC&region=Europe&tier=Silver,"{'map': 'all-maps', 'role': 'All', 'rq': '1', 'input': 'PC', 'region': 'Europe', 'tier': 'Silver'}",All,,Europe,,,zenyatta,Zenyatta,8.1,51.9,SUPPORT,2026-05-16 15:18:25.728179+00:00,2026_05_16
49,2025-08-29 14:39:07.239042282,https://overwatch.blizzard.com/en-us/rates/data/?map=all-maps&role=All&rq=1&input=PC&region=Europe&tier=Gold,"{'map': 'all-maps', 'role': 'All', 'rq': '1', 'input': 'PC', 'region': 'Europe', 'tier': 'Gold'}",All,,Europe,,,ana,Ana,28.6,48.3,SUPPORT,2026-05-16 15:18:25.728179+00:00,2026_05_16
49,2025-08-29 14:39:07.239042282,https://overwatch.blizzard.com/en-us/rates/data/?map=all-maps&role=All&rq=1&input=PC&region=Europe&tier=Gold,"{'map': 'all-maps', 'role': 'All', 'rq': '1', 'input': 'PC', 'region': 'Europe', 'tier': 'Gold'}",All,,Europe,,,ashe,Ashe,13.3,50.8,DAMAGE,2026-05-16 15:18:25.728179+00:00,2026_05_16
49,2025-08-29 14:39:07.239042282,https://overwatch.blizzard.com/en-us/rates/data/?map=all-maps&role=All&rq=1&input=PC&region=Europe&tier=Gold,"{'map': 'all-maps', 'role': 'All', 'rq': '1', 'input': 'PC', 'region': 'Europe', 'tier': 'Gold'}",All,,Europe,,,baptiste,Baptiste,8.6,46.2,SUPPORT,2026-05-16 15:18:25.728179+00:00,2026_05_16
49,2025-08-29 14:39:07.239042282,https://overwatch.blizzard.com/en-us/rates/data/?map=all-maps&role=All&rq=1&input=PC&region=Europe&tier=Gold,"{'map': 'all-maps', 'role': 'All', 'rq': '1', 'input': 'PC', 'region': 'Europe', 'tier': 'Gold'}",All,,Europe,,,bastion,Bastion,11.5,45.3,DAMAGE,2026-05-16 15:18:25.728179+00:00,2026_05_16
49,2025-08-29 14:39:07.239042282,https://overwatch.blizzard.com/en-us/rates/data/?map=all-maps&role=All&rq=1&input=PC&region=Europe&tier=Gold,"{'map': 'all-maps', 'role': 'All', 'rq': '1', 'input': 'PC', 'region': 'Europe', 'tier': 'Gold'}",All,,Europe,,,brigitte,Brigitte,3.1,49.2,SUPPORT,2026-05-16 15:18:25.728179+00:00,2026_05_16
49,2025-08-29 14:39:07.239042282,https://overwatch.blizzard.com/en-us/rates/data/?map=all-maps&role=All&rq=1&input=PC&region=Europe&tier=Gold,"{'map': 'all-maps', 'role': 'All', 'rq': '1', 'input': 'PC', 'region': 'Europe', 'tier': 'Gold'}",All,,Europe,,,cassidy,Cassidy,28.9,48.4,DAMAGE,2026-05-16 15:18:25.728179+00:00,2026_05_16
49,2025-08-29 14:39:07.239042282,https://overwatch.blizzard.com/en-us/rates/data/?map=all-maps&role=All&rq=1&input=PC&region=Europe&tier=Gold,"{'map': 'all-maps', 'role': 'All', 'rq': '1', 'input': 'PC', 'region': 'Europe', 'tier': 'Gold'}",All,,Europe,,,dva,D.Va,9.8,47.7,TANK,2026-05-16 15:18:25.728179+00:00,2026_05_16
49,2025-08-29 14:39:07.239042282,https://overwatch.blizzard.com/en-us/rates/data/?map=all-maps&role=All&rq=1&input=PC&region=Europe&tier=Gold,"{'map': 'all-maps', 'role': 'All', 'rq': '1', 'input': 'PC', 'region': 'Europe', 'tier': 'Gold'}",All,,Europe,,,doomfist,Doomfist,6.8,55.7,TANK,2026-05-16 15:18:25.728179+00:00,2026_05_16
49,2025-08-29 14:39:07.239042282,https://overwatch.blizzard.com/en-us/rates/data/?map=all-maps&role=All&rq=1&input=PC&region=Europe&tier=Gold,"{'map': 'all-maps', 'role': 'All', 'rq': '1', 'input': 'PC', 'region': 'Europe', 'tier': 'Gold'}",All,,Europe,,,echo,Echo,4.6,48.8,DAMAGE,2026-05-16 15:18:25.728179+00:00,2026_05_16
49,2025-08-29 14:39:07.239042282,https://overwatch.blizzard.com/en-us/rates/data/?map=all-maps&role=All&rq=1&input=PC&region=Europe&tier=Gold,"{'map': 'all-maps', 'role': 'All', 'rq': '1', 'input': 'PC', 'region': 'Europe', 'tier': 'Gold'}",All,,Europe,,,freja,Freja,5.4,45.6,DAMAGE,2026-05-16 15:18:25.728179+00:00,2026_05_16
49,2025-08-29 14:39:07.239042282,https://overwatch.blizzard.com/en-us/rates/data/?map=all-maps&role=All&rq=1&input=PC&region=Europe&tier=Gold,"{'map': 'all-maps', 'role': 'All', 'rq': '1', 'input': 'PC', 'region': 'Europe', 'tier': 'Gold'}",All,,Europe,,,genji,Genji,17.3,55.6,DAMAGE,2026-05-16 15:18:25.728179+00:00,2026_05_16
49,2025-08-29 14:39:07.239042282,https://overwatch.blizzard.com/en-us/rates/data/?map=all-maps&role=All&rq=1&input=PC&region=Europe&tier=Gold,"{'map': 'all-maps', 'role': 'All', 'rq': '1', 'input': 'PC', 'region': 'Europe', 'tier': 'Gold'}",All,,Europe,,,hanzo,Hanzo,16.2,53.3,DAMAGE,2026-05-16 15:18:25.728179+00:00,2026_05_16
49,2025-08-29 14:39:07.239042282,https://overwatch.blizzard.com/en-us/rates/data/?map=all-maps&role=All&rq=1&input=PC&region=Europe&tier=Gold,"{'map': 'all-maps', 'role': 'All', 'rq': '1', 'input': 'PC', 'region': 'Europe', 'tier': 'Gold'}",All,,Europe,,,hazard,Hazard,2.9,50.9,TANK,2026-05-16 15:18:25.728179+00:00,2026_05_16
49,2025-08-29 14:39:07.239042282,https://overwatch.blizzard.com/en-us/rates/data/?map=all-maps&role=All&rq=1&input=PC&region=Europe&tier=Gold,"{'map': 'all-maps', 'role': 'All', 'rq': '1', 'input': 'PC', 'region': 'Europe', 'tier': 'Gold'}",All,,Europe,,,illari,Illari,6.2,51.0,SUPPORT,2026-05-16 15:18:25.728179+00:00,2026_05_16
49,2025-08-29 14:39:07.239042282,https://overwatch.blizzard.com/en-us/rates/data/?map=all-maps&role=All&rq=1&input=PC&region=Europe&tier=Gold,"{'map': 'all-maps', 'role': 'All', 'rq': '1', 'input': 'PC', 'region': 'Europe', 'tier': 'Gold'}",All,,Europe,,,junker-queen,Junker Queen,6.2,54.9,TANK,2026-05-16 15:18:25.728179+00:00,2026_05_16
49,2025-08-29 14:39:07.239042282,https://overwatch.blizzard.com/en-us/rates/data/?map=all-maps&role=All&rq=1&input=PC&region=Europe&tier=Gold,"{'map': 'all-maps', 'role': 'All', 'rq': '1', 'input': 'PC', 'region': 'Europe', 'tier': 'Gold'}",All,,Europe,,,junkrat,Junkrat,9.5,46.0,DAMAGE,2026-05-16 15:18:25.728179+00:00,2026_05_16
49,2025-08-29 14:39:07.239042282,https://overwatch.blizzard.com/en-us/rates/data/?map=all-maps&role=All&rq=1&input=PC&region=Europe&tier=Gold,"{'map': 'all-maps', 'role': 'All', 'rq': '1', 'input': 'PC', 'region': 'Europe', 'tier': 'Gold'}",All,,Europe,,,juno,Juno,14.3,49.5,SUPPORT,2026-05-16 15:18:25.728179+00:00,2026_05_16
49,2025-08-29 14:39:07.239042282,https://overwatch.blizzard.com/en-us/rates/data/?map=all-maps&role=All&rq=1&input=PC&region=Europe&tier=Gold,"{'map': 'all-maps', 'role': 'All', 'rq': '1', 'input': 'PC', 'region': 'Europe', 'tier': 'Gold'}",All,,Europe,,,kiriko,Kiriko,28.0,46.3,SUPPORT,2026-05-16 15:18:25.728179+00:00,2026_05_16
49,2025-08-29 14:39:07.239042282,https://overwatch.blizzard.com/en-us/rates/data/?map=all-maps&role=All&rq=1&input=PC&region=Europe&tier=Gold,"{'map': 'all-maps', 'role': 'All', 'rq': '1', 'input': 'PC', 'region': 'Europe', 'tier': 'Gold'}",All,,Europe,,,lifeweaver,Lifeweaver,10.8,44.3,SUPPORT,2026-05-16 15:18:25.728179+00:00,2026_05_16
49,2025-08-29 14:39:07.239042282,https://overwatch.blizzard.com/en-us/rates/data/?map=all-maps&role=All&rq=1&input=PC&region=Europe&tier=Gold,"{'map': 'all-maps', 'role': 'All', 'rq': '1', 'input': 'PC', 'region': 'Europe', 'tier': 'Gold'}",All,,Europe,,,lucio,Lúcio,7.7,53.7,SUPPORT,2026-05-16 15:18:25.728179+00:00,2026_05_16
49,2025-08-29 14:39:07.239042282,https://overwatch.blizzard.com/en-us/rates/data/?map=all-maps&role=All&rq=1&input=PC&region=Europe&tier=Gold,"{'map': 'all-maps', 'role': 'All', 'rq': '1', 'input': 'PC', 'region': 'Europe', 'tier': 'Gold'}",All,,Europe,,,mauga,Mauga,4.8,46.4,TANK,2026-05-16 15:18:25.728179+00:00,2026_05_16
49,2025-08-29 14:39:07.239042282,https://overwatch.blizzard.com/en-us/rates/data/?map=all-maps&role=All&rq=1&input=PC&region=Europe&tier=Gold,"{'map': 'all-maps', 'role': 'All', 'rq': '1', 'input': 'PC', 'region': 'Europe', 'tier': 'Gold'}",All,,Europe,,,mei,Mei,8.6,47.9,DAMAGE,2026-05-16 15:18:25.728179+00:00,2026_05_16
49,2025-08-29 14:39:07.239042282,https://overwatch.blizzard.com/en-us/rates/data/?map=all-maps&role=All&rq=1&input=PC&region=Europe&tier=Gold,"{'map': 'all-maps', 'role': 'All', 'rq': '1', 'input': 'PC', 'region': 'Europe', 'tier': 'Gold'}",All,,Europe,,,mercy,Mercy,27.1,51.5,SUPPORT,2026-05-16 15:18:25.728179+00:00,2026_05_16
49,2025-08-29 14:39:07.239042282,https://overwatch.blizzard.com/en-us/rates/data/?map=all-maps&role=All&rq=1&input=PC&region=Europe&tier=Gold,"{'map': 'all-maps', 'role': 'All', 'rq': '1', 'input': 'PC', 'region': 'Europe', 'tier': 'Gold'}",All,,Europe,,,moira,Moira,26.1,46.1,SUPPORT,2026-05-16 15:18:25.728179+00:00,2026_05_16
49,2025-08-29 14:39:07.239042282,https://overwatch.blizzard.com/en-us/rates/data/?map=all-maps&role=All&rq=1&input=PC&region=Europe&tier=Gold,"{'map': 'all-maps', 'role': 'All', 'rq': '1', 'input': 'PC', 'region': 'Europe', 'tier': 'Gold'}",All,,Europe,,,orisa,Orisa,12.5,43.4,TANK,2026-05-16 15:18:25.728179+00:00,2026_05_16
49,2025-08-29 14:39:07.239042282,https://overwatch.blizzard.com/en-us/rates/data/?map=all-maps&role=All&rq=1&input=PC&region=Europe&tier=Gold,"{'map': 'all-maps', 'role': 'All', 'rq': '1', 'input': 'PC', 'region': 'Europe', 'tier': 'Gold'}",All,,Europe,,,pharah,Pharah,4.9,50.1,DAMAGE,2026-05-16 15:18:25.728179+00:00,2026_05_16
49,2025-08-29 14:39:07.239042282,https://overwatch.blizzard.com/en-us/rates/data/?map=all-maps&role=All&rq=1&input=PC&region=Europe&tier=Gold,"{'map': 'all-maps', 'role': 'All', 'rq': '1', 'input': 'PC', 'region': 'Europe', 'tier': 'Gold'}",All,,Europe,,,ramattra,Ramattra,10.5,46.9,TANK,2026-05-16 15:18:25.728179+00:00,2026_05_16
49,2025-08-29 14:39:07.239042282,https://overwatch.blizzard.com/en-us/rates/data/?map=all-maps&role=All&rq=1&input=PC&region=Europe&tier=Gold,"{'map': 'all-maps', 'role': 'All', 'rq': '1', 'input': 'PC', 'region': 'Europe', 'tier': 'Gold'}",All,,Europe,,,reaper,Reaper,12.7,52.7,DAMAGE,2026-05-16 15:18:25.728179+00:00,2026_05_16
49,2025-08-29 14:39:07.239042282,https://overwatch.blizzard.com/en-us/rates/data/?map=all-maps&role=All&rq=1&input=PC&region=Europe&tier=Gold,"{'map': 'all-maps', 'role': 'All', 'rq': '1', 'input': 'PC', 'region': 'Europe', 'tier': 'Gold'}",All,,Europe,,,reinhardt,Reinhardt,17.1,55.8,TANK,2026-05-16 15:18:25.728179+00:00,2026_05_16
49,2025-08-29 14:39:07.239042282,https://overwatch.blizzard.com/en-us/rates/data/?map=all-maps&role=All&rq=1&input=PC&region=Europe&tier=Gold,"{'map': 'all-maps', 'role': 'All', 'rq': '1', 'input': 'PC', 'region': 'Europe', 'tier': 'Gold'}",All,,Europe,,,roadhog,Roadhog,5.8,38.7,TANK,2026-05-16 15:18:25.728179+00:00,2026_05_16
49,2025-08-29 14:39:07.239042282,https://overwatch.blizzard.com/en-us/rates/data/?map=all-maps&role=All&rq=1&input=PC&region=Europe&tier=Gold,"{'map': 'all-maps', 'role': 'All', 'rq': '1', 'input': 'PC', 'region': 'Europe', 'tier': 'Gold'}",All,,Europe,,,sigma,Sigma,11.0,51.3,TANK,2026-05-16 15:18:25.728179+00:00,2026_05_16
49,2025-08-29 14:39:07.239042282,https://overwatch.blizzard.com/en-us/rates/data/?map=all-maps&role=All&rq=1&input=PC&region=Europe&tier=Gold,"{'map': 'all-maps', 'role': 'All', 'rq': '1', 'input': 'PC', 'region': 'Europe', 'tier': 'Gold'}",All,,Europe,,,sojourn,Sojourn,16.4,45.9,DAMAGE,2026-05-16 15:18:25.728179+00:00,2026_05_16
49,2025-08-29 14:39:07.239042282,https://overwatch.blizzard.com/en-us/rates/data/?map=all-maps&role=All&rq=1&input=PC&region=Europe&tier=Gold,"{'map': 'all-maps', 'role': 'All', 'rq': '1', 'input': 'PC', 'region': 'Europe', 'tier': 'Gold'}",All,,Europe,,,soldier-76,Soldier: 76,21.4,48.7,DAMAGE,2026-05-16 15:18:25.728179+00:00,2026_05_16
49,2025-08-29 14:39:07.239042282,https://overwatch.blizzard.com/en-us/rates/data/?map=all-maps&role=All&rq=1&input=PC&region=Europe&tier=Gold,"{'map': 'all-maps', 'role': 'All', 'rq': '1', 'input': 'PC', 'region': 'Europe', 'tier': 'Gold'}",All,,Europe,,,sombra,Sombra,3.0,48.3,DAMAGE,2026-05-16 15:18:25.728179+00:00,2026_05_16
49,2025-08-29 14:39:07.239042282,https://overwatch.blizzard.com/en-us/rates/data/?map=all-maps&role=All&rq=1&input=PC&region=Europe&tier=Gold,"{'map': 'all-maps', 'role': 'All', 'rq': '1', 'input': 'PC', 'region': 'Europe', 'tier': 'Gold'}",All,,Europe,,,symmetra,Symmetra,4.5,50.7,DAMAGE,2026-05-16 15:18:25.728179+00:00,2026_05_16
49,2025-08-29 14:39:07.239042282,https://overwatch.blizzard.com/en-us/rates/data/?map=all-maps&role=All&rq=1&input=PC&region=Europe&tier=Gold,"{'map': 'all-maps', 'role': 'All', 'rq': '1', 'input': 'PC', 'region': 'Europe', 'tier': 'Gold'}",All,,Europe,,,torbjorn,Torbjörn,4.6,48.7,DAMAGE,2026-05-16 15:18:25.728179+00:00,2026_05_16
49,2025-08-29 14:39:07.239042282,https://overwatch.blizzard.com/en-us/rates/data/?map=all-maps&role=All&rq=1&input=PC&region=Europe&tier=Gold,"{'map': 'all-maps', 'role': 'All', 'rq': '1', 'input': 'PC', 'region': 'Europe', 'tier': 'Gold'}",All,,Europe,,,tracer,Tracer,6.8,50.8,DAMAGE,2026-05-16 15:18:25.728179+00:00,2026_05_16
49,2025-08-29 14:39:07.239042282,https://overwatch.blizzard.com/en-us/rates/data/?map=all-maps&role=All&rq=1&input=PC&region=Europe&tier=Gold,"{'map': 'all-maps', 'role': 'All', 'rq': '1', 'input': 'PC', 'region': 'Europe', 'tier': 'Gold'}",All,,Europe,,,venture,Venture,4.9,52.6,DAMAGE,2026-05-16 15:18:25.728179+00:00,2026_05_16
49,2025-08-29 14:39:07.239042282,https://overwatch.blizzard.com/en-us/rates/data/?map=all-maps&role=All&rq=1&input=PC&region=Europe&tier=Gold,"{'map': 'all-maps', 'role': 'All', 'rq': '1', 'input': 'PC', 'region': 'Europe', 'tier': 'Gold'}",All,,Europe,,,widowmaker,Widowmaker,5.5,49.3,DAMAGE,2026-05-16 15:18:25.728179+00:00,2026_05_16
49,2025-08-29 14:39:07.239042282,https://overwatch.blizzard.com/en-us/rates/data/?map=all-maps&role=All&rq=1&input=PC&region=Europe&tier=Gold,"{'map': 'all-maps', 'role': 'All', 'rq': '1', 'input': 'PC', 'region': 'Europe', 'tier': 'Gold'}",All,,Europe,,,winston,Winston,4.7,49.8,TANK,2026-05-16 15:18:25.728179+00:00,2026_05_16
49,2025-08-29 14:39:07.239042282,https://overwatch.blizzard.com/en-us/rates/data/?map=all-maps&role=All&rq=1&input=PC&region=Europe&tier=Gold,"{'map': 'all-maps', 'role': 'All', 'rq': '1', 'input': 'PC', 'region': 'Europe', 'tier': 'Gold'}",All,,Europe,,,wrecking-ball,Wrecking Ball,2.4,55.0,TANK,2026-05-16 15:18:25.728179+00:00,2026_05_16
49,2025-08-29 14:39:07.239042282,https://overwatch.blizzard.com/en-us/rates/data/?map=all-maps&role=All&rq=1&input=PC&region=Europe&tier=Gold,"{'map': 'all-maps', 'role': 'All', 'rq': '1', 'input': 'PC', 'region': 'Europe', 'tier': 'Gold'}",All,,Europe,,,wuyang,Wuyang,31.3,56.5,SUPPORT,2026-05-16 15:18:25.728179+00:00,2026_05_16
49,2025-08-29 14:39:07.239042282,https://overwatch.blizzard.com/en-us/rates/data/?map=all-maps&role=All&rq=1&input=PC&region=Europe&tier=Gold,"{'map': 'all-maps', 'role': 'All', 'rq': '1', 'input': 'PC', 'region': 'Europe', 'tier': 'Gold'}",All,,Europe,,,zarya,Zarya,5.5,49.0,TANK,2026-05-16 15:18:25.728179+00:00,2026_05_16
49,2025-08-29 14:39:07.239042282,https://overwatch.blizzard.com/en-us/rates/data/?map=all-maps&role=All&rq=1&input=PC&region=Europe&tier=Gold,"{'map': 'all-maps', 'role': 'All', 'rq': '1', 'input': 'PC', 'region': 'Europe', 'tier': 'Gold'}",All,,Europe,,,zenyatta,Zenyatta,8.1,52.1,SUPPORT,2026-05-16 15:18:25.728179+00:00,2026_05_16
50,2025-08-29 14:39:07.495204687,https://overwatch.blizzard.com/en-us/rates/data/?map=all-maps&role=All&rq=1&input=PC&region=Europe&tier=Platinum,"{'map': 'all-maps', 'role': 'All', 'rq': '1', 'input': 'PC', 'region': 'Europe', 'tier': 'Platinum'}",All,,Europe,,,ana,Ana,36.7,48.7,SUPPORT,2026-05-16 15:18:25.728179+00:00,2026_05_16
50,2025-08-29 14:39:07.495204687,https://overwatch.blizzard.com/en-us/rates/data/?map=all-maps&role=All&rq=1&input=PC&region=Europe&tier=Platinum,"{'map': 'all-maps', 'role': 'All', 'rq': '1', 'input': 'PC', 'region': 'Europe', 'tier': 'Platinum'}",All,,Europe,,,ashe,Ashe,12.1,49.7,DAMAGE,2026-05-16 15:18:25.728179+00:00,2026_05_16
50,2025-08-29 14:39:07.495204687,https://overwatch.blizzard.com/en-us/rates/data/?map=all-maps&role=All&rq=1&input=PC&region=Europe&tier=Platinum,"{'map': 'all-maps', 'role': 'All', 'rq': '1', 'input': 'PC', 'region': 'Europe', 'tier': 'Platinum'}",All,,Europe,,,baptiste,Baptiste,10.3,47.7,SUPPORT,2026-05-16 15:18:25.728179+00:00,2026_05_16
50,2025-08-29 14:39:07.495204687,https://overwatch.blizzard.com/en-us/rates/data/?map=all-maps&role=All&rq=1&input=PC&region=Europe&tier=Platinum,"{'map': 'all-maps', 'role': 'All', 'rq': '1', 'input': 'PC', 'region': 'Europe', 'tier': 'Platinum'}",All,,Europe,,,bastion,Bastion,7.0,45.7,DAMAGE,2026-05-16 15:18:25.728179+00:00,2026_05_16
50,2025-08-29 14:39:07.495204687,https://overwatch.blizzard.com/en-us/rates/data/?map=all-maps&role=All&rq=1&input=PC&region=Europe&tier=Platinum,"{'map': 'all-maps', 'role': 'All', 'rq': '1', 'input': 'PC', 'region': 'Europe', 'tier': 'Platinum'}",All,,Europe,,,brigitte,Brigitte,4.2,46.6,SUPPORT,2026-05-16 15:18:25.728179+00:00,2026_05_16
50,2025-08-29 14:39:07.495204687,https://overwatch.blizzard.com/en-us/rates/data/?map=all-maps&role=All&rq=1&input=PC&region=Europe&tier=Platinum,"{'map': 'all-maps', 'role': 'All', 'rq': '1', 'input': 'PC', 'region': 'Europe', 'tier': 'Platinum'}",All,,Europe,,,cassidy,Cassidy,35.1,47.6,DAMAGE,2026-05-16 15:18:25.728179+00:00,2026_05_16
50,2025-08-29 14:39:07.495204687,https://overwatch.blizzard.com/en-us/rates/data/?map=all-maps&role=All&rq=1&input=PC&region=Europe&tier=Platinum,"{'map': 'all-maps', 'role': 'All', 'rq': '1', 'input': 'PC', 'region': 'Europe', 'tier': 'Platinum'}",All,,Europe,,,dva,D.Va,9.0,49.7,TANK,2026-05-16 15:18:25.728179+00:00,2026_05_16
50,2025-08-29 14:39:07.495204687,https://overwatch.blizzard.com/en-us/rates/data/?map=all-maps&role=All&rq=1&input=PC&region=Europe&tier=Platinum,"{'map': 'all-maps', 'role': 'All', 'rq': '1', 'input': 'PC', 'region': 'Europe', 'tier': 'Platinum'}",All,,Europe,,,doomfist,Doomfist,9.3,53.8,TANK,2026-05-16 15:18:25.728179+00:00,2026_05_16
50,2025-08-29 14:39:07.495204687,https://overwatch.blizzard.com/en-us/rates/data/?map=all-maps&role=All&rq=1&input=PC&region=Europe&tier=Platinum,"{'map': 'all-maps', 'role': 'All', 'rq': '1', 'input': 'PC', 'region': 'Europe', 'tier': 'Platinum'}",All,,Europe,,,echo,Echo,4.4,50.1,DAMAGE,2026-05-16 15:18:25.728179+00:00,2026_05_16
50,2025-08-29 14:39:07.495204687,https://overwatch.blizzard.com/en-us/rates/data/?map=all-maps&role=All&rq=1&input=PC&region=Europe&tier=Platinum,"{'map': 'all-maps', 'role': 'All', 'rq': '1', 'input': 'PC', 'region': 'Europe', 'tier': 'Platinum'}",All,,Europe,,,freja,Freja,4.7,47.0,DAMAGE,2026-05-16 15:18:25.728179+00:00,2026_05_16
50,2025-08-29 14:39:07.495204687,https://overwatch.blizzard.com/en-us/rates/data/?map=all-maps&role=All&rq=1&input=PC&region=Europe&tier=Platinum,"{'map': 'all-maps', 'role': 'All', 'rq': '1', 'input': 'PC', 'region': 'Europe', 'tier': 'Platinum'}",All,,Europe,,,genji,Genji,23.7,55.5,DAMAGE,2026-05-16 15:18:25.728179+00:00,2026_05_16
50,2025-08-29 14:39:07.495204687,https://overwatch.blizzard.com/en-us/rates/data/?map=all-maps&role=All&rq=1&input=PC&region=Europe&tier=Platinum,"{'map': 'all-maps', 'role': 'All', 'rq': '1', 'input': 'PC', 'region': 'Europe', 'tier': 'Platinum'}",All,,Europe,,,hanzo,Hanzo,16.0,51.6,DAMAGE,2026-05-16 15:18:25.728179+00:00,2026_05_16
50,2025-08-29 14:39:07.495204687,https://overwatch.blizzard.com/en-us/rates/data/?map=all-maps&role=All&rq=1&input=PC&region=Europe&tier=Platinum,"{'map': 'all-maps', 'role': 'All', 'rq': '1', 'input': 'PC', 'region': 'Europe', 'tier': 'Platinum'}",All,,Europe,,,hazard,Hazard,4.6,52.9,TANK,2026-05-16 15:18:25.728179+00:00,2026_05_16
50,2025-08-29 14:39:07.495204687,https://overwatch.blizzard.com/en-us/rates/data/?map=all-maps&role=All&rq=1&input=PC&region=Europe&tier=Platinum,"{'map': 'all-maps', 'role': 'All', 'rq': '1', 'input': 'PC', 'region': 'Europe', 'tier': 'Platinum'}",All,,Europe,,,illari,Illari,5.8,51.1,SUPPORT,2026-05-16 15:18:25.728179+00:00,2026_05_16
50,2025-08-29 14:39:07.495204687,https://overwatch.blizzard.com/en-us/rates/data/?map=all-maps&role=All&rq=1&input=PC&region=Europe&tier=Platinum,"{'map': 'all-maps', 'role': 'All', 'rq': '1', 'input': 'PC', 'region': 'Europe', 'tier': 'Platinum'}",All,,Europe,,,junker-queen,Junker Queen,7.4,55.3,TANK,2026-05-16 15:18:25.728179+00:00,2026_05_16
50,2025-08-29 14:39:07.495204687,https://overwatch.blizzard.com/en-us/rates/data/?map=all-maps&role=All&rq=1&input=PC&region=Europe&tier=Platinum,"{'map': 'all-maps', 'role': 'All', 'rq': '1', 'input': 'PC', 'region': 'Europe', 'tier': 'Platinum'}",All,,Europe,,,junkrat,Junkrat,6.0,46.7,DAMAGE,2026-05-16 15:18:25.728179+00:00,2026_05_16
50,2025-08-29 14:39:07.495204687,https://overwatch.blizzard.com/en-us/rates/data/?map=all-maps&role=All&rq=1&input=PC&region=Europe&tier=Platinum,"{'map': 'all-maps', 'role': 'All', 'rq': '1', 'input': 'PC', 'region': 'Europe', 'tier': 'Platinum'}",All,,Europe,,,juno,Juno,14.2,49.8,SUPPORT,2026-05-16 15:18:25.728179+00:00,2026_05_16
50,2025-08-29 14:39:07.495204687,https://overwatch.blizzard.com/en-us/rates/data/?map=all-maps&role=All&rq=1&input=PC&region=Europe&tier=Platinum,"{'map': 'all-maps', 'role': 'All', 'rq': '1', 'input': 'PC', 'region': 'Europe', 'tier': 'Platinum'}",All,,Europe,,,kiriko,Kiriko,28.6,45.6,SUPPORT,2026-05-16 15:18:25.728179+00:00,2026_05_16
50,2025-08-29 14:39:07.495204687,https://overwatch.blizzard.com/en-us/rates/data/?map=all-maps&role=All&rq=1&input=PC&region=Europe&tier=Platinum,"{'map': 'all-maps', 'role': 'All', 'rq': '1', 'input': 'PC', 'region': 'Europe', 'tier': 'Platinum'}",All,,Europe,,,lifeweaver,Lifeweaver,8.8,44.2,SUPPORT,2026-05-16 15:18:25.728179+00:00,2026_05_16
50,2025-08-29 14:39:07.495204687,https://overwatch.blizzard.com/en-us/rates/data/?map=all-maps&role=All&rq=1&input=PC&region=Europe&tier=Platinum,"{'map': 'all-maps', 'role': 'All', 'rq': '1', 'input': 'PC', 'region': 'Europe', 'tier': 'Platinum'}",All,,Europe,,,lucio,Lúcio,7.4,54.3,SUPPORT,2026-05-16 15:18:25.728179+00:00,2026_05_16
50,2025-08-29 14:39:07.495204687,https://overwatch.blizzard.com/en-us/rates/data/?map=all-maps&role=All&rq=1&input=PC&region=Europe&tier=Platinum,"{'map': 'all-maps', 'role': 'All', 'rq': '1', 'input': 'PC', 'region': 'Europe', 'tier': 'Platinum'}",All,,Europe,,,mauga,Mauga,3.8,48.2,TANK,2026-05-16 15:18:25.728179+00:00,2026_05_16
50,2025-08-29 14:39:07.495204687,https://overwatch.blizzard.com/en-us/rates/data/?map=all-maps&role=All&rq=1&input=PC&region=Europe&tier=Platinum,"{'map': 'all-maps', 'role': 'All', 'rq': '1', 'input': 'PC', 'region': 'Europe', 'tier': 'Platinum'}",All,,Europe,,,mei,Mei,7.4,46.1,DAMAGE,2026-05-16 15:18:25.728179+00:00,2026_05_16
50,2025-08-29 14:39:07.495204687,https://overwatch.blizzard.com/en-us/rates/data/?map=all-maps&role=All&rq=1&input=PC&region=Europe&tier=Platinum,"{'map': 'all-maps', 'role': 'All', 'rq': '1', 'input': 'PC', 'region': 'Europe', 'tier': 'Platinum'}",All,,Europe,,,mercy,Mercy,22.2,51.8,SUPPORT,2026-05-16 15:18:25.728179+00:00,2026_05_16
50,2025-08-29 14:39:07.495204687,https://overwatch.blizzard.com/en-us/rates/data/?map=all-maps&role=All&rq=1&input=PC&region=Europe&tier=Platinum,"{'map': 'all-maps', 'role': 'All', 'rq': '1', 'input': 'PC', 'region': 'Europe', 'tier': 'Platinum'}",All,,Europe,,,moira,Moira,19.6,44.5,SUPPORT,2026-05-16 15:18:25.728179+00:00,2026_05_16
50,2025-08-29 14:39:07.495204687,https://overwatch.blizzard.com/en-us/rates/data/?map=all-maps&role=All&rq=1&input=PC&region=Europe&tier=Platinum,"{'map': 'all-maps', 'role': 'All', 'rq': '1', 'input': 'PC', 'region': 'Europe', 'tier': 'Platinum'}",All,,Europe,,,orisa,Orisa,9.0,41.4,TANK,2026-05-16 15:18:25.728179+00:00,2026_05_16
50,2025-08-29 14:39:07.495204687,https://overwatch.blizzard.com/en-us/rates/data/?map=all-maps&role=All&rq=1&input=PC&region=Europe&tier=Platinum,"{'map': 'all-maps', 'role': 'All', 'rq': '1', 'input': 'PC', 'region': 'Europe', 'tier': 'Platinum'}",All,,Europe,,,pharah,Pharah,4.1,49.8,DAMAGE,2026-05-16 15:18:25.728179+00:00,2026_05_16
50,2025-08-29 14:39:07.495204687,https://overwatch.blizzard.com/en-us/rates/data/?map=all-maps&role=All&rq=1&input=PC&region=Europe&tier=Platinum,"{'map': 'all-maps', 'role': 'All', 'rq': '1', 'input': 'PC', 'region': 'Europe', 'tier': 'Platinum'}",All,,Europe,,,ramattra,Ramattra,7.9,44.7,TANK,2026-05-16 15:18:25.728179+00:00,2026_05_16
50,2025-08-29 14:39:07.495204687,https://overwatch.blizzard.com/en-us/rates/data/?map=all-maps&role=All&rq=1&input=PC&region=Europe&tier=Platinum,"{'map': 'all-maps', 'role': 'All', 'rq': '1', 'input': 'PC', 'region': 'Europe', 'tier': 'Platinum'}",All,,Europe,,,reaper,Reaper,9.1,51.2,DAMAGE,2026-05-16 15:18:25.728179+00:00,2026_05_16
50,2025-08-29 14:39:07.495204687,https://overwatch.blizzard.com/en-us/rates/data/?map=all-maps&role=All&rq=1&input=PC&region=Europe&tier=Platinum,"{'map': 'all-maps', 'role': 'All', 'rq': '1', 'input': 'PC', 'region': 'Europe', 'tier': 'Platinum'}",All,,Europe,,,reinhardt,Reinhardt,15.5,53.8,TANK,2026-05-16 15:18:25.728179+00:00,2026_05_16
50,2025-08-29 14:39:07.495204687,https://overwatch.blizzard.com/en-us/rates/data/?map=all-maps&role=All&rq=1&input=PC&region=Europe&tier=Platinum,"{'map': 'all-maps', 'role': 'All', 'rq': '1', 'input': 'PC', 'region': 'Europe', 'tier': 'Platinum'}",All,,Europe,,,roadhog,Roadhog,6.0,38.9,TANK,2026-05-16 15:18:25.728179+00:00,2026_05_16
50,2025-08-29 14:39:07.495204687,https://overwatch.blizzard.com/en-us/rates/data/?map=all-maps&role=All&rq=1&input=PC&region=Europe&tier=Platinum,"{'map': 'all-maps', 'role': 'All', 'rq': '1', 'input': 'PC', 'region': 'Europe', 'tier': 'Platinum'}",All,,Europe,,,sigma,Sigma,9.4,51.4,TANK,2026-05-16 15:18:25.728179+00:00,2026_05_16
50,2025-08-29 14:39:07.495204687,https://overwatch.blizzard.com/en-us/rates/data/?map=all-maps&role=All&rq=1&input=PC&region=Europe&tier=Platinum,"{'map': 'all-maps', 'role': 'All', 'rq': '1', 'input': 'PC', 'region': 'Europe', 'tier': 'Platinum'}",All,,Europe,,,sojourn,Sojourn,18.6,45.8,DAMAGE,2026-05-16 15:18:25.728179+00:00,2026_05_16
50,2025-08-29 14:39:07.495204687,https://overwatch.blizzard.com/en-us/rates/data/?map=all-maps&role=All&rq=1&input=PC&region=Europe&tier=Platinum,"{'map': 'all-maps', 'role': 'All', 'rq': '1', 'input': 'PC', 'region': 'Europe', 'tier': 'Platinum'}",All,,Europe,,,soldier-76,Soldier: 76,18.9,49.0,DAMAGE,2026-05-16 15:18:25.728179+00:00,2026_05_16
50,2025-08-29 14:39:07.495204687,https://overwatch.blizzard.com/en-us/rates/data/?map=all-maps&role=All&rq=1&input=PC&region=Europe&tier=Platinum,"{'map': 'all-maps', 'role': 'All', 'rq': '1', 'input': 'PC', 'region': 'Europe', 'tier': 'Platinum'}",All,,Europe,,,sombra,Sombra,3.7,47.0,DAMAGE,2026-05-16 15:18:25.728179+00:00,2026_05_16
50,2025-08-29 14:39:07.495204687,https://overwatch.blizzard.com/en-us/rates/data/?map=all-maps&role=All&rq=1&input=PC&region=Europe&tier=Platinum,"{'map': 'all-maps', 'role': 'All', 'rq': '1', 'input': 'PC', 'region': 'Europe', 'tier': 'Platinum'}",All,,Europe,,,symmetra,Symmetra,3.7,52.5,DAMAGE,2026-05-16 15:18:25.728179+00:00,2026_05_16
50,2025-08-29 14:39:07.495204687,https://overwatch.blizzard.com/en-us/rates/data/?map=all-maps&role=All&rq=1&input=PC&region=Europe&tier=Platinum,"{'map': 'all-maps', 'role': 'All', 'rq': '1', 'input': 'PC', 'region': 'Europe', 'tier': 'Platinum'}",All,,Europe,,,torbjorn,Torbjörn,3.9,48.3,DAMAGE,2026-05-16 15:18:25.728179+00:00,2026_05_16
50,2025-08-29 14:39:07.495204687,https://overwatch.blizzard.com/en-us/rates/data/?map=all-maps&role=All&rq=1&input=PC&region=Europe&tier=Platinum,"{'map': 'all-maps', 'role': 'All', 'rq': '1', 'input': 'PC', 'region': 'Europe', 'tier': 'Platinum'}",All,,Europe,,,tracer,Tracer,10.5,53.2,DAMAGE,2026-05-16 15:18:25.728179+00:00,2026_05_16
50,2025-08-29 14:39:07.495204687,https://overwatch.blizzard.com/en-us/rates/data/?map=all-maps&role=All&rq=1&input=PC&region=Europe&tier=Platinum,"{'map': 'all-maps', 'role': 'All', 'rq': '1', 'input': 'PC', 'region': 'Europe', 'tier': 'Platinum'}",All,,Europe,,,venture,Venture,5.1,52.3,DAMAGE,2026-05-16 15:18:25.728179+00:00,2026_05_16
50,2025-08-29 14:39:07.495204687,https://overwatch.blizzard.com/en-us/rates/data/?map=all-maps&role=All&rq=1&input=PC&region=Europe&tier=Platinum,"{'map': 'all-maps', 'role': 'All', 'rq': '1', 'input': 'PC', 'region': 'Europe', 'tier': 'Platinum'}",All,,Europe,,,widowmaker,Widowmaker,5.8,50.2,DAMAGE,2026-05-16 15:18:25.728179+00:00,2026_05_16
50,2025-08-29 14:39:07.495204687,https://overwatch.blizzard.com/en-us/rates/data/?map=all-maps&role=All&rq=1&input=PC&region=Europe&tier=Platinum,"{'map': 'all-maps', 'role': 'All', 'rq': '1', 'input': 'PC', 'region': 'Europe', 'tier': 'Platinum'}",All,,Europe,,,winston,Winston,7.0,49.5,TANK,2026-05-16 15:18:25.728179+00:00,2026_05_16
50,2025-08-29 14:39:07.495204687,https://overwatch.blizzard.com/en-us/rates/data/?map=all-maps&role=All&rq=1&input=PC&region=Europe&tier=Platinum,"{'map': 'all-maps', 'role': 'All', 'rq': '1', 'input': 'PC', 'region': 'Europe', 'tier': 'Platinum'}",All,,Europe,,,wrecking-ball,Wrecking Ball,3.9,57.4,TANK,2026-05-16 15:18:25.728179+00:00,2026_05_16
50,2025-08-29 14:39:07.495204687,https://overwatch.blizzard.com/en-us/rates/data/?map=all-maps&role=All&rq=1&input=PC&region=Europe&tier=Platinum,"{'map': 'all-maps', 'role': 'All', 'rq': '1', 'input': 'PC', 'region': 'Europe', 'tier': 'Platinum'}",All,,Europe,,,wuyang,Wuyang,33.3,57.1,SUPPORT,2026-05-16 15:18:25.728179+00:00,2026_05_16
50,2025-08-29 14:39:07.495204687,https://overwatch.blizzard.com/en-us/rates/data/?map=all-maps&role=All&rq=1&input=PC&region=Europe&tier=Platinum,"{'map': 'all-maps', 'role': 'All', 'rq': '1', 'input': 'PC', 'region': 'Europe', 'tier': 'Platinum'}",All,,Europe,,,zarya,Zarya,7.1,47.9,TANK,2026-05-16 15:18:25.728179+00:00,2026_05_16
50,2025-08-29 14:39:07.495204687,https://overwatch.blizzard.com/en-us/rates/data/?map=all-maps&role=All&rq=1&input=PC&region=Europe&tier=Platinum,"{'map': 'all-maps', 'role': 'All', 'rq': '1', 'input': 'PC', 'region': 'Europe', 'tier': 'Platinum'}",All,,Europe,,,zenyatta,Zenyatta,9.0,51.9,SUPPORT,2026-05-16 15:18:25.728179+00:00,2026_05_16
51,2025-08-29 14:39:07.764520884,https://overwatch.blizzard.com/en-us/rates/data/?map=all-maps&role=All&rq=1&input=PC&region=Europe&tier=Diamond,"{'map': 'all-maps', 'role': 'All', 'rq': '1', 'input': 'PC', 'region': 'Europe', 'tier': 'Diamond'}",All,,Europe,,,ana,Ana,38.6,47.5,SUPPORT,2026-05-16 15:18:25.728179+00:00,2026_05_16
51,2025-08-29 14:39:07.764520884,https://overwatch.blizzard.com/en-us/rates/data/?map=all-maps&role=All&rq=1&input=PC&region=Europe&tier=Diamond,"{'map': 'all-maps', 'role': 'All', 'rq': '1', 'input': 'PC', 'region': 'Europe', 'tier': 'Diamond'}",All,,Europe,,,ashe,Ashe,8.8,49.4,DAMAGE,2026-05-16 15:18:25.728179+00:00,2026_05_16
51,2025-08-29 14:39:07.764520884,https://overwatch.blizzard.com/en-us/rates/data/?map=all-maps&role=All&rq=1&input=PC&region=Europe&tier=Diamond,"{'map': 'all-maps', 'role': 'All', 'rq': '1', 'input': 'PC', 'region': 'Europe', 'tier': 'Diamond'}",All,,Europe,,,baptiste,Baptiste,13.2,49.0,SUPPORT,2026-05-16 15:18:25.728179+00:00,2026_05_16
51,2025-08-29 14:39:07.764520884,https://overwatch.blizzard.com/en-us/rates/data/?map=all-maps&role=All&rq=1&input=PC&region=Europe&tier=Diamond,"{'map': 'all-maps', 'role': 'All', 'rq': '1', 'input': 'PC', 'region': 'Europe', 'tier': 'Diamond'}",All,,Europe,,,bastion,Bastion,4.0,45.1,DAMAGE,2026-05-16 15:18:25.728179+00:00,2026_05_16
51,2025-08-29 14:39:07.764520884,https://overwatch.blizzard.com/en-us/rates/data/?map=all-maps&role=All&rq=1&input=PC&region=Europe&tier=Diamond,"{'map': 'all-maps', 'role': 'All', 'rq': '1', 'input': 'PC', 'region': 'Europe', 'tier': 'Diamond'}",All,,Europe,,,brigitte,Brigitte,7.4,47.0,SUPPORT,2026-05-16 15:18:25.728179+00:00,2026_05_16
51,2025-08-29 14:39:07.764520884,https://overwatch.blizzard.com/en-us/rates/data/?map=all-maps&role=All&rq=1&input=PC&region=Europe&tier=Diamond,"{'map': 'all-maps', 'role': 'All', 'rq': '1', 'input': 'PC', 'region': 'Europe', 'tier': 'Diamond'}",All,,Europe,,,cassidy,Cassidy,34.9,46.9,DAMAGE,2026-05-16 15:18:25.728179+00:00,2026_05_16
51,2025-08-29 14:39:07.764520884,https://overwatch.blizzard.com/en-us/rates/data/?map=all-maps&role=All&rq=1&input=PC&region=Europe&tier=Diamond,"{'map': 'all-maps', 'role': 'All', 'rq': '1', 'input': 'PC', 'region': 'Europe', 'tier': 'Diamond'}",All,,Europe,,,dva,D.Va,8.9,51.0,TANK,2026-05-16 15:18:25.728179+00:00,2026_05_16
51,2025-08-29 14:39:07.764520884,https://overwatch.blizzard.com/en-us/rates/data/?map=all-maps&role=All&rq=1&input=PC&region=Europe&tier=Diamond,"{'map': 'all-maps', 'role': 'All', 'rq': '1', 'input': 'PC', 'region': 'Europe', 'tier': 'Diamond'}",All,,Europe,,,doomfist,Doomfist,11.2,49.9,TANK,2026-05-16 15:18:25.728179+00:00,2026_05_16
51,2025-08-29 14:39:07.764520884,https://overwatch.blizzard.com/en-us/rates/data/?map=all-maps&role=All&rq=1&input=PC&region=Europe&tier=Diamond,"{'map': 'all-maps', 'role': 'All', 'rq': '1', 'input': 'PC', 'region': 'Europe', 'tier': 'Diamond'}",All,,Europe,,,echo,Echo,5.1,50.8,DAMAGE,2026-05-16 15:18:25.728179+00:00,2026_05_16
51,2025-08-29 14:39:07.764520884,https://overwatch.blizzard.com/en-us/rates/data/?map=all-maps&role=All&rq=1&input=PC&region=Europe&tier=Diamond,"{'map': 'all-maps', 'role': 'All', 'rq': '1', 'input': 'PC', 'region': 'Europe', 'tier': 'Diamond'}",All,,Europe,,,freja,Freja,5.0,49.9,DAMAGE,2026-05-16 15:18:25.728179+00:00,2026_05_16
51,2025-08-29 14:39:07.764520884,https://overwatch.blizzard.com/en-us/rates/data/?map=all-maps&role=All&rq=1&input=PC&region=Europe&tier=Diamond,"{'map': 'all-maps', 'role': 'All', 'rq': '1', 'input': 'PC', 'region': 'Europe', 'tier': 'Diamond'}",All,,Europe,,,genji,Genji,29.6,53.4,DAMAGE,2026-05-16 15:18:25.728179+00:00,2026_05_16
51,2025-08-29 14:39:07.764520884,https://overwatch.blizzard.com/en-us/rates/data/?map=all-maps&role=All&rq=1&input=PC&region=Europe&tier=Diamond,"{'map': 'all-maps', 'role': 'All', 'rq': '1', 'input': 'PC', 'region': 'Europe', 'tier': 'Diamond'}",All,,Europe,,,hanzo,Hanzo,11.6,50.8,DAMAGE,2026-05-16 15:18:25.728179+00:00,2026_05_16
51,2025-08-29 14:39:07.764520884,https://overwatch.blizzard.com/en-us/rates/data/?map=all-maps&role=All&rq=1&input=PC&region=Europe&tier=Diamond,"{'map': 'all-maps', 'role': 'All', 'rq': '1', 'input': 'PC', 'region': 'Europe', 'tier': 'Diamond'}",All,,Europe,,,hazard,Hazard,7.4,52.2,TANK,2026-05-16 15:18:25.728179+00:00,2026_05_16
51,2025-08-29 14:39:07.764520884,https://overwatch.blizzard.com/en-us/rates/data/?map=all-maps&role=All&rq=1&input=PC&region=Europe&tier=Diamond,"{'map': 'all-maps', 'role': 'All', 'rq': '1', 'input': 'PC', 'region': 'Europe', 'tier': 'Diamond'}",All,,Europe,,,illari,Illari,5.9,54.6,SUPPORT,2026-05-16 15:18:25.728179+00:00,2026_05_16
51,2025-08-29 14:39:07.764520884,https://overwatch.blizzard.com/en-us/rates/data/?map=all-maps&role=All&rq=1&input=PC&region=Europe&tier=Diamond,"{'map': 'all-maps', 'role': 'All', 'rq': '1', 'input': 'PC', 'region': 'Europe', 'tier': 'Diamond'}",All,,Europe,,,junker-queen,Junker Queen,8.3,56.1,TANK,2026-05-16 15:18:25.728179+00:00,2026_05_16
51,2025-08-29 14:39:07.764520884,https://overwatch.blizzard.com/en-us/rates/data/?map=all-maps&role=All&rq=1&input=PC&region=Europe&tier=Diamond,"{'map': 'all-maps', 'role': 'All', 'rq': '1', 'input': 'PC', 'region': 'Europe', 'tier': 'Diamond'}",All,,Europe,,,junkrat,Junkrat,4.3,46.5,DAMAGE,2026-05-16 15:18:25.728179+00:00,2026_05_16
51,2025-08-29 14:39:07.764520884,https://overwatch.blizzard.com/en-us/rates/data/?map=all-maps&role=All&rq=1&input=PC&region=Europe&tier=Diamond,"{'map': 'all-maps', 'role': 'All', 'rq': '1', 'input': 'PC', 'region': 'Europe', 'tier': 'Diamond'}",All,,Europe,,,juno,Juno,13.6,50.1,SUPPORT,2026-05-16 15:18:25.728179+00:00,2026_05_16
51,2025-08-29 14:39:07.764520884,https://overwatch.blizzard.com/en-us/rates/data/?map=all-maps&role=All&rq=1&input=PC&region=Europe&tier=Diamond,"{'map': 'all-maps', 'role': 'All', 'rq': '1', 'input': 'PC', 'region': 'Europe', 'tier': 'Diamond'}",All,,Europe,,,kiriko,Kiriko,30.7,45.5,SUPPORT,2026-05-16 15:18:25.728179+00:00,2026_05_16
51,2025-08-29 14:39:07.764520884,https://overwatch.blizzard.com/en-us/rates/data/?map=all-maps&role=All&rq=1&input=PC&region=Europe&tier=Diamond,"{'map': 'all-maps', 'role': 'All', 'rq': '1', 'input': 'PC', 'region': 'Europe', 'tier': 'Diamond'}",All,,Europe,,,lifeweaver,Lifeweaver,6.1,42.7,SUPPORT,2026-05-16 15:18:25.728179+00:00,2026_05_16
51,2025-08-29 14:39:07.764520884,https://overwatch.blizzard.com/en-us/rates/data/?map=all-maps&role=All&rq=1&input=PC&region=Europe&tier=Diamond,"{'map': 'all-maps', 'role': 'All', 'rq': '1', 'input': 'PC', 'region': 'Europe', 'tier': 'Diamond'}",All,,Europe,,,lucio,Lúcio,11.8,53.9,SUPPORT,2026-05-16 15:18:25.728179+00:00,2026_05_16
51,2025-08-29 14:39:07.764520884,https://overwatch.blizzard.com/en-us/rates/data/?map=all-maps&role=All&rq=1&input=PC&region=Europe&tier=Diamond,"{'map': 'all-maps', 'role': 'All', 'rq': '1', 'input': 'PC', 'region': 'Europe', 'tier': 'Diamond'}",All,,Europe,,,mauga,Mauga,3.9,51.4,TANK,2026-05-16 15:18:25.728179+00:00,2026_05_16
51,2025-08-29 14:39:07.764520884,https://overwatch.blizzard.com/en-us/rates/data/?map=all-maps&role=All&rq=1&input=PC&region=Europe&tier=Diamond,"{'map': 'all-maps', 'role': 'All', 'rq': '1', 'input': 'PC', 'region': 'Europe', 'tier': 'Diamond'}",All,,Europe,,,mei,Mei,5.2,45.8,DAMAGE,2026-05-16 15:18:25.728179+00:00,2026_05_16
51,2025-08-29 14:39:07.764520884,https://overwatch.blizzard.com/en-us/rates/data/?map=all-maps&role=All&rq=1&input=PC&region=Europe&tier=Diamond,"{'map': 'all-maps', 'role': 'All', 'rq': '1', 'input': 'PC', 'region': 'Europe', 'tier': 'Diamond'}",All,,Europe,,,mercy,Mercy,16.7,50.0,SUPPORT,2026-05-16 15:18:25.728179+00:00,2026_05_16
51,2025-08-29 14:39:07.764520884,https://overwatch.blizzard.com/en-us/rates/data/?map=all-maps&role=All&rq=1&input=PC&region=Europe&tier=Diamond,"{'map': 'all-maps', 'role': 'All', 'rq': '1', 'input': 'PC', 'region': 'Europe', 'tier': 'Diamond'}",All,,Europe,,,moira,Moira,13.5,45.4,SUPPORT,2026-05-16 15:18:25.728179+00:00,2026_05_16
51,2025-08-29 14:39:07.764520884,https://overwatch.blizzard.com/en-us/rates/data/?map=all-maps&role=All&rq=1&input=PC&region=Europe&tier=Diamond,"{'map': 'all-maps', 'role': 'All', 'rq': '1', 'input': 'PC', 'region': 'Europe', 'tier': 'Diamond'}",All,,Europe,,,orisa,Orisa,8.4,43.5,TANK,2026-05-16 15:18:25.728179+00:00,2026_05_16
51,2025-08-29 14:39:07.764520884,https://overwatch.blizzard.com/en-us/rates/data/?map=all-maps&role=All&rq=1&input=PC&region=Europe&tier=Diamond,"{'map': 'all-maps', 'role': 'All', 'rq': '1', 'input': 'PC', 'region': 'Europe', 'tier': 'Diamond'}",All,,Europe,,,pharah,Pharah,4.4,50.9,DAMAGE,2026-05-16 15:18:25.728179+00:00,2026_05_16
51,2025-08-29 14:39:07.764520884,https://overwatch.blizzard.com/en-us/rates/data/?map=all-maps&role=All&rq=1&input=PC&region=Europe&tier=Diamond,"{'map': 'all-maps', 'role': 'All', 'rq': '1', 'input': 'PC', 'region': 'Europe', 'tier': 'Diamond'}",All,,Europe,,,ramattra,Ramattra,5.6,43.9,TANK,2026-05-16 15:18:25.728179+00:00,2026_05_16
51,2025-08-29 14:39:07.764520884,https://overwatch.blizzard.com/en-us/rates/data/?map=all-maps&role=All&rq=1&input=PC&region=Europe&tier=Diamond,"{'map': 'all-maps', 'role': 'All', 'rq': '1', 'input': 'PC', 'region': 'Europe', 'tier': 'Diamond'}",All,,Europe,,,reaper,Reaper,6.3,54.0,DAMAGE,2026-05-16 15:18:25.728179+00:00,2026_05_16
51,2025-08-29 14:39:07.764520884,https://overwatch.blizzard.com/en-us/rates/data/?map=all-maps&role=All&rq=1&input=PC&region=Europe&tier=Diamond,"{'map': 'all-maps', 'role': 'All', 'rq': '1', 'input': 'PC', 'region': 'Europe', 'tier': 'Diamond'}",All,,Europe,,,reinhardt,Reinhardt,11.7,52.3,TANK,2026-05-16 15:18:25.728179+00:00,2026_05_16
51,2025-08-29 14:39:07.764520884,https://overwatch.blizzard.com/en-us/rates/data/?map=all-maps&role=All&rq=1&input=PC&region=Europe&tier=Diamond,"{'map': 'all-maps', 'role': 'All', 'rq': '1', 'input': 'PC', 'region': 'Europe', 'tier': 'Diamond'}",All,,Europe,,,roadhog,Roadhog,5.1,37.7,TANK,2026-05-16 15:18:25.728179+00:00,2026_05_16
51,2025-08-29 14:39:07.764520884,https://overwatch.blizzard.com/en-us/rates/data/?map=all-maps&role=All&rq=1&input=PC&region=Europe&tier=Diamond,"{'map': 'all-maps', 'role': 'All', 'rq': '1', 'input': 'PC', 'region': 'Europe', 'tier': 'Diamond'}",All,,Europe,,,sigma,Sigma,8.3,51.6,TANK,2026-05-16 15:18:25.728179+00:00,2026_05_16
51,2025-08-29 14:39:07.764520884,https://overwatch.blizzard.com/en-us/rates/data/?map=all-maps&role=All&rq=1&input=PC&region=Europe&tier=Diamond,"{'map': 'all-maps', 'role': 'All', 'rq': '1', 'input': 'PC', 'region': 'Europe', 'tier': 'Diamond'}",All,,Europe,,,sojourn,Sojourn,23.0,46.5,DAMAGE,2026-05-16 15:18:25.728179+00:00,2026_05_16
51,2025-08-29 14:39:07.764520884,https://overwatch.blizzard.com/en-us/rates/data/?map=all-maps&role=All&rq=1&input=PC&region=Europe&tier=Diamond,"{'map': 'all-maps', 'role': 'All', 'rq': '1', 'input': 'PC', 'region': 'Europe', 'tier': 'Diamond'}",All,,Europe,,,soldier-76,Soldier: 76,15.5,48.3,DAMAGE,2026-05-16 15:18:25.728179+00:00,2026_05_16
51,2025-08-29 14:39:07.764520884,https://overwatch.blizzard.com/en-us/rates/data/?map=all-maps&role=All&rq=1&input=PC&region=Europe&tier=Diamond,"{'map': 'all-maps', 'role': 'All', 'rq': '1', 'input': 'PC', 'region': 'Europe', 'tier': 'Diamond'}",All,,Europe,,,sombra,Sombra,4.7,47.0,DAMAGE,2026-05-16 15:18:25.728179+00:00,2026_05_16
51,2025-08-29 14:39:07.764520884,https://overwatch.blizzard.com/en-us/rates/data/?map=all-maps&role=All&rq=1&input=PC&region=Europe&tier=Diamond,"{'map': 'all-maps', 'role': 'All', 'rq': '1', 'input': 'PC', 'region': 'Europe', 'tier': 'Diamond'}",All,,Europe,,,symmetra,Symmetra,2.9,53.7,DAMAGE,2026-05-16 15:18:25.728179+00:00,2026_05_16
51,2025-08-29 14:39:07.764520884,https://overwatch.blizzard.com/en-us/rates/data/?map=all-maps&role=All&rq=1&input=PC&region=Europe&tier=Diamond,"{'map': 'all-maps', 'role': 'All', 'rq': '1', 'input': 'PC', 'region': 'Europe', 'tier': 'Diamond'}",All,,Europe,,,torbjorn,Torbjörn,3.5,46.2,DAMAGE,2026-05-16 15:18:25.728179+00:00,2026_05_16
51,2025-08-29 14:39:07.764520884,https://overwatch.blizzard.com/en-us/rates/data/?map=all-maps&role=All&rq=1&input=PC&region=Europe&tier=Diamond,"{'map': 'all-maps', 'role': 'All', 'rq': '1', 'input': 'PC', 'region': 'Europe', 'tier': 'Diamond'}",All,,Europe,,,tracer,Tracer,19.2,54.2,DAMAGE,2026-05-16 15:18:25.728179+00:00,2026_05_16
51,2025-08-29 14:39:07.764520884,https://overwatch.blizzard.com/en-us/rates/data/?map=all-maps&role=All&rq=1&input=PC&region=Europe&tier=Diamond,"{'map': 'all-maps', 'role': 'All', 'rq': '1', 'input': 'PC', 'region': 'Europe', 'tier': 'Diamond'}",All,,Europe,,,venture,Venture,6.3,51.2,DAMAGE,2026-05-16 15:18:25.728179+00:00,2026_05_16
51,2025-08-29 14:39:07.764520884,https://overwatch.blizzard.com/en-us/rates/data/?map=all-maps&role=All&rq=1&input=PC&region=Europe&tier=Diamond,"{'map': 'all-maps', 'role': 'All', 'rq': '1', 'input': 'PC', 'region': 'Europe', 'tier': 'Diamond'}",All,,Europe,,,widowmaker,Widowmaker,5.6,49.3,DAMAGE,2026-05-16 15:18:25.728179+00:00,2026_05_16
51,2025-08-29 14:39:07.764520884,https://overwatch.blizzard.com/en-us/rates/data/?map=all-maps&role=All&rq=1&input=PC&region=Europe&tier=Diamond,"{'map': 'all-maps', 'role': 'All', 'rq': '1', 'input': 'PC', 'region': 'Europe', 'tier': 'Diamond'}",All,,Europe,,,winston,Winston,9.1,48.7,TANK,2026-05-16 15:18:25.728179+00:00,2026_05_16
51,2025-08-29 14:39:07.764520884,https://overwatch.blizzard.com/en-us/rates/data/?map=all-maps&role=All&rq=1&input=PC&region=Europe&tier=Diamond,"{'map': 'all-maps', 'role': 'All', 'rq': '1', 'input': 'PC', 'region': 'Europe', 'tier': 'Diamond'}",All,,Europe,,,wrecking-ball,Wrecking Ball,5.6,55.0,TANK,2026-05-16 15:18:25.728179+00:00,2026_05_16
51,2025-08-29 14:39:07.764520884,https://overwatch.blizzard.com/en-us/rates/data/?map=all-maps&role=All&rq=1&input=PC&region=Europe&tier=Diamond,"{'map': 'all-maps', 'role': 'All', 'rq': '1', 'input': 'PC', 'region': 'Europe', 'tier': 'Diamond'}",All,,Europe,,,wuyang,Wuyang,33.1,56.9,SUPPORT,2026-05-16 15:18:25.728179+00:00,2026_05_16
51,2025-08-29 14:39:07.764520884,https://overwatch.blizzard.com/en-us/rates/data/?map=all-maps&role=All&rq=1&input=PC&region=Europe&tier=Diamond,"{'map': 'all-maps', 'role': 'All', 'rq': '1', 'input': 'PC', 'region': 'Europe', 'tier': 'Diamond'}",All,,Europe,,,zarya,Zarya,6.7,48.3,TANK,2026-05-16 15:18:25.728179+00:00,2026_05_16
51,2025-08-29 14:39:07.764520884,https://overwatch.blizzard.com/en-us/rates/data/?map=all-maps&role=All&rq=1&input=PC&region=Europe&tier=Diamond,"{'map': 'all-maps', 'role': 'All', 'rq': '1', 'input': 'PC', 'region': 'Europe', 'tier': 'Diamond'}",All,,Europe,,,zenyatta,Zenyatta,9.3,51.1,SUPPORT,2026-05-16 15:18:25.728179+00:00,2026_05_16
52,2025-08-29 14:39:08.024924994,https://overwatch.blizzard.com/en-us/rates/data/?map=all-maps&role=All&rq=1&input=PC&region=Europe&tier=Master,"{'map': 'all-maps', 'role': 'All', 'rq': '1', 'input': 'PC', 'region': 'Europe', 'tier': 'Master'}",All,,Europe,,,ana,Ana,26.0,46.8,SUPPORT,2026-05-16 15:18:25.728179+00:00,2026_05_16
52,2025-08-29 14:39:08.024924994,https://overwatch.blizzard.com/en-us/rates/data/?map=all-maps&role=All&rq=1&input=PC&region=Europe&tier=Master,"{'map': 'all-maps', 'role': 'All', 'rq': '1', 'input': 'PC', 'region': 'Europe', 'tier': 'Master'}",All,,Europe,,,ashe,Ashe,3.3,48.5,DAMAGE,2026-05-16 15:18:25.728179+00:00,2026_05_16
52,2025-08-29 14:39:08.024924994,https://overwatch.blizzard.com/en-us/rates/data/?map=all-maps&role=All&rq=1&input=PC&region=Europe&tier=Master,"{'map': 'all-maps', 'role': 'All', 'rq': '1', 'input': 'PC', 'region': 'Europe', 'tier': 'Master'}",All,,Europe,,,baptiste,Baptiste,18.1,48.4,SUPPORT,2026-05-16 15:18:25.728179+00:00,2026_05_16
52,2025-08-29 14:39:08.024924994,https://overwatch.blizzard.com/en-us/rates/data/?map=all-maps&role=All&rq=1&input=PC&region=Europe&tier=Master,"{'map': 'all-maps', 'role': 'All', 'rq': '1', 'input': 'PC', 'region': 'Europe', 'tier': 'Master'}",All,,Europe,,,bastion,Bastion,3.1,49.6,DAMAGE,2026-05-16 15:18:25.728179+00:00,2026_05_16
52,2025-08-29 14:39:08.024924994,https://overwatch.blizzard.com/en-us/rates/data/?map=all-maps&role=All&rq=1&input=PC&region=Europe&tier=Master,"{'map': 'all-maps', 'role': 'All', 'rq': '1', 'input': 'PC', 'region': 'Europe', 'tier': 'Master'}",All,,Europe,,,brigitte,Brigitte,9.0,44.4,SUPPORT,2026-05-16 15:18:25.728179+00:00,2026_05_16
52,2025-08-29 14:39:08.024924994,https://overwatch.blizzard.com/en-us/rates/data/?map=all-maps&role=All&rq=1&input=PC&region=Europe&tier=Master,"{'map': 'all-maps', 'role': 'All', 'rq': '1', 'input': 'PC', 'region': 'Europe', 'tier': 'Master'}",All,,Europe,,,cassidy,Cassidy,29.3,46.3,DAMAGE,2026-05-16 15:18:25.728179+00:00,2026_05_16
52,2025-08-29 14:39:08.024924994,https://overwatch.blizzard.com/en-us/rates/data/?map=all-maps&role=All&rq=1&input=PC&region=Europe&tier=Master,"{'map': 'all-maps', 'role': 'All', 'rq': '1', 'input': 'PC', 'region': 'Europe', 'tier': 'Master'}",All,,Europe,,,dva,D.Va,9.8,53.9,TANK,2026-05-16 15:18:25.728179+00:00,2026_05_16
52,2025-08-29 14:39:08.024924994,https://overwatch.blizzard.com/en-us/rates/data/?map=all-maps&role=All&rq=1&input=PC&region=Europe&tier=Master,"{'map': 'all-maps', 'role': 'All', 'rq': '1', 'input': 'PC', 'region': 'Europe', 'tier': 'Master'}",All,,Europe,,,doomfist,Doomfist,8.7,44.9,TANK,2026-05-16 15:18:25.728179+00:00,2026_05_16
52,2025-08-29 14:39:08.024924994,https://overwatch.blizzard.com/en-us/rates/data/?map=all-maps&role=All&rq=1&input=PC&region=Europe&tier=Master,"{'map': 'all-maps', 'role': 'All', 'rq': '1', 'input': 'PC', 'region': 'Europe', 'tier': 'Master'}",All,,Europe,,,echo,Echo,4.3,53.7,DAMAGE,2026-05-16 15:18:25.728179+00:00,2026_05_16
52,2025-08-29 14:39:08.024924994,https://overwatch.blizzard.com/en-us/rates/data/?map=all-maps&role=All&rq=1&input=PC&region=Europe&tier=Master,"{'map': 'all-maps', 'role': 'All', 'rq': '1', 'input': 'PC', 'region': 'Europe', 'tier': 'Master'}",All,,Europe,,,freja,Freja,7.9,44.7,DAMAGE,2026-05-16 15:18:25.728179+00:00,2026_05_16
52,2025-08-29 14:39:08.024924994,https://overwatch.blizzard.com/en-us/rates/data/?map=all-maps&role=All&rq=1&input=PC&region=Europe&tier=Master,"{'map': 'all-maps', 'role': 'All', 'rq': '1', 'input': 'PC', 'region': 'Europe', 'tier': 'Master'}",All,,Europe,,,genji,Genji,29.2,51.5,DAMAGE,2026-05-16 15:18:25.728179+00:00,2026_05_16
52,2025-08-29 14:39:08.024924994,https://overwatch.blizzard.com/en-us/rates/data/?map=all-maps&role=All&rq=1&input=PC&region=Europe&tier=Master,"{'map': 'all-maps', 'role': 'All', 'rq': '1', 'input': 'PC', 'region': 'Europe', 'tier': 'Master'}",All,,Europe,,,hanzo,Hanzo,8.3,51.9,DAMAGE,2026-05-16 15:18:25.728179+00:00,2026_05_16
52,2025-08-29 14:39:08.024924994,https://overwatch.blizzard.com/en-us/rates/data/?map=all-maps&role=All&rq=1&input=PC&region=Europe&tier=Master,"{'map': 'all-maps', 'role': 'All', 'rq': '1', 'input': 'PC', 'region': 'Europe', 'tier': 'Master'}",All,,Europe,,,hazard,Hazard,11.8,51.1,TANK,2026-05-16 15:18:25.728179+00:00,2026_05_16
52,2025-08-29 14:39:08.024924994,https://overwatch.blizzard.com/en-us/rates/data/?map=all-maps&role=All&rq=1&input=PC&region=Europe&tier=Master,"{'map': 'all-maps', 'role': 'All', 'rq': '1', 'input': 'PC', 'region': 'Europe', 'tier': 'Master'}",All,,Europe,,,illari,Illari,7.5,51.1,SUPPORT,2026-05-16 15:18:25.728179+00:00,2026_05_16
52,2025-08-29 14:39:08.024924994,https://overwatch.blizzard.com/en-us/rates/data/?map=all-maps&role=All&rq=1&input=PC&region=Europe&tier=Master,"{'map': 'all-maps', 'role': 'All', 'rq': '1', 'input': 'PC', 'region': 'Europe', 'tier': 'Master'}",All,,Europe,,,junker-queen,Junker Queen,10.2,53.6,TANK,2026-05-16 15:18:25.728179+00:00,2026_05_16
52,2025-08-29 14:39:08.024924994,https://overwatch.blizzard.com/en-us/rates/data/?map=all-maps&role=All&rq=1&input=PC&region=Europe&tier=Master,"{'map': 'all-maps', 'role': 'All', 'rq': '1', 'input': 'PC', 'region': 'Europe', 'tier': 'Master'}",All,,Europe,,,junkrat,Junkrat,4.1,45.9,DAMAGE,2026-05-16 15:18:25.728179+00:00,2026_05_16
52,2025-08-29 14:39:08.024924994,https://overwatch.blizzard.com/en-us/rates/data/?map=all-maps&role=All&rq=1&input=PC&region=Europe&tier=Master,"{'map': 'all-maps', 'role': 'All', 'rq': '1', 'input': 'PC', 'region': 'Europe', 'tier': 'Master'}",All,,Europe,,,juno,Juno,10.2,49.1,SUPPORT,2026-05-16 15:18:25.728179+00:00,2026_05_16
52,2025-08-29 14:39:08.024924994,https://overwatch.blizzard.com/en-us/rates/data/?map=all-maps&role=All&rq=1&input=PC&region=Europe&tier=Master,"{'map': 'all-maps', 'role': 'All', 'rq': '1', 'input': 'PC', 'region': 'Europe', 'tier': 'Master'}",All,,Europe,,,kiriko,Kiriko,38.3,48.3,SUPPORT,2026-05-16 15:18:25.728179+00:00,2026_05_16
52,2025-08-29 14:39:08.024924994,https://overwatch.blizzard.com/en-us/rates/data/?map=all-maps&role=All&rq=1&input=PC&region=Europe&tier=Master,"{'map': 'all-maps', 'role': 'All', 'rq': '1', 'input': 'PC', 'region': 'Europe', 'tier': 'Master'}",All,,Europe,,,lifeweaver,Lifeweaver,4.5,44.7,SUPPORT,2026-05-16 15:18:25.728179+00:00,2026_05_16
52,2025-08-29 14:39:08.024924994,https://overwatch.blizzard.com/en-us/rates/data/?map=all-maps&role=All&rq=1&input=PC&region=Europe&tier=Master,"{'map': 'all-maps', 'role': 'All', 'rq': '1', 'input': 'PC', 'region': 'Europe', 'tier': 'Master'}",All,,Europe,,,lucio,Lúcio,21.2,55.5,SUPPORT,2026-05-16 15:18:25.728179+00:00,2026_05_16
52,2025-08-29 14:39:08.024924994,https://overwatch.blizzard.com/en-us/rates/data/?map=all-maps&role=All&rq=1&input=PC&region=Europe&tier=Master,"{'map': 'all-maps', 'role': 'All', 'rq': '1', 'input': 'PC', 'region': 'Europe', 'tier': 'Master'}",All,,Europe,,,mauga,Mauga,3.3,43.3,TANK,2026-05-16 15:18:25.728179+00:00,2026_05_16
52,2025-08-29 14:39:08.024924994,https://overwatch.blizzard.com/en-us/rates/data/?map=all-maps&role=All&rq=1&input=PC&region=Europe&tier=Master,"{'map': 'all-maps', 'role': 'All', 'rq': '1', 'input': 'PC', 'region': 'Europe', 'tier': 'Master'}",All,,Europe,,,mei,Mei,5.1,50.2,DAMAGE,2026-05-16 15:18:25.728179+00:00,2026_05_16
52,2025-08-29 14:39:08.024924994,https://overwatch.blizzard.com/en-us/rates/data/?map=all-maps&role=All&rq=1&input=PC&region=Europe&tier=Master,"{'map': 'all-maps', 'role': 'All', 'rq': '1', 'input': 'PC', 'region': 'Europe', 'tier': 'Master'}",All,,Europe,,,mercy,Mercy,7.9,51.3,SUPPORT,2026-05-16 15:18:25.728179+00:00,2026_05_16
52,2025-08-29 14:39:08.024924994,https://overwatch.blizzard.com/en-us/rates/data/?map=all-maps&role=All&rq=1&input=PC&region=Europe&tier=Master,"{'map': 'all-maps', 'role': 'All', 'rq': '1', 'input': 'PC', 'region': 'Europe', 'tier': 'Master'}",All,,Europe,,,moira,Moira,7.0,43.8,SUPPORT,2026-05-16 15:18:25.728179+00:00,2026_05_16
52,2025-08-29 14:39:08.024924994,https://overwatch.blizzard.com/en-us/rates/data/?map=all-maps&role=All&rq=1&input=PC&region=Europe&tier=Master,"{'map': 'all-maps', 'role': 'All', 'rq': '1', 'input': 'PC', 'region': 'Europe', 'tier': 'Master'}",All,,Europe,,,orisa,Orisa,11.0,42.7,TANK,2026-05-16 15:18:25.728179+00:00,2026_05_16
52,2025-08-29 14:39:08.024924994,https://overwatch.blizzard.com/en-us/rates/data/?map=all-maps&role=All&rq=1&input=PC&region=Europe&tier=Master,"{'map': 'all-maps', 'role': 'All', 'rq': '1', 'input': 'PC', 'region': 'Europe', 'tier': 'Master'}",All,,Europe,,,pharah,Pharah,4.2,45.0,DAMAGE,2026-05-16 15:18:25.728179+00:00,2026_05_16
52,2025-08-29 14:39:08.024924994,https://overwatch.blizzard.com/en-us/rates/data/?map=all-maps&role=All&rq=1&input=PC&region=Europe&tier=Master,"{'map': 'all-maps', 'role': 'All', 'rq': '1', 'input': 'PC', 'region': 'Europe', 'tier': 'Master'}",All,,Europe,,,ramattra,Ramattra,3.4,45.9,TANK,2026-05-16 15:18:25.728179+00:00,2026_05_16
52,2025-08-29 14:39:08.024924994,https://overwatch.blizzard.com/en-us/rates/data/?map=all-maps&role=All&rq=1&input=PC&region=Europe&tier=Master,"{'map': 'all-maps', 'role': 'All', 'rq': '1', 'input': 'PC', 'region': 'Europe', 'tier': 'Master'}",All,,Europe,,,reaper,Reaper,5.4,51.5,DAMAGE,2026-05-16 15:18:25.728179+00:00,2026_05_16
52,2025-08-29 14:39:08.024924994,https://overwatch.blizzard.com/en-us/rates/data/?map=all-maps&role=All&rq=1&input=PC&region=Europe&tier=Master,"{'map': 'all-maps', 'role': 'All', 'rq': '1', 'input': 'PC', 'region': 'Europe', 'tier': 'Master'}",All,,Europe,,,reinhardt,Reinhardt,9.2,51.3,TANK,2026-05-16 15:18:25.728179+00:00,2026_05_16
52,2025-08-29 14:39:08.024924994,https://overwatch.blizzard.com/en-us/rates/data/?map=all-maps&role=All&rq=1&input=PC&region=Europe&tier=Master,"{'map': 'all-maps', 'role': 'All', 'rq': '1', 'input': 'PC', 'region': 'Europe', 'tier': 'Master'}",All,,Europe,,,roadhog,Roadhog,3.3,38.9,TANK,2026-05-16 15:18:25.728179+00:00,2026_05_16
52,2025-08-29 14:39:08.024924994,https://overwatch.blizzard.com/en-us/rates/data/?map=all-maps&role=All&rq=1&input=PC&region=Europe&tier=Master,"{'map': 'all-maps', 'role': 'All', 'rq': '1', 'input': 'PC', 'region': 'Europe', 'tier': 'Master'}",All,,Europe,,,sigma,Sigma,6.4,55.2,TANK,2026-05-16 15:18:25.728179+00:00,2026_05_16
52,2025-08-29 14:39:08.024924994,https://overwatch.blizzard.com/en-us/rates/data/?map=all-maps&role=All&rq=1&input=PC&region=Europe&tier=Master,"{'map': 'all-maps', 'role': 'All', 'rq': '1', 'input': 'PC', 'region': 'Europe', 'tier': 'Master'}",All,,Europe,,,sojourn,Sojourn,23.7,47.4,DAMAGE,2026-05-16 15:18:25.728179+00:00,2026_05_16
52,2025-08-29 14:39:08.024924994,https://overwatch.blizzard.com/en-us/rates/data/?map=all-maps&role=All&rq=1&input=PC&region=Europe&tier=Master,"{'map': 'all-maps', 'role': 'All', 'rq': '1', 'input': 'PC', 'region': 'Europe', 'tier': 'Master'}",All,,Europe,,,soldier-76,Soldier: 76,11.1,52.1,DAMAGE,2026-05-16 15:18:25.728179+00:00,2026_05_16
52,2025-08-29 14:39:08.024924994,https://overwatch.blizzard.com/en-us/rates/data/?map=all-maps&role=All&rq=1&input=PC&region=Europe&tier=Master,"{'map': 'all-maps', 'role': 'All', 'rq': '1', 'input': 'PC', 'region': 'Europe', 'tier': 'Master'}",All,,Europe,,,sombra,Sombra,3.4,45.2,DAMAGE,2026-05-16 15:18:25.728179+00:00,2026_05_16
52,2025-08-29 14:39:08.024924994,https://overwatch.blizzard.com/en-us/rates/data/?map=all-maps&role=All&rq=1&input=PC&region=Europe&tier=Master,"{'map': 'all-maps', 'role': 'All', 'rq': '1', 'input': 'PC', 'region': 'Europe', 'tier': 'Master'}",All,,Europe,,,symmetra,Symmetra,6.5,57.8,DAMAGE,2026-05-16 15:18:25.728179+00:00,2026_05_16
52,2025-08-29 14:39:08.024924994,https://overwatch.blizzard.com/en-us/rates/data/?map=all-maps&role=All&rq=1&input=PC&region=Europe&tier=Master,"{'map': 'all-maps', 'role': 'All', 'rq': '1', 'input': 'PC', 'region': 'Europe', 'tier': 'Master'}",All,,Europe,,,torbjorn,Torbjörn,3.0,42.0,DAMAGE,2026-05-16 15:18:25.728179+00:00,2026_05_16
52,2025-08-29 14:39:08.024924994,https://overwatch.blizzard.com/en-us/rates/data/?map=all-maps&role=All&rq=1&input=PC&region=Europe&tier=Master,"{'map': 'all-maps', 'role': 'All', 'rq': '1', 'input': 'PC', 'region': 'Europe', 'tier': 'Master'}",All,,Europe,,,tracer,Tracer,35.7,53.6,DAMAGE,2026-05-16 15:18:25.728179+00:00,2026_05_16
52,2025-08-29 14:39:08.024924994,https://overwatch.blizzard.com/en-us/rates/data/?map=all-maps&role=All&rq=1&input=PC&region=Europe&tier=Master,"{'map': 'all-maps', 'role': 'All', 'rq': '1', 'input': 'PC', 'region': 'Europe', 'tier': 'Master'}",All,,Europe,,,venture,Venture,7.8,49.4,DAMAGE,2026-05-16 15:18:25.728179+00:00,2026_05_16
52,2025-08-29 14:39:08.024924994,https://overwatch.blizzard.com/en-us/rates/data/?map=all-maps&role=All&rq=1&input=PC&region=Europe&tier=Master,"{'map': 'all-maps', 'role': 'All', 'rq': '1', 'input': 'PC', 'region': 'Europe', 'tier': 'Master'}",All,,Europe,,,widowmaker,Widowmaker,4.7,47.7,DAMAGE,2026-05-16 15:18:25.728179+00:00,2026_05_16
52,2025-08-29 14:39:08.024924994,https://overwatch.blizzard.com/en-us/rates/data/?map=all-maps&role=All&rq=1&input=PC&region=Europe&tier=Master,"{'map': 'all-maps', 'role': 'All', 'rq': '1', 'input': 'PC', 'region': 'Europe', 'tier': 'Master'}",All,,Europe,,,winston,Winston,7.7,48.9,TANK,2026-05-16 15:18:25.728179+00:00,2026_05_16
52,2025-08-29 14:39:08.024924994,https://overwatch.blizzard.com/en-us/rates/data/?map=all-maps&role=All&rq=1&input=PC&region=Europe&tier=Master,"{'map': 'all-maps', 'role': 'All', 'rq': '1', 'input': 'PC', 'region': 'Europe', 'tier': 'Master'}",All,,Europe,,,wrecking-ball,Wrecking Ball,6.0,54.7,TANK,2026-05-16 15:18:25.728179+00:00,2026_05_16
52,2025-08-29 14:39:08.024924994,https://overwatch.blizzard.com/en-us/rates/data/?map=all-maps&role=All&rq=1&input=PC&region=Europe&tier=Master,"{'map': 'all-maps', 'role': 'All', 'rq': '1', 'input': 'PC', 'region': 'Europe', 'tier': 'Master'}",All,,Europe,,,wuyang,Wuyang,41.9,55.6,SUPPORT,2026-05-16 15:18:25.728179+00:00,2026_05_16
52,2025-08-29 14:39:08.024924994,https://overwatch.blizzard.com/en-us/rates/data/?map=all-maps&role=All&rq=1&input=PC&region=Europe&tier=Master,"{'map': 'all-maps', 'role': 'All', 'rq': '1', 'input': 'PC', 'region': 'Europe', 'tier': 'Master'}",All,,Europe,,,zarya,Zarya,9.3,54.9,TANK,2026-05-16 15:18:25.728179+00:00,2026_05_16
52,2025-08-29 14:39:08.024924994,https://overwatch.blizzard.com/en-us/rates/data/?map=all-maps&role=All&rq=1&input=PC&region=Europe&tier=Master,"{'map': 'all-maps', 'role': 'All', 'rq': '1', 'input': 'PC', 'region': 'Europe', 'tier': 'Master'}",All,,Europe,,,zenyatta,Zenyatta,8.3,47.4,SUPPORT,2026-05-16 15:18:25.728179+00:00,2026_05_16
53,2025-08-29 14:39:08.282404900,https://overwatch.blizzard.com/en-us/rates/data/?map=all-maps&role=All&rq=1&input=PC&region=Europe&tier=Grandmaster,"{'map': 'all-maps', 'role': 'All', 'rq': '1', 'input': 'PC', 'region': 'Europe', 'tier': 'Grandmaster'}",All,,Europe,,,ana,Ana,31.7,52.9,SUPPORT,2026-05-16 15:18:25.728179+00:00,2026_05_16
53,2025-08-29 14:39:08.282404900,https://overwatch.blizzard.com/en-us/rates/data/?map=all-maps&role=All&rq=1&input=PC&region=Europe&tier=Grandmaster,"{'map': 'all-maps', 'role': 'All', 'rq': '1', 'input': 'PC', 'region': 'Europe', 'tier': 'Grandmaster'}",All,,Europe,,,ashe,Ashe,4.5,19.8,DAMAGE,2026-05-16 15:18:25.728179+00:00,2026_05_16
53,2025-08-29 14:39:08.282404900,https://overwatch.blizzard.com/en-us/rates/data/?map=all-maps&role=All&rq=1&input=PC&region=Europe&tier=Grandmaster,"{'map': 'all-maps', 'role': 'All', 'rq': '1', 'input': 'PC', 'region': 'Europe', 'tier': 'Grandmaster'}",All,,Europe,,,baptiste,Baptiste,23.6,55.5,SUPPORT,2026-05-16 15:18:25.728179+00:00,2026_05_16
53,2025-08-29 14:39:08.282404900,https://overwatch.blizzard.com/en-us/rates/data/?map=all-maps&role=All&rq=1&input=PC&region=Europe&tier=Grandmaster,"{'map': 'all-maps', 'role': 'All', 'rq': '1', 'input': 'PC', 'region': 'Europe', 'tier': 'Grandmaster'}",All,,Europe,,,bastion,Bastion,11.6,55.4,DAMAGE,2026-05-16 15:18:25.728179+00:00,2026_05_16
53,2025-08-29 14:39:08.282404900,https://overwatch.blizzard.com/en-us/rates/data/?map=all-maps&role=All&rq=1&input=PC&region=Europe&tier=Grandmaster,"{'map': 'all-maps', 'role': 'All', 'rq': '1', 'input': 'PC', 'region': 'Europe', 'tier': 'Grandmaster'}",All,,Europe,,,brigitte,Brigitte,12.3,30.6,SUPPORT,2026-05-16 15:18:25.728179+00:00,2026_05_16
53,2025-08-29 14:39:08.282404900,https://overwatch.blizzard.com/en-us/rates/data/?map=all-maps&role=All&rq=1&input=PC&region=Europe&tier=Grandmaster,"{'map': 'all-maps', 'role': 'All', 'rq': '1', 'input': 'PC', 'region': 'Europe', 'tier': 'Grandmaster'}",All,,Europe,,,cassidy,Cassidy,32.4,58.6,DAMAGE,2026-05-16 15:18:25.728179+00:00,2026_05_16
53,2025-08-29 14:39:08.282404900,https://overwatch.blizzard.com/en-us/rates/data/?map=all-maps&role=All&rq=1&input=PC&region=Europe&tier=Grandmaster,"{'map': 'all-maps', 'role': 'All', 'rq': '1', 'input': 'PC', 'region': 'Europe', 'tier': 'Grandmaster'}",All,,Europe,,,dva,D.Va,10.5,49.8,TANK,2026-05-16 15:18:25.728179+00:00,2026_05_16
53,2025-08-29 14:39:08.282404900,https://overwatch.blizzard.com/en-us/rates/data/?map=all-maps&role=All&rq=1&input=PC&region=Europe&tier=Grandmaster,"{'map': 'all-maps', 'role': 'All', 'rq': '1', 'input': 'PC', 'region': 'Europe', 'tier': 'Grandmaster'}",All,,Europe,,,doomfist,Doomfist,1.8,66.8,TANK,2026-05-16 15:18:25.728179+00:00,2026_05_16
53,2025-08-29 14:39:08.282404900,https://overwatch.blizzard.com/en-us/rates/data/?map=all-maps&role=All&rq=1&input=PC&region=Europe&tier=Grandmaster,"{'map': 'all-maps', 'role': 'All', 'rq': '1', 'input': 'PC', 'region': 'Europe', 'tier': 'Grandmaster'}",All,,Europe,,,echo,Echo,11.3,48.5,DAMAGE,2026-05-16 15:18:25.728179+00:00,2026_05_16
53,2025-08-29 14:39:08.282404900,https://overwatch.blizzard.com/en-us/rates/data/?map=all-maps&role=All&rq=1&input=PC&region=Europe&tier=Grandmaster,"{'map': 'all-maps', 'role': 'All', 'rq': '1', 'input': 'PC', 'region': 'Europe', 'tier': 'Grandmaster'}",All,,Europe,,,freja,Freja,19.2,52.2,DAMAGE,2026-05-16 15:18:25.728179+00:00,2026_05_16
53,2025-08-29 14:39:08.282404900,https://overwatch.blizzard.com/en-us/rates/data/?map=all-maps&role=All&rq=1&input=PC&region=Europe&tier=Grandmaster,"{'map': 'all-maps', 'role': 'All', 'rq': '1', 'input': 'PC', 'region': 'Europe', 'tier': 'Grandmaster'}",All,,Europe,,,genji,Genji,25.3,56.1,DAMAGE,2026-05-16 15:18:25.728179+00:00,2026_05_16
53,2025-08-29 14:39:08.282404900,https://overwatch.blizzard.com/en-us/rates/data/?map=all-maps&role=All&rq=1&input=PC&region=Europe&tier=Grandmaster,"{'map': 'all-maps', 'role': 'All', 'rq': '1', 'input': 'PC', 'region': 'Europe', 'tier': 'Grandmaster'}",All,,Europe,,,hanzo,Hanzo,13.5,45.2,DAMAGE,2026-05-16 15:18:25.728179+00:00,2026_05_16
53,2025-08-29 14:39:08.282404900,https://overwatch.blizzard.com/en-us/rates/data/?map=all-maps&role=All&rq=1&input=PC&region=Europe&tier=Grandmaster,"{'map': 'all-maps', 'role': 'All', 'rq': '1', 'input': 'PC', 'region': 'Europe', 'tier': 'Grandmaster'}",All,,Europe,,,hazard,Hazard,21.9,40.3,TANK,2026-05-16 15:18:25.728179+00:00,2026_05_16
53,2025-08-29 14:39:08.282404900,https://overwatch.blizzard.com/en-us/rates/data/?map=all-maps&role=All&rq=1&input=PC&region=Europe&tier=Grandmaster,"{'map': 'all-maps', 'role': 'All', 'rq': '1', 'input': 'PC', 'region': 'Europe', 'tier': 'Grandmaster'}",All,,Europe,,,illari,Illari,14.8,89.5,SUPPORT,2026-05-16 15:18:25.728179+00:00,2026_05_16
53,2025-08-29 14:39:08.282404900,https://overwatch.blizzard.com/en-us/rates/data/?map=all-maps&role=All&rq=1&input=PC&region=Europe&tier=Grandmaster,"{'map': 'all-maps', 'role': 'All', 'rq': '1', 'input': 'PC', 'region': 'Europe', 'tier': 'Grandmaster'}",All,,Europe,,,junker-queen,Junker Queen,11.1,36.0,TANK,2026-05-16 15:18:25.728179+00:00,2026_05_16
53,2025-08-29 14:39:08.282404900,https://overwatch.blizzard.com/en-us/rates/data/?map=all-maps&role=All&rq=1&input=PC&region=Europe&tier=Grandmaster,"{'map': 'all-maps', 'role': 'All', 'rq': '1', 'input': 'PC', 'region': 'Europe', 'tier': 'Grandmaster'}",All,,Europe,,,junkrat,Junkrat,21.3,53.4,DAMAGE,2026-05-16 15:18:25.728179+00:00,2026_05_16
53,2025-08-29 14:39:08.282404900,https://overwatch.blizzard.com/en-us/rates/data/?map=all-maps&role=All&rq=1&input=PC&region=Europe&tier=Grandmaster,"{'map': 'all-maps', 'role': 'All', 'rq': '1', 'input': 'PC', 'region': 'Europe', 'tier': 'Grandmaster'}",All,,Europe,,,juno,Juno,3.1,23.3,SUPPORT,2026-05-16 15:18:25.728179+00:00,2026_05_16
53,2025-08-29 14:39:08.282404900,https://overwatch.blizzard.com/en-us/rates/data/?map=all-maps&role=All&rq=1&input=PC&region=Europe&tier=Grandmaster,"{'map': 'all-maps', 'role': 'All', 'rq': '1', 'input': 'PC', 'region': 'Europe', 'tier': 'Grandmaster'}",All,,Europe,,,kiriko,Kiriko,63.1,64.0,SUPPORT,2026-05-16 15:18:25.728179+00:00,2026_05_16
53,2025-08-29 14:39:08.282404900,https://overwatch.blizzard.com/en-us/rates/data/?map=all-maps&role=All&rq=1&input=PC&region=Europe&tier=Grandmaster,"{'map': 'all-maps', 'role': 'All', 'rq': '1', 'input': 'PC', 'region': 'Europe', 'tier': 'Grandmaster'}",All,,Europe,,,lifeweaver,Lifeweaver,-1.0,-1.0,SUPPORT,2026-05-16 15:18:25.728179+00:00,2026_05_16
53,2025-08-29 14:39:08.282404900,https://overwatch.blizzard.com/en-us/rates/data/?map=all-maps&role=All&rq=1&input=PC&region=Europe&tier=Grandmaster,"{'map': 'all-maps', 'role': 'All', 'rq': '1', 'input': 'PC', 'region': 'Europe', 'tier': 'Grandmaster'}",All,,Europe,,,lucio,Lúcio,18.7,24.2,SUPPORT,2026-05-16 15:18:25.728179+00:00,2026_05_16
53,2025-08-29 14:39:08.282404900,https://overwatch.blizzard.com/en-us/rates/data/?map=all-maps&role=All&rq=1&input=PC&region=Europe&tier=Grandmaster,"{'map': 'all-maps', 'role': 'All', 'rq': '1', 'input': 'PC', 'region': 'Europe', 'tier': 'Grandmaster'}",All,,Europe,,,mauga,Mauga,7.9,39.4,TANK,2026-05-16 15:18:25.728179+00:00,2026_05_16
53,2025-08-29 14:39:08.282404900,https://overwatch.blizzard.com/en-us/rates/data/?map=all-maps&role=All&rq=1&input=PC&region=Europe&tier=Grandmaster,"{'map': 'all-maps', 'role': 'All', 'rq': '1', 'input': 'PC', 'region': 'Europe', 'tier': 'Grandmaster'}",All,,Europe,,,mei,Mei,7.2,8.4,DAMAGE,2026-05-16 15:18:25.728179+00:00,2026_05_16
53,2025-08-29 14:39:08.282404900,https://overwatch.blizzard.com/en-us/rates/data/?map=all-maps&role=All&rq=1&input=PC&region=Europe&tier=Grandmaster,"{'map': 'all-maps', 'role': 'All', 'rq': '1', 'input': 'PC', 'region': 'Europe', 'tier': 'Grandmaster'}",All,,Europe,,,mercy,Mercy,7.2,58.2,SUPPORT,2026-05-16 15:18:25.728179+00:00,2026_05_16
53,2025-08-29 14:39:08.282404900,https://overwatch.blizzard.com/en-us/rates/data/?map=all-maps&role=All&rq=1&input=PC&region=Europe&tier=Grandmaster,"{'map': 'all-maps', 'role': 'All', 'rq': '1', 'input': 'PC', 'region': 'Europe', 'tier': 'Grandmaster'}",All,,Europe,,,moira,Moira,12.6,37.7,SUPPORT,2026-05-16 15:18:25.728179+00:00,2026_05_16
53,2025-08-29 14:39:08.282404900,https://overwatch.blizzard.com/en-us/rates/data/?map=all-maps&role=All&rq=1&input=PC&region=Europe&tier=Grandmaster,"{'map': 'all-maps', 'role': 'All', 'rq': '1', 'input': 'PC', 'region': 'Europe', 'tier': 'Grandmaster'}",All,,Europe,,,orisa,Orisa,22.5,46.9,TANK,2026-05-16 15:18:25.728179+00:00,2026_05_16
53,2025-08-29 14:39:08.282404900,https://overwatch.blizzard.com/en-us/rates/data/?map=all-maps&role=All&rq=1&input=PC&region=Europe&tier=Grandmaster,"{'map': 'all-maps', 'role': 'All', 'rq': '1', 'input': 'PC', 'region': 'Europe', 'tier': 'Grandmaster'}",All,,Europe,,,pharah,Pharah,8.3,46.8,DAMAGE,2026-05-16 15:18:25.728179+00:00,2026_05_16
53,2025-08-29 14:39:08.282404900,https://overwatch.blizzard.com/en-us/rates/data/?map=all-maps&role=All&rq=1&input=PC&region=Europe&tier=Grandmaster,"{'map': 'all-maps', 'role': 'All', 'rq': '1', 'input': 'PC', 'region': 'Europe', 'tier': 'Grandmaster'}",All,,Europe,,,ramattra,Ramattra,25.5,63.8,TANK,2026-05-16 15:18:25.728179+00:00,2026_05_16
53,2025-08-29 14:39:08.282404900,https://overwatch.blizzard.com/en-us/rates/data/?map=all-maps&role=All&rq=1&input=PC&region=Europe&tier=Grandmaster,"{'map': 'all-maps', 'role': 'All', 'rq': '1', 'input': 'PC', 'region': 'Europe', 'tier': 'Grandmaster'}",All,,Europe,,,reaper,Reaper,23.7,55.6,DAMAGE,2026-05-16 15:18:25.728179+00:00,2026_05_16
53,2025-08-29 14:39:08.282404900,https://overwatch.blizzard.com/en-us/rates/data/?map=all-maps&role=All&rq=1&input=PC&region=Europe&tier=Grandmaster,"{'map': 'all-maps', 'role': 'All', 'rq': '1', 'input': 'PC', 'region': 'Europe', 'tier': 'Grandmaster'}",All,,Europe,,,reinhardt,Reinhardt,5.7,0.0,TANK,2026-05-16 15:18:25.728179+00:00,2026_05_16
53,2025-08-29 14:39:08.282404900,https://overwatch.blizzard.com/en-us/rates/data/?map=all-maps&role=All&rq=1&input=PC&region=Europe&tier=Grandmaster,"{'map': 'all-maps', 'role': 'All', 'rq': '1', 'input': 'PC', 'region': 'Europe', 'tier': 'Grandmaster'}",All,,Europe,,,roadhog,Roadhog,6.4,65.2,TANK,2026-05-16 15:18:25.728179+00:00,2026_05_16
53,2025-08-29 14:39:08.282404900,https://overwatch.blizzard.com/en-us/rates/data/?map=all-maps&role=All&rq=1&input=PC&region=Europe&tier=Grandmaster,"{'map': 'all-maps', 'role': 'All', 'rq': '1', 'input': 'PC', 'region': 'Europe', 'tier': 'Grandmaster'}",All,,Europe,,,sigma,Sigma,12.0,77.8,TANK,2026-05-16 15:18:25.728179+00:00,2026_05_16
53,2025-08-29 14:39:08.282404900,https://overwatch.blizzard.com/en-us/rates/data/?map=all-maps&role=All&rq=1&input=PC&region=Europe&tier=Grandmaster,"{'map': 'all-maps', 'role': 'All', 'rq': '1', 'input': 'PC', 'region': 'Europe', 'tier': 'Grandmaster'}",All,,Europe,,,sojourn,Sojourn,21.9,39.2,DAMAGE,2026-05-16 15:18:25.728179+00:00,2026_05_16
53,2025-08-29 14:39:08.282404900,https://overwatch.blizzard.com/en-us/rates/data/?map=all-maps&role=All&rq=1&input=PC&region=Europe&tier=Grandmaster,"{'map': 'all-maps', 'role': 'All', 'rq': '1', 'input': 'PC', 'region': 'Europe', 'tier': 'Grandmaster'}",All,,Europe,,,soldier-76,Soldier: 76,10.0,21.2,DAMAGE,2026-05-16 15:18:25.728179+00:00,2026_05_16
53,2025-08-29 14:39:08.282404900,https://overwatch.blizzard.com/en-us/rates/data/?map=all-maps&role=All&rq=1&input=PC&region=Europe&tier=Grandmaster,"{'map': 'all-maps', 'role': 'All', 'rq': '1', 'input': 'PC', 'region': 'Europe', 'tier': 'Grandmaster'}",All,,Europe,,,sombra,Sombra,1.8,10.9,DAMAGE,2026-05-16 15:18:25.728179+00:00,2026_05_16
53,2025-08-29 14:39:08.282404900,https://overwatch.blizzard.com/en-us/rates/data/?map=all-maps&role=All&rq=1&input=PC&region=Europe&tier=Grandmaster,"{'map': 'all-maps', 'role': 'All', 'rq': '1', 'input': 'PC', 'region': 'Europe', 'tier': 'Grandmaster'}",All,,Europe,,,symmetra,Symmetra,7.2,52.5,DAMAGE,2026-05-16 15:18:25.728179+00:00,2026_05_16
53,2025-08-29 14:39:08.282404900,https://overwatch.blizzard.com/en-us/rates/data/?map=all-maps&role=All&rq=1&input=PC&region=Europe&tier=Grandmaster,"{'map': 'all-maps', 'role': 'All', 'rq': '1', 'input': 'PC', 'region': 'Europe', 'tier': 'Grandmaster'}",All,,Europe,,,torbjorn,Torbjörn,1.4,0.0,DAMAGE,2026-05-16 15:18:25.728179+00:00,2026_05_16
53,2025-08-29 14:39:08.282404900,https://overwatch.blizzard.com/en-us/rates/data/?map=all-maps&role=All&rq=1&input=PC&region=Europe&tier=Grandmaster,"{'map': 'all-maps', 'role': 'All', 'rq': '1', 'input': 'PC', 'region': 'Europe', 'tier': 'Grandmaster'}",All,,Europe,,,tracer,Tracer,54.7,53.5,DAMAGE,2026-05-16 15:18:25.728179+00:00,2026_05_16
53,2025-08-29 14:39:08.282404900,https://overwatch.blizzard.com/en-us/rates/data/?map=all-maps&role=All&rq=1&input=PC&region=Europe&tier=Grandmaster,"{'map': 'all-maps', 'role': 'All', 'rq': '1', 'input': 'PC', 'region': 'Europe', 'tier': 'Grandmaster'}",All,,Europe,,,venture,Venture,16.0,62.0,DAMAGE,2026-05-16 15:18:25.728179+00:00,2026_05_16
53,2025-08-29 14:39:08.282404900,https://overwatch.blizzard.com/en-us/rates/data/?map=all-maps&role=All&rq=1&input=PC&region=Europe&tier=Grandmaster,"{'map': 'all-maps', 'role': 'All', 'rq': '1', 'input': 'PC', 'region': 'Europe', 'tier': 'Grandmaster'}",All,,Europe,,,widowmaker,Widowmaker,10.9,43.3,DAMAGE,2026-05-16 15:18:25.728179+00:00,2026_05_16
53,2025-08-29 14:39:08.282404900,https://overwatch.blizzard.com/en-us/rates/data/?map=all-maps&role=All&rq=1&input=PC&region=Europe&tier=Grandmaster,"{'map': 'all-maps', 'role': 'All', 'rq': '1', 'input': 'PC', 'region': 'Europe', 'tier': 'Grandmaster'}",All,,Europe,,,winston,Winston,15.6,53.5,TANK,2026-05-16 15:18:25.728179+00:00,2026_05_16
53,2025-08-29 14:39:08.282404900,https://overwatch.blizzard.com/en-us/rates/data/?map=all-maps&role=All&rq=1&input=PC&region=Europe&tier=Grandmaster,"{'map': 'all-maps', 'role': 'All', 'rq': '1', 'input': 'PC', 'region': 'Europe', 'tier': 'Grandmaster'}",All,,Europe,,,wrecking-ball,Wrecking Ball,12.7,29.2,TANK,2026-05-16 15:18:25.728179+00:00,2026_05_16
53,2025-08-29 14:39:08.282404900,https://overwatch.blizzard.com/en-us/rates/data/?map=all-maps&role=All&rq=1&input=PC&region=Europe&tier=Grandmaster,"{'map': 'all-maps', 'role': 'All', 'rq': '1', 'input': 'PC', 'region': 'Europe', 'tier': 'Grandmaster'}",All,,Europe,,,wuyang,Wuyang,68.2,53.1,SUPPORT,2026-05-16 15:18:25.728179+00:00,2026_05_16
53,2025-08-29 14:39:08.282404900,https://overwatch.blizzard.com/en-us/rates/data/?map=all-maps&role=All&rq=1&input=PC&region=Europe&tier=Grandmaster,"{'map': 'all-maps', 'role': 'All', 'rq': '1', 'input': 'PC', 'region': 'Europe', 'tier': 'Grandmaster'}",All,,Europe,,,zarya,Zarya,15.9,67.1,TANK,2026-05-16 15:18:25.728179+00:00,2026_05_16
53,2025-08-29 14:39:08.282404900,https://overwatch.blizzard.com/en-us/rates/data/?map=all-maps&role=All&rq=1&input=PC&region=Europe&tier=Grandmaster,"{'map': 'all-maps', 'role': 'All', 'rq': '1', 'input': 'PC', 'region': 'Europe', 'tier': 'Grandmaster'}",All,,Europe,,,zenyatta,Zenyatta,11.1,35.0,SUPPORT,2026-05-16 15:18:25.728179+00:00,2026_05_16
